[
    {
        "rest_id": "1493002298364100609",
        "like_count": 4,
        "quote_count": 0,
        "reply_count": 0,
        "retweet_count": 0,
        "bookmark_count": 0,
        "content": "@DrStrange GUYS OMG IM DYING",
        "hashtags": []
    },
    {
        "rest_id": "1493003486996353025",
        "like_count": 8,
        "quote_count": 0,
        "reply_count": 1,
        "retweet_count": 0,
        "bookmark_count": 0,
        "content": "@DrStrange I know professor x head damn well \ud83d\ude4f https://t.co/DSZGIzR23s",
        "hashtags": []
    },
    {
        "rest_id": "1493001479606648837",
        "like_count": 1,
        "quote_count": 0,
        "reply_count": 2,
        "retweet_count": 0,
        "bookmark_count": 0,
        "content": "@DrStrange @MrPedro106 MANOEL",
        "hashtags": []
    },
    {
        "rest_id": "1493002318534557701",
        "like_count": 1,
        "quote_count": 0,
        "reply_count": 0,
        "retweet_count": 0,
        "bookmark_count": 0,
        "content": "@DrStrange Wanda and strange fighting I need it \ud83d\ude29",
        "hashtags": []
    },
    {
        "rest_id": "1493006257803964420",
        "like_count": 23,
        "quote_count": 0,
        "reply_count": 0,
        "retweet_count": 2,
        "bookmark_count": 3,
        "content": "@DrStrange LOVE OF MY LIFE !!!!!!  https://t.co/Sc2a2RZ45J",
        "hashtags": []
    },
    {
        "rest_id": "1493006142917722127",
        "like_count": 1,
        "quote_count": 0,
        "reply_count": 0,
        "retweet_count": 0,
        "bookmark_count": 0,
        "content": "@DrStrange finish the work and see this is just https://t.co/E4TWWjvFz5",
        "hashtags": []
    },
    {
        "rest_id": "1493000597456527366",
        "like_count": 0,
        "quote_count": 0,
        "reply_count": 0,
        "retweet_count": 0,
        "bookmark_count": 0,
        "content": "@DrStrange Let's go",
        "hashtags": []
    },
    {
        "rest_id": "1493008843479130112",
        "like_count": 7,
        "quote_count": 0,
        "reply_count": 1,
        "retweet_count": 0,
        "bookmark_count": 0,
        "content": "@DrStrange Why is Wanda talking down to Strange as if she was treated unfairly. She kidnapped an entire town.",
        "hashtags": []
    },
    {
        "rest_id": "1493031958821097473",
        "like_count": 2,
        "quote_count": 0,
        "reply_count": 0,
        "retweet_count": 0,
        "bookmark_count": 0,
        "content": "@DrStrange Se t\u00e1 doido",
        "hashtags": []
    },
    {
        "rest_id": "1493002929443377154",
        "like_count": 2,
        "quote_count": 0,
        "reply_count": 1,
        "retweet_count": 0,
        "bookmark_count": 0,
        "content": "@DrStrange Miraaaaaaaa @adryx_virgis",
        "hashtags": []
    },
    {
        "rest_id": "1493001236030930951",
        "like_count": 0,
        "quote_count": 0,
        "reply_count": 0,
        "retweet_count": 0,
        "bookmark_count": 0,
        "content": "@DrStrange WHAT THE FUCK",
        "hashtags": []
    },
    {
        "rest_id": "1493006726148378625",
        "like_count": 8,
        "quote_count": 0,
        "reply_count": 0,
        "retweet_count": 0,
        "bookmark_count": 1,
        "content": "@DrStrange The Multiverse Madness\nIs already a hit\n\ud83d\udc4f\ud83c\udffc https://t.co/IIZecXxBfO",
        "hashtags": []
    },
    {
        "rest_id": "1493005678113439752",
        "like_count": 1,
        "quote_count": 0,
        "reply_count": 0,
        "retweet_count": 0,
        "bookmark_count": 0,
        "content": "@DrStrange @LUCY_EW88",
        "hashtags": []
    },
    {
        "rest_id": "1493007204898779139",
        "like_count": 1,
        "quote_count": 0,
        "reply_count": 0,
        "retweet_count": 0,
        "bookmark_count": 0,
        "content": "@DrStrange Was an honour to work on this. People think Spider-Man No way home was good. Just wait.",
        "hashtags": []
    },
    {
        "rest_id": "1493006538952351744",
        "like_count": 19,
        "quote_count": 0,
        "reply_count": 1,
        "retweet_count": 0,
        "bookmark_count": 0,
        "content": "@DrStrange FUCK ME UP",
        "hashtags": []
    },
    {
        "rest_id": "1493008953629765634",
        "like_count": 0,
        "quote_count": 0,
        "reply_count": 1,
        "retweet_count": 0,
        "bookmark_count": 0,
        "content": "@DrStrange @gakgitujugagif @Fedianto_BEFI",
        "hashtags": []
    },
    {
        "rest_id": "1493008191319416839",
        "like_count": 11,
        "quote_count": 0,
        "reply_count": 0,
        "retweet_count": 2,
        "bookmark_count": 1,
        "content": "@DrStrange LET IT GO DOWN \ud83d\udd25\n\nhttps://t.co/eqkVc7DbFR",
        "hashtags": []
    },
    {
        "rest_id": "1493001470731591687",
        "like_count": 113,
        "quote_count": 0,
        "reply_count": 1,
        "retweet_count": 10,
        "bookmark_count": 2,
        "content": "@DrStrange BITCHJWKRKGKKG https://t.co/VhJJ88eGC3",
        "hashtags": []
    },
    {
        "rest_id": "1493013093063999488",
        "like_count": 0,
        "quote_count": 0,
        "reply_count": 2,
        "retweet_count": 0,
        "bookmark_count": 0,
        "content": "@DrStrange @edrdolvr @jvppena hmm",
        "hashtags": []
    },
    {
        "rest_id": "1493013322832224262",
        "like_count": 1,
        "quote_count": 0,
        "reply_count": 1,
        "retweet_count": 0,
        "bookmark_count": 0,
        "content": "@DrStrange we nEED TO SEE THIS OPENING DAY OH MY FKING GOD @bedemindra",
        "hashtags": []
    },
    {
        "rest_id": "1493006867655766019",
        "like_count": 0,
        "quote_count": 0,
        "reply_count": 1,
        "retweet_count": 0,
        "bookmark_count": 0,
        "content": "@DrStrange @q155y BROOOOOOOOOO ______ IS BACKKK??? \ud83d\ude2d\ud83d\ude2d\ud83d\ude2d\ud83d\ude2d",
        "hashtags": []
    },
    {
        "rest_id": "1493001373889310722",
        "like_count": 0,
        "quote_count": 0,
        "reply_count": 0,
        "retweet_count": 0,
        "bookmark_count": 0,
        "content": "@DrStrange El mejor",
        "hashtags": []
    },
    {
        "rest_id": "1493002470435561481",
        "like_count": 2,
        "quote_count": 0,
        "reply_count": 1,
        "retweet_count": 0,
        "bookmark_count": 0,
        "content": "@DrStrange @duawknd MARVEL FANS PLS VOTE FPR CEREJA \ud83c\udf52 NOWWWWW",
        "hashtags": []
    },
    {
        "rest_id": "1493001151142322181",
        "like_count": 0,
        "quote_count": 0,
        "reply_count": 0,
        "retweet_count": 0,
        "bookmark_count": 0,
        "content": "@DrStrange OH MY FUCKING GOD",
        "hashtags": []
    },
    {
        "rest_id": "1493004434829242368",
        "like_count": 1,
        "quote_count": 0,
        "reply_count": 0,
        "retweet_count": 0,
        "bookmark_count": 0,
        "content": "@DrStrange YEJDBDGEBEHDUEHEHDHHER",
        "hashtags": []
    },
    {
        "rest_id": "1493009669165625353",
        "like_count": 3,
        "quote_count": 0,
        "reply_count": 1,
        "retweet_count": 0,
        "bookmark_count": 0,
        "content": "@DrStrange Band https://t.co/9nvFAKUG6e",
        "hashtags": []
    },
    {
        "rest_id": "1493005595238096905",
        "like_count": 0,
        "quote_count": 0,
        "reply_count": 1,
        "retweet_count": 0,
        "bookmark_count": 0,
        "content": "@DrStrange A Wanda feliz que vai ser morta \ud83d\ude2a",
        "hashtags": []
    },
    {
        "rest_id": "1493003945916121090",
        "like_count": 1,
        "quote_count": 0,
        "reply_count": 1,
        "retweet_count": 0,
        "bookmark_count": 0,
        "content": "@DrStrange @vvitchfire",
        "hashtags": []
    },
    {
        "rest_id": "1493013727888744452",
        "like_count": 0,
        "quote_count": 0,
        "reply_count": 0,
        "retweet_count": 0,
        "bookmark_count": 0,
        "content": "@DrStrange Fya",
        "hashtags": []
    },
    {
        "rest_id": "1493001578982297608",
        "like_count": 1,
        "quote_count": 0,
        "reply_count": 0,
        "retweet_count": 0,
        "bookmark_count": 0,
        "content": "@DrStrange @ThiagoCostaX",
        "hashtags": []
    },
    {
        "rest_id": "1493003101300662277",
        "like_count": 371,
        "quote_count": 32,
        "reply_count": 58,
        "retweet_count": 20,
        "bookmark_count": 4,
        "content": "@DrStrange WHO IS THIS?! \ud83d\udd75\ud83c\udffe https://t.co/5EQpNBTS5i",
        "hashtags": []
    },
    {
        "rest_id": "1493008193697591299",
        "like_count": 1,
        "quote_count": 0,
        "reply_count": 1,
        "retweet_count": 0,
        "bookmark_count": 0,
        "content": "@DrStrange @_paahdiniz @_paahdiniz @_paahdiniz",
        "hashtags": []
    },
    {
        "rest_id": "1493000450521677826",
        "like_count": 0,
        "quote_count": 0,
        "reply_count": 0,
        "retweet_count": 0,
        "bookmark_count": 0,
        "content": "@DrStrange WE WON",
        "hashtags": []
    },
    {
        "rest_id": "1493001533197209600",
        "like_count": 1,
        "quote_count": 0,
        "reply_count": 1,
        "retweet_count": 0,
        "bookmark_count": 0,
        "content": "@DrStrange @agussquinters",
        "hashtags": []
    },
    {
        "rest_id": "1493001227910762501",
        "like_count": 0,
        "quote_count": 0,
        "reply_count": 0,
        "retweet_count": 0,
        "bookmark_count": 0,
        "content": "@DrStrange IS THAT PAT?",
        "hashtags": []
    },
    {
        "rest_id": "1493004016212664324",
        "like_count": 1,
        "quote_count": 0,
        "reply_count": 0,
        "retweet_count": 0,
        "bookmark_count": 0,
        "content": "@DrStrange I CANT BREATHE",
        "hashtags": []
    },
    {
        "rest_id": "1493009027911012353",
        "like_count": 5,
        "quote_count": 0,
        "reply_count": 0,
        "retweet_count": 0,
        "bookmark_count": 0,
        "content": "@DrStrange https://t.co/mRxGOpVV0U",
        "hashtags": []
    },
    {
        "rest_id": "1493002038560665609",
        "like_count": 2,
        "quote_count": 0,
        "reply_count": 2,
        "retweet_count": 0,
        "bookmark_count": 0,
        "content": "@DrStrange @91edvinlovr HOLY SHIT",
        "hashtags": []
    },
    {
        "rest_id": "1493008713887666177",
        "like_count": 8,
        "quote_count": 0,
        "reply_count": 0,
        "retweet_count": 1,
        "bookmark_count": 0,
        "content": "@DrStrange WOOOWWWWW https://t.co/xd9HvSJGsu",
        "hashtags": []
    },
    {
        "rest_id": "1493004711112298497",
        "like_count": 1,
        "quote_count": 0,
        "reply_count": 1,
        "retweet_count": 0,
        "bookmark_count": 0,
        "content": "@DrStrange @honkdevi I KNOW WHAT WE ARE DOING MAY 6TH",
        "hashtags": []
    },
    {
        "rest_id": "1493021717341556736",
        "like_count": 0,
        "quote_count": 0,
        "reply_count": 0,
        "retweet_count": 0,
        "bookmark_count": 0,
        "content": "@DrStrange \u0627\u0648\u0644\u0647 \ud83d\udd25\ud83d\udd25\ud83d\udd25\ud83d\udd25\ud83d\udd25\ud83d\udd25\ud83d\udd25\ud83d\udd25\ud83d\udd25",
        "hashtags": []
    },
    {
        "rest_id": "1493002339808067603",
        "like_count": 7,
        "quote_count": 0,
        "reply_count": 0,
        "retweet_count": 1,
        "bookmark_count": 0,
        "content": "@DrStrange Bring it onnnnnn!! #DoctorStrange2 #DoctorStrange #ScarletWitch https://t.co/3flZh2UMVj",
        "hashtags": [
            {
                "indices": [30, 45],
                "text": "DoctorStrange2"
            },
            {
                "indices": [46, 60],
                "text": "DoctorStrange"
            },
            {
                "indices": [61, 74],
                "text": "ScarletWitch"
            }
        ]
    },
    {
        "rest_id": "1493003161660903426",
        "like_count": 64,
        "quote_count": 0,
        "reply_count": 1,
        "retweet_count": 4,
        "bookmark_count": 1,
        "content": "@DrStrange holy shit\n\ncant wait for wanda's movie https://t.co/gmsD1TdrRA",
        "hashtags": []
    },
    {
        "rest_id": "1493001632598327297",
        "like_count": 0,
        "quote_count": 0,
        "reply_count": 1,
        "retweet_count": 0,
        "bookmark_count": 0,
        "content": "@DrStrange @SaveMyVideo",
        "hashtags": []
    },
    {
        "rest_id": "1493004572020908039",
        "like_count": 1,
        "quote_count": 0,
        "reply_count": 0,
        "retweet_count": 0,
        "bookmark_count": 0,
        "content": "@DrStrange Don't get high on drugs for this movie, get hight on the visual effects! This looks even more trippy than the first film.....can't wait!!",
        "hashtags": []
    },
    {
        "rest_id": "1493002613931057152",
        "like_count": 0,
        "quote_count": 0,
        "reply_count": 0,
        "retweet_count": 0,
        "bookmark_count": 0,
        "content": "@DrStrange Omg I can\u2019t wait :)",
        "hashtags": []
    },
    {
        "rest_id": "1493003675488374785",
        "like_count": 1,
        "quote_count": 0,
        "reply_count": 0,
        "retweet_count": 0,
        "bookmark_count": 0,
        "content": "@DrStrange WOAH",
        "hashtags": []
    },
    {
        "rest_id": "1493002197847662609",
        "like_count": 2,
        "quote_count": 0,
        "reply_count": 0,
        "retweet_count": 0,
        "bookmark_count": 0,
        "content": "@DrStrange @SirPatStew ?!?!?!?!?!?!  Professor X?!?!?!?! https://t.co/EVDDfbZJin",
        "hashtags": []
    },
    {
        "rest_id": "1493008272747548674",
        "like_count": 1,
        "quote_count": 0,
        "reply_count": 0,
        "retweet_count": 0,
        "bookmark_count": 0,
        "content": "@DrStrange BAFORA PORRA",
        "hashtags": []
    },
    {
        "rest_id": "1493002872761556994",
        "like_count": 0,
        "quote_count": 0,
        "reply_count": 0,
        "retweet_count": 0,
        "bookmark_count": 0,
        "content": "@DrStrange that's really cool",
        "hashtags": []
    },
    {
        "rest_id": "1493004209964429316",
        "like_count": 0,
        "quote_count": 0,
        "reply_count": 1,
        "retweet_count": 0,
        "bookmark_count": 0,
        "content": "@DrStrange @thawezt",
        "hashtags": []
    },
    {
        "rest_id": "1493149238775193601",
        "like_count": 1,
        "quote_count": 0,
        "reply_count": 1,
        "retweet_count": 0,
        "bookmark_count": 0,
        "content": "@DrStrange Craaaaazyyyyy... I'm yet to play it though \ud83d\ude02",
        "hashtags": []
    },
    {
        "rest_id": "1493007454904459269",
        "like_count": 1,
        "quote_count": 0,
        "reply_count": 1,
        "retweet_count": 0,
        "bookmark_count": 0,
        "content": "@DrStrange @fcdjunior amoooor",
        "hashtags": []
    },
    {
        "rest_id": "1493004170621865992",
        "like_count": 0,
        "quote_count": 0,
        "reply_count": 0,
        "retweet_count": 0,
        "bookmark_count": 0,
        "content": "@DrStrange @ThatyS16 AMIGAAAAAAA",
        "hashtags": []
    },
    {
        "rest_id": "1493000925161529344",
        "like_count": 58,
        "quote_count": 1,
        "reply_count": 11,
        "retweet_count": 0,
        "bookmark_count": 0,
        "content": "@DrStrange Got potential to be a very good movie. We\u2019ll see. I didn\u2019t like the first doctor strange.",
        "hashtags": []
    },
    {
        "rest_id": "1493000539235360771",
        "like_count": 0,
        "quote_count": 0,
        "reply_count": 0,
        "retweet_count": 0,
        "bookmark_count": 0,
        "content": "@DrStrange LETSSSSS GOOOOO",
        "hashtags": []
    },
    {
        "rest_id": "1493000798006956033",
        "like_count": 1,
        "quote_count": 0,
        "reply_count": 1,
        "retweet_count": 0,
        "bookmark_count": 0,
        "content": "@DrStrange @shitheadkanekii",
        "hashtags": []
    },
    {
        "rest_id": "1493003822993707008",
        "like_count": 1,
        "quote_count": 0,
        "reply_count": 1,
        "retweet_count": 0,
        "bookmark_count": 0,
        "content": "@DrStrange Meu Deussssssssss olha isso @v_de__vitoria",
        "hashtags": []
    },
    {
        "rest_id": "1493003716068261895",
        "like_count": 1,
        "quote_count": 0,
        "reply_count": 1,
        "retweet_count": 0,
        "bookmark_count": 0,
        "content": "@DrStrange @rarelikestars olha a\u00ed \u2764\ufe0f",
        "hashtags": []
    },
    {
        "rest_id": "1493242173554405380",
        "like_count": 2,
        "quote_count": 0,
        "reply_count": 0,
        "retweet_count": 0,
        "bookmark_count": 0,
        "content": "@DrStrange Yooo, I'm loving Raimi's direction on this one. Genuinely looking forward to it.",
        "hashtags": []
    },
    {
        "rest_id": "1493080415951007744",
        "like_count": 0,
        "quote_count": 0,
        "reply_count": 0,
        "retweet_count": 0,
        "bookmark_count": 0,
        "content": "@DrStrange \u2764\ufe0f\u2764\ufe0f\u2764\ufe0f",
        "hashtags": []
    },
    {
        "rest_id": "1493002392337592320",
        "like_count": 1,
        "quote_count": 0,
        "reply_count": 0,
        "retweet_count": 0,
        "bookmark_count": 0,
        "content": "@DrStrange @lisabella_9910 \ud83e\udd73\ud83e\udd73\ud83e\udd73\ud83e\udd73",
        "hashtags": []
    },
    {
        "rest_id": "1493004860685438977",
        "like_count": 99,
        "quote_count": 1,
        "reply_count": 1,
        "retweet_count": 6,
        "bookmark_count": 0,
        "content": "@DrStrange MCU Stans: WANDA!\nMe: RINTRAH!!! https://t.co/EfT0T29IW6",
        "hashtags": []
    },
    {
        "rest_id": "1493001424975720450",
        "like_count": 13,
        "quote_count": 0,
        "reply_count": 1,
        "retweet_count": 0,
        "bookmark_count": 0,
        "content": "@DrStrange PATRICK STEWART AHHHH",
        "hashtags": []
    },
    {
        "rest_id": "1493001587198935040",
        "like_count": 1,
        "quote_count": 0,
        "reply_count": 1,
        "retweet_count": 0,
        "bookmark_count": 0,
        "content": "@DrStrange @fabrokm",
        "hashtags": []
    },
    {
        "rest_id": "1493001781172969476",
        "like_count": 1,
        "quote_count": 0,
        "reply_count": 0,
        "retweet_count": 0,
        "bookmark_count": 0,
        "content": "@DrStrange @NovaDragnir !!",
        "hashtags": []
    },
    {
        "rest_id": "1493001519326797824",
        "like_count": 1,
        "quote_count": 0,
        "reply_count": 0,
        "retweet_count": 0,
        "bookmark_count": 0,
        "content": "@DrStrange @istonihenge",
        "hashtags": []
    },
    {
        "rest_id": "1493000572647010304",
        "like_count": 0,
        "quote_count": 0,
        "reply_count": 0,
        "retweet_count": 0,
        "bookmark_count": 0,
        "content": "@DrStrange Amazing trip! #Drstrange",
        "hashtags": [
            {
                "indices": [25, 35],
                "text": "Drstrange"
            }
        ]
    },
    {
        "rest_id": "1493001211456413696",
        "like_count": 0,
        "quote_count": 0,
        "reply_count": 0,
        "retweet_count": 0,
        "bookmark_count": 0,
        "content": "@DrStrange @jaop_bispo",
        "hashtags": []
    },
    {
        "rest_id": "1493010626062405634",
        "like_count": 0,
        "quote_count": 0,
        "reply_count": 0,
        "retweet_count": 0,
        "bookmark_count": 0,
        "content": "@DrStrange This is too much it's still earlyyyyyyyyy yes Patrickk Stewarttttt  \ud83d\ude2d\ud83d\ude2d\ud83d\ude2d",
        "hashtags": []
    },
    {
        "rest_id": "1493003770581729282",
        "like_count": 8,
        "quote_count": 0,
        "reply_count": 1,
        "retweet_count": 0,
        "bookmark_count": 0,
        "content": "@DrStrange \"We should Tell Him the Truth\"",
        "hashtags": []
    },
    {
        "rest_id": "1493000726674563074",
        "like_count": 2,
        "quote_count": 0,
        "reply_count": 0,
        "retweet_count": 0,
        "bookmark_count": 0,
        "content": "@DrStrange https://t.co/543YS2roqc",
        "hashtags": []
    },
    {
        "rest_id": "1493000856077221892",
        "like_count": 0,
        "quote_count": 0,
        "reply_count": 0,
        "retweet_count": 0,
        "bookmark_count": 0,
        "content": "@DrStrange Omo \ud83d\udd25\ud83d\udd25\ud83d\udd25\ud83d\udd25\ud83d\udd25\ud83d\udd25",
        "hashtags": []
    },
    {
        "rest_id": "1493007006256533504",
        "like_count": 1,
        "quote_count": 0,
        "reply_count": 1,
        "retweet_count": 0,
        "bookmark_count": 0,
        "content": "@DrStrange @latitut  \ud83d\udc40",
        "hashtags": []
    },
    {
        "rest_id": "1493011956747456517",
        "like_count": 7,
        "quote_count": 0,
        "reply_count": 0,
        "retweet_count": 0,
        "bookmark_count": 0,
        "content": "@DrStrange Top notch visuals, thanks Goat Raimi",
        "hashtags": []
    },
    {
        "rest_id": "1493006613921378307",
        "like_count": 0,
        "quote_count": 0,
        "reply_count": 1,
        "retweet_count": 0,
        "bookmark_count": 0,
        "content": "@DrStrange @_montro OLHA ISSOOO",
        "hashtags": []
    },
    {
        "rest_id": "1493000817099509761",
        "like_count": 0,
        "quote_count": 0,
        "reply_count": 0,
        "retweet_count": 0,
        "bookmark_count": 0,
        "content": "@DrStrange LETS FUCKING GOOOO",
        "hashtags": []
    },
    {
        "rest_id": "1493002292978757639",
        "like_count": 1,
        "quote_count": 0,
        "reply_count": 0,
        "retweet_count": 0,
        "bookmark_count": 0,
        "content": "@DrStrange LETS GOOOO",
        "hashtags": []
    },
    {
        "rest_id": "1493004840594821129",
        "like_count": 11,
        "quote_count": 0,
        "reply_count": 0,
        "retweet_count": 0,
        "bookmark_count": 0,
        "content": "@DrStrange YOOOOOOOOOO",
        "hashtags": []
    },
    {
        "rest_id": "1493004447525609475",
        "like_count": 1,
        "quote_count": 0,
        "reply_count": 0,
        "retweet_count": 0,
        "bookmark_count": 0,
        "content": "@DrStrange @supermangeek101 THIS IS GOING TO GO HARD",
        "hashtags": []
    },
    {
        "rest_id": "1493001409926602753",
        "like_count": 0,
        "quote_count": 0,
        "reply_count": 0,
        "retweet_count": 0,
        "bookmark_count": 0,
        "content": "@DrStrange Wow.",
        "hashtags": []
    },
    {
        "rest_id": "1493001710926966787",
        "like_count": 1,
        "quote_count": 0,
        "reply_count": 1,
        "retweet_count": 0,
        "bookmark_count": 0,
        "content": "@DrStrange WAKE UP JDJDFKFK @Syaaaaaafiqqqq",
        "hashtags": []
    },
    {
        "rest_id": "1493003216862289921",
        "like_count": 1,
        "quote_count": 0,
        "reply_count": 0,
        "retweet_count": 0,
        "bookmark_count": 0,
        "content": "@DrStrange @moonhxnn",
        "hashtags": []
    },
    {
        "rest_id": "1493001475047448583",
        "like_count": 1,
        "quote_count": 0,
        "reply_count": 1,
        "retweet_count": 0,
        "bookmark_count": 0,
        "content": "@DrStrange @cansadaperoviba",
        "hashtags": []
    },
    {
        "rest_id": "1493003998600876035",
        "like_count": 1,
        "quote_count": 0,
        "reply_count": 0,
        "retweet_count": 0,
        "bookmark_count": 0,
        "content": "@DrStrange OH MY GOD",
        "hashtags": []
    },
    {
        "rest_id": "1493004454391873537",
        "like_count": 1,
        "quote_count": 0,
        "reply_count": 0,
        "retweet_count": 0,
        "bookmark_count": 0,
        "content": "@DrStrange woahhhhh I'm so excited!! https://t.co/r9IDo4E7ux",
        "hashtags": []
    },
    {
        "rest_id": "1493004085028610048",
        "like_count": 640,
        "quote_count": 8,
        "reply_count": 3,
        "retweet_count": 123,
        "bookmark_count": 29,
        "content": "@DrStrange \"You break the rules and become a hero. I do it and I become the enemy. That doesn't seem fair\"\n\nhttps://t.co/UYm5G6yjoP",
        "hashtags": []
    },
    {
        "rest_id": "1493001633306980355",
        "like_count": 62,
        "quote_count": 0,
        "reply_count": 1,
        "retweet_count": 4,
        "bookmark_count": 1,
        "content": "@DrStrange I could\u2019ve SWORN I heard\u2026 https://t.co/eJa4VnypvE",
        "hashtags": []
    },
    {
        "rest_id": "1493013828224917504",
        "like_count": 3,
        "quote_count": 0,
        "reply_count": 1,
        "retweet_count": 0,
        "bookmark_count": 0,
        "content": "@DrStrange Did I just hear Patrick Stewart as the mystery voice? Or is it just me?",
        "hashtags": []
    },
    {
        "rest_id": "1493002146597556224",
        "like_count": 0,
        "quote_count": 0,
        "reply_count": 1,
        "retweet_count": 0,
        "bookmark_count": 0,
        "content": "@DrStrange PERTAE",
        "hashtags": []
    },
    {
        "rest_id": "1493009036400377858",
        "like_count": 2,
        "quote_count": 0,
        "reply_count": 1,
        "retweet_count": 0,
        "bookmark_count": 0,
        "content": "@DrStrange @lawncio A WANDA!!!!!!!!",
        "hashtags": []
    },
    {
        "rest_id": "1493003112902283267",
        "like_count": 16,
        "quote_count": 1,
        "reply_count": 8,
        "retweet_count": 0,
        "bookmark_count": 0,
        "content": "@DrStrange WHOS THIS https://t.co/U6I5qvoG4A",
        "hashtags": []
    },
    {
        "rest_id": "1493007246137040896",
        "like_count": 4,
        "quote_count": 0,
        "reply_count": 0,
        "retweet_count": 0,
        "bookmark_count": 0,
        "content": "@DrStrange @julioclip_ I got serotonin every frame that had Wanda https://t.co/r4DnI3Veie",
        "hashtags": []
    },
    {
        "rest_id": "1493002025554096132",
        "like_count": 0,
        "quote_count": 0,
        "reply_count": 2,
        "retweet_count": 0,
        "bookmark_count": 0,
        "content": "@DrStrange @DescargarBot @SaveVidBot @GetVideoBot",
        "hashtags": []
    },
    {
        "rest_id": "1493009475325865986",
        "like_count": 68,
        "quote_count": 1,
        "reply_count": 1,
        "retweet_count": 5,
        "bookmark_count": 2,
        "content": "@DrStrange Capt Carter shield https://t.co/C78Xu6lZ68",
        "hashtags": []
    },
    {
        "rest_id": "1493009928155455492",
        "like_count": 49,
        "quote_count": 1,
        "reply_count": 1,
        "retweet_count": 4,
        "bookmark_count": 0,
        "content": "@DrStrange I love the quote, \u201cYou break the rules, you become a hero. I do it, I become the enemy. That doesn\u2019t seem fair.\u201d \n\nIt could be broken down to be exploring the sexism in Archetypes. In Spider-man, Doctor Strange fits as the \"Wise Old Man\" but if he was female it would be \"Witch\"",
        "hashtags": []
    },
    {
        "rest_id": "1493001394588164103",
        "like_count": 0,
        "quote_count": 0,
        "reply_count": 0,
        "retweet_count": 0,
        "bookmark_count": 0,
        "content": "@DrStrange LET'S GO",
        "hashtags": []
    },
    {
        "rest_id": "1493006100576161792",
        "like_count": 0,
        "quote_count": 0,
        "reply_count": 1,
        "retweet_count": 0,
        "bookmark_count": 0,
        "content": "@DrStrange @for3verw1nter CHILE NOT AT THE SCH",
        "hashtags": []
    },
    {
        "rest_id": "1493007048853835777",
        "like_count": 4,
        "quote_count": 0,
        "reply_count": 0,
        "retweet_count": 0,
        "bookmark_count": 0,
        "content": "@DrStrange Illuminati? https://t.co/RPmtj8vAX8",
        "hashtags": []
    },
    {
        "rest_id": "1493001603686744064",
        "like_count": 8,
        "quote_count": 0,
        "reply_count": 1,
        "retweet_count": 0,
        "bookmark_count": 1,
        "content": "@DrStrange WTF AAAAA  \nhttps://t.co/by0sSAMo4v",
        "hashtags": []
    },
    {
        "rest_id": "1493000987543490564",
        "like_count": 33,
        "quote_count": 0,
        "reply_count": 0,
        "retweet_count": 1,
        "bookmark_count": 6,
        "content": "@DrStrange IM READY  https://t.co/MSXsOY9h0e",
        "hashtags": []
    },
    {
        "rest_id": "1493001618857799680",
        "like_count": 2,
        "quote_count": 0,
        "reply_count": 0,
        "retweet_count": 0,
        "bookmark_count": 0,
        "content": "@DrStrange The soundtrack is gonna sound VERY LIT",
        "hashtags": []
    },
    {
        "rest_id": "1493002306706546688",
        "like_count": 1,
        "quote_count": 0,
        "reply_count": 1,
        "retweet_count": 0,
        "bookmark_count": 0,
        "content": "@DrStrange @SannyiS",
        "hashtags": []
    },
    {
        "rest_id": "1493005656756043778",
        "like_count": 0,
        "quote_count": 0,
        "reply_count": 1,
        "retweet_count": 0,
        "bookmark_count": 0,
        "content": "@DrStrange @brxn0b3rt0 carecaaaa",
        "hashtags": []
    },
    {
        "rest_id": "1493007110506160128",
        "like_count": 6,
        "quote_count": 0,
        "reply_count": 0,
        "retweet_count": 0,
        "bookmark_count": 0,
        "content": "@DrStrange https://t.co/lxgL2VkLtS",
        "hashtags": []
    },
    {
        "rest_id": "1493003077728837642",
        "like_count": 0,
        "quote_count": 0,
        "reply_count": 1,
        "retweet_count": 0,
        "bookmark_count": 0,
        "content": "@DrStrange me cago @paulapalma24",
        "hashtags": []
    },
    {
        "rest_id": "1493006395729399809",
        "like_count": 1,
        "quote_count": 0,
        "reply_count": 0,
        "retweet_count": 0,
        "bookmark_count": 0,
        "content": "@DrStrange Was that\u2026 was that who I think it was??!!",
        "hashtags": []
    },
    {
        "rest_id": "1493007918530244614",
        "like_count": 2,
        "quote_count": 0,
        "reply_count": 1,
        "retweet_count": 0,
        "bookmark_count": 0,
        "content": "@DrStrange @weslheybarros",
        "hashtags": []
    },
    {
        "rest_id": "1493001384702136322",
        "like_count": 0,
        "quote_count": 0,
        "reply_count": 0,
        "retweet_count": 0,
        "bookmark_count": 0,
        "content": "@DrStrange \ud83e\udd29",
        "hashtags": []
    },
    {
        "rest_id": "1493001236169244683",
        "like_count": 41,
        "quote_count": 0,
        "reply_count": 1,
        "retweet_count": 1,
        "bookmark_count": 0,
        "content": "@DrStrange That was Patrick Stewart!!!",
        "hashtags": []
    },
    {
        "rest_id": "1493002983466053636",
        "like_count": 50,
        "quote_count": 0,
        "reply_count": 0,
        "retweet_count": 2,
        "bookmark_count": 1,
        "content": "@DrStrange https://t.co/NKquQKckN8",
        "hashtags": []
    },
    {
        "rest_id": "1493002804180488193",
        "like_count": 1,
        "quote_count": 0,
        "reply_count": 0,
        "retweet_count": 0,
        "bookmark_count": 0,
        "content": "@DrStrange Wow",
        "hashtags": []
    },
    {
        "rest_id": "1493008295850016770",
        "like_count": 1,
        "quote_count": 0,
        "reply_count": 0,
        "retweet_count": 0,
        "bookmark_count": 0,
        "content": "@DrStrange WANDA T___T",
        "hashtags": []
    },
    {
        "rest_id": "1493004037272309760",
        "like_count": 1,
        "quote_count": 0,
        "reply_count": 0,
        "retweet_count": 0,
        "bookmark_count": 0,
        "content": "@DrStrange WANDA!!!!!!!",
        "hashtags": []
    },
    {
        "rest_id": "1493005131327156228",
        "like_count": 1,
        "quote_count": 0,
        "reply_count": 1,
        "retweet_count": 0,
        "bookmark_count": 0,
        "content": "@DrStrange @Jordanzinnnn Em 1h18 a voz do Patrick Stewart no novo trailer do Doutor Estranho",
        "hashtags": []
    },
    {
        "rest_id": "1493001299805229058",
        "like_count": 0,
        "quote_count": 0,
        "reply_count": 0,
        "retweet_count": 0,
        "bookmark_count": 0,
        "content": "@DrStrange I\u2019m FERAL!!! #MultiverseOfMadness",
        "hashtags": [
            {
                "indices": [24, 44],
                "text": "MultiverseOfMadness"
            }
        ]
    },
    {
        "rest_id": "1493007917355880449",
        "like_count": 2,
        "quote_count": 0,
        "reply_count": 0,
        "retweet_count": 0,
        "bookmark_count": 0,
        "content": "@DrStrange You're my favorite, @DrStrange, but I'm not going back into a movie theater until at least 95% of Americans are #FullyVaxxed. I'm not putting my and my family's health at risk for you. See you on streaming/cable!  #GetVaccinatedAndBoosted",
        "hashtags": [
            {
                "indices": [123, 135],
                "text": "FullyVaxxed"
            },
            {
                "indices": [225, 249],
                "text": "GetVaccinatedAndBoosted"
            }
        ]
    },
    {
        "rest_id": "1493000985710833667",
        "like_count": 8,
        "quote_count": 0,
        "reply_count": 0,
        "retweet_count": 1,
        "bookmark_count": 0,
        "content": "@DrStrange https://t.co/gpGGTa2Ydn",
        "hashtags": []
    },
    {
        "rest_id": "1493000933466378245",
        "like_count": 1,
        "quote_count": 0,
        "reply_count": 0,
        "retweet_count": 0,
        "bookmark_count": 0,
        "content": "@DrStrange Team witchhshshsjsjsjsj",
        "hashtags": []
    },
    {
        "rest_id": "1493003735185903628",
        "like_count": 1726,
        "quote_count": 111,
        "reply_count": 9,
        "retweet_count": 294,
        "bookmark_count": 31,
        "content": "@DrStrange \ud83d\ude2d\ud83d\ude2d\ud83d\ude2d\ud83e\udd75\ud83e\udd75\ud83e\udd75\ud83d\ude28\ud83d\ude28\ud83e\udd76\ud83e\udd76 https://t.co/AAb4NGovZ7",
        "hashtags": []
    },
    {
        "rest_id": "1493001035995959298",
        "like_count": 0,
        "quote_count": 0,
        "reply_count": 0,
        "retweet_count": 0,
        "bookmark_count": 0,
        "content": "@DrStrange THANK YOUUUUUUUUU!!!!!!\ud83d\udc4f\ud83c\udffc\ud83d\ude01\u2764\ud83c\udf89\ud83d\udc4f\ud83c\udffc\ud83d\ude01\u2764\ud83c\udf89",
        "hashtags": []
    },
    {
        "rest_id": "1493000455387025409",
        "like_count": 0,
        "quote_count": 0,
        "reply_count": 0,
        "retweet_count": 0,
        "bookmark_count": 0,
        "content": "@DrStrange Oh SHUT",
        "hashtags": []
    },
    {
        "rest_id": "1493002329796272128",
        "like_count": 4,
        "quote_count": 0,
        "reply_count": 1,
        "retweet_count": 0,
        "bookmark_count": 0,
        "content": "@DrStrange @PieterJKetelaar WAS THAT @SirPatStew???????",
        "hashtags": []
    },
    {
        "rest_id": "1493001819470983174",
        "like_count": 1,
        "quote_count": 0,
        "reply_count": 0,
        "retweet_count": 0,
        "bookmark_count": 0,
        "content": "@DrStrange spectacular, shocking, dark which I love and very interesting,impatient to enjoy it \ud83d\udd1d\u2764",
        "hashtags": []
    },
    {
        "rest_id": "1493004500738662400",
        "like_count": 474,
        "quote_count": 11,
        "reply_count": 2,
        "retweet_count": 80,
        "bookmark_count": 13,
        "content": "@DrStrange CHARLES XAVIER??? https://t.co/r7MAgiJw17",
        "hashtags": []
    },
    {
        "rest_id": "1493004071426424834",
        "like_count": 0,
        "quote_count": 0,
        "reply_count": 0,
        "retweet_count": 0,
        "bookmark_count": 0,
        "content": "@DrStrange YOO @pachuliyy",
        "hashtags": []
    },
    {
        "rest_id": "1493001408009977859",
        "like_count": 0,
        "quote_count": 0,
        "reply_count": 0,
        "retweet_count": 0,
        "bookmark_count": 0,
        "content": "@DrStrange Oh shit",
        "hashtags": []
    },
    {
        "rest_id": "1493002519664107531",
        "like_count": 43,
        "quote_count": 0,
        "reply_count": 0,
        "retweet_count": 0,
        "bookmark_count": 0,
        "content": "@DrStrange NOW WAIT A MINUTE WAS THAT CHARLES XAVIER ?!?!?!?? ALSO WANDA IS BOUT TO HOUSE OF M THE MCU \ud83d\udc40\ud83d\udc40\ud83d\udc40\ud83d\udc40\ud83d\udc40 #DoctorStrange2",
        "hashtags": [
            {
                "indices": [109, 124],
                "text": "DoctorStrange2"
            }
        ]
    },
    {
        "rest_id": "1493005717749518336",
        "like_count": 0,
        "quote_count": 0,
        "reply_count": 1,
        "retweet_count": 0,
        "bookmark_count": 0,
        "content": "@DrStrange @Clark_Wayne420",
        "hashtags": []
    },
    {
        "rest_id": "1493013849540206593",
        "like_count": 0,
        "quote_count": 0,
        "reply_count": 0,
        "retweet_count": 0,
        "bookmark_count": 0,
        "content": "@DrStrange Wow. This looks phenomenal , can\u2019t wait to stay up all night to get tickets. \ud83e\udd23",
        "hashtags": []
    },
    {
        "rest_id": "1493005813484511232",
        "like_count": 0,
        "quote_count": 0,
        "reply_count": 1,
        "retweet_count": 0,
        "bookmark_count": 0,
        "content": "@DrStrange @jayno9_ \ud83e\udd74",
        "hashtags": []
    },
    {
        "rest_id": "1493001779830833153",
        "like_count": 1,
        "quote_count": 0,
        "reply_count": 0,
        "retweet_count": 0,
        "bookmark_count": 0,
        "content": "@DrStrange PATRICK STEWART WTFFFFG",
        "hashtags": []
    },
    {
        "rest_id": "1493252189124448256",
        "like_count": 1,
        "quote_count": 0,
        "reply_count": 1,
        "retweet_count": 0,
        "bookmark_count": 0,
        "content": "@DrStrange @uncleflo_ don't forget this...",
        "hashtags": []
    },
    {
        "rest_id": "1493003562149978115",
        "like_count": 2,
        "quote_count": 0,
        "reply_count": 1,
        "retweet_count": 0,
        "bookmark_count": 0,
        "content": "@DrStrange @Sorezzzzzz @golddvstwoman screaming sobbing throwing up",
        "hashtags": []
    },
    {
        "rest_id": "1493005659440357380",
        "like_count": 120,
        "quote_count": 1,
        "reply_count": 3,
        "retweet_count": 11,
        "bookmark_count": 1,
        "content": "@DrStrange Finally Shuma-Gorath enters the MCU https://t.co/0YOkE7qC7J",
        "hashtags": []
    },
    {
        "rest_id": "1493149740678238208",
        "like_count": 0,
        "quote_count": 0,
        "reply_count": 0,
        "retweet_count": 0,
        "bookmark_count": 0,
        "content": "@DrStrange Rachel McAdam \u2764\ufe0f\u2764\ufe0f\u2764\ufe0f\u2764\ufe0f",
        "hashtags": []
    },
    {
        "rest_id": "1493001336539033604",
        "like_count": 1,
        "quote_count": 0,
        "reply_count": 0,
        "retweet_count": 0,
        "bookmark_count": 0,
        "content": "@DrStrange @EliTLFN DUDE",
        "hashtags": []
    },
    {
        "rest_id": "1493001338342543364",
        "like_count": 1,
        "quote_count": 0,
        "reply_count": 0,
        "retweet_count": 0,
        "bookmark_count": 0,
        "content": "@DrStrange OH MY GOD",
        "hashtags": []
    },
    {
        "rest_id": "1493003497645785095",
        "like_count": 1170,
        "quote_count": 42,
        "reply_count": 9,
        "retweet_count": 94,
        "bookmark_count": 13,
        "content": "@DrStrange CHARLES XAVIER!! LET'S GOOO https://t.co/SHYEnWuDRJ",
        "hashtags": []
    },
    {
        "rest_id": "1493000502795251713",
        "like_count": 3,
        "quote_count": 0,
        "reply_count": 0,
        "retweet_count": 0,
        "bookmark_count": 0,
        "content": "@DrStrange MOTHER IS HERE #ScarletWitch https://t.co/ael9Eegvow",
        "hashtags": [
            {
                "indices": [26, 39],
                "text": "ScarletWitch"
            }
        ]
    },
    {
        "rest_id": "1493004662974332928",
        "like_count": 0,
        "quote_count": 0,
        "reply_count": 1,
        "retweet_count": 0,
        "bookmark_count": 0,
        "content": "@DrStrange @EternalsTalkss @GetVideoBot",
        "hashtags": []
    },
    {
        "rest_id": "1493001949733695490",
        "like_count": 461,
        "quote_count": 2,
        "reply_count": 2,
        "retweet_count": 24,
        "bookmark_count": 1,
        "content": "@DrStrange ready for Wanda world domination \ud83d\ude0d https://t.co/qN4aWQcCrk",
        "hashtags": []
    },
    {
        "rest_id": "1493003180275388422",
        "like_count": 0,
        "quote_count": 0,
        "reply_count": 1,
        "retweet_count": 0,
        "bookmark_count": 0,
        "content": "@DrStrange @TTunexy",
        "hashtags": []
    },
    {
        "rest_id": "1493000460516605959",
        "like_count": 10,
        "quote_count": 0,
        "reply_count": 0,
        "retweet_count": 0,
        "bookmark_count": 0,
        "content": "@DrStrange Thank you",
        "hashtags": []
    },
    {
        "rest_id": "1493005552330420228",
        "like_count": 1,
        "quote_count": 0,
        "reply_count": 0,
        "retweet_count": 0,
        "bookmark_count": 0,
        "content": "@DrStrange @meninatine TO TODA ME TREMENDO",
        "hashtags": []
    },
    {
        "rest_id": "1493009109641277450",
        "like_count": 1,
        "quote_count": 0,
        "reply_count": 0,
        "retweet_count": 0,
        "bookmark_count": 0,
        "content": "@DrStrange @gichenriques socorro",
        "hashtags": []
    },
    {
        "rest_id": "1493002200775278594",
        "like_count": 2,
        "quote_count": 0,
        "reply_count": 0,
        "retweet_count": 0,
        "bookmark_count": 0,
        "content": "@DrStrange https://t.co/xUvghQEXc1",
        "hashtags": []
    },
    {
        "rest_id": "1493000851404644352",
        "like_count": 0,
        "quote_count": 0,
        "reply_count": 0,
        "retweet_count": 0,
        "bookmark_count": 0,
        "content": "@DrStrange This is why I watch the #SuperBowl",
        "hashtags": [
            {
                "indices": [35, 45],
                "text": "SuperBowl"
            }
        ]
    },
    {
        "rest_id": "1493009166121803776",
        "like_count": 0,
        "quote_count": 0,
        "reply_count": 1,
        "retweet_count": 0,
        "bookmark_count": 0,
        "content": "@DrStrange @Kneel2ThaCrown Have you seen this??? \ud83d\ude31\ud83d\ude31\ud83d\ude31\ud83d\ude12 I got goosebumps. \u274e",
        "hashtags": []
    },
    {
        "rest_id": "1493006263403397120",
        "like_count": 58,
        "quote_count": 0,
        "reply_count": 2,
        "retweet_count": 2,
        "bookmark_count": 1,
        "content": "@DrStrange yooo i thought i heard my boy charles, and look at this! wikipedia better not be messing with me https://t.co/WxuASxqTNo",
        "hashtags": []
    },
    {
        "rest_id": "1493008455233384448",
        "like_count": 0,
        "quote_count": 0,
        "reply_count": 1,
        "retweet_count": 0,
        "bookmark_count": 0,
        "content": "@DrStrange @BaixaEssaPorra",
        "hashtags": []
    },
    {
        "rest_id": "1493006798336442379",
        "like_count": 0,
        "quote_count": 0,
        "reply_count": 1,
        "retweet_count": 0,
        "bookmark_count": 0,
        "content": "@DrStrange @erendograu OLHA AQUI",
        "hashtags": []
    },
    {
        "rest_id": "1493005464325574661",
        "like_count": 0,
        "quote_count": 0,
        "reply_count": 0,
        "retweet_count": 0,
        "bookmark_count": 0,
        "content": "@DrStrange @casstruita",
        "hashtags": []
    },
    {
        "rest_id": "1493000757863456768",
        "like_count": 478,
        "quote_count": 1,
        "reply_count": 8,
        "retweet_count": 18,
        "bookmark_count": 1,
        "content": "@DrStrange Did I hear Patrick Stewart\u2026?",
        "hashtags": []
    },
    {
        "rest_id": "1493002271755431940",
        "like_count": 4,
        "quote_count": 0,
        "reply_count": 0,
        "retweet_count": 0,
        "bookmark_count": 0,
        "content": "@DrStrange I CANT BREATHE",
        "hashtags": []
    },
    {
        "rest_id": "1493005788654313472",
        "like_count": 1,
        "quote_count": 0,
        "reply_count": 0,
        "retweet_count": 0,
        "bookmark_count": 0,
        "content": "@DrStrange Isn\u2019t he Nova? https://t.co/3b0xNm81Pw",
        "hashtags": []
    },
    {
        "rest_id": "1493001538624794627",
        "like_count": 21,
        "quote_count": 0,
        "reply_count": 0,
        "retweet_count": 0,
        "bookmark_count": 0,
        "content": "@DrStrange https://t.co/bU5NRYY8sx",
        "hashtags": []
    },
    {
        "rest_id": "1493002669723725825",
        "like_count": 1,
        "quote_count": 0,
        "reply_count": 1,
        "retweet_count": 0,
        "bookmark_count": 0,
        "content": "@DrStrange @obrienuget a gente saindo direto pra emerg\u00eancia do hb depois desse filme",
        "hashtags": []
    },
    {
        "rest_id": "1493002126154420226",
        "like_count": 6,
        "quote_count": 0,
        "reply_count": 0,
        "retweet_count": 0,
        "bookmark_count": 0,
        "content": "@DrStrange I AM SPEECHLESS https://t.co/n9ygiSwX2q",
        "hashtags": []
    },
    {
        "rest_id": "1493004151369912321",
        "like_count": 7,
        "quote_count": 0,
        "reply_count": 2,
        "retweet_count": 0,
        "bookmark_count": 0,
        "content": "@DrStrange At 1:18, I hear Liam Neeson. AHH. Can it be May already?????",
        "hashtags": []
    },
    {
        "rest_id": "1493004688375128064",
        "like_count": 2,
        "quote_count": 0,
        "reply_count": 1,
        "retweet_count": 0,
        "bookmark_count": 0,
        "content": "@DrStrange X-Men... Eu quero X-Men. Pfvr, eu imploro por X-Men... Confirma os X-Men!!!",
        "hashtags": []
    },
    {
        "rest_id": "1493000608525295622",
        "like_count": 0,
        "quote_count": 0,
        "reply_count": 0,
        "retweet_count": 0,
        "bookmark_count": 0,
        "content": "@DrStrange Yo. Fuck me upppppppppp",
        "hashtags": []
    },
    {
        "rest_id": "1493000680172314626",
        "like_count": 0,
        "quote_count": 0,
        "reply_count": 0,
        "retweet_count": 0,
        "bookmark_count": 0,
        "content": "@DrStrange Release it now",
        "hashtags": []
    },
    {
        "rest_id": "1493005162465710082",
        "like_count": 1,
        "quote_count": 0,
        "reply_count": 0,
        "retweet_count": 0,
        "bookmark_count": 0,
        "content": "@DrStrange this looks so awesome! cannot wait to see wanda be a dark witch!!! ahhhh fingers crossed for agatha to be in it.",
        "hashtags": []
    },
    {
        "rest_id": "1493000708764938240",
        "like_count": 3,
        "quote_count": 0,
        "reply_count": 1,
        "retweet_count": 0,
        "bookmark_count": 0,
        "content": "@DrStrange @erodachaos AAAAAAAAAA",
        "hashtags": []
    },
    {
        "rest_id": "1493000645149962241",
        "like_count": 1,
        "quote_count": 0,
        "reply_count": 1,
        "retweet_count": 0,
        "bookmark_count": 0,
        "content": "@DrStrange @jinansoheereup @febliz_ @trsrminnie",
        "hashtags": []
    },
    {
        "rest_id": "1493003050264395778",
        "like_count": 1,
        "quote_count": 0,
        "reply_count": 0,
        "retweet_count": 0,
        "bookmark_count": 0,
        "content": "@DrStrange \ud83d\ude33\ud83d\ude33",
        "hashtags": []
    },
    {
        "rest_id": "1493002502001811457",
        "like_count": 1,
        "quote_count": 0,
        "reply_count": 0,
        "retweet_count": 0,
        "bookmark_count": 0,
        "content": "@DrStrange Def cant wait for this\nIt looks fkn nuts \ud83e\udd2f https://t.co/Z3nDnaSScW",
        "hashtags": []
    },
    {
        "rest_id": "1493000740519952384",
        "like_count": 0,
        "quote_count": 0,
        "reply_count": 0,
        "retweet_count": 0,
        "bookmark_count": 0,
        "content": "@DrStrange Let's go",
        "hashtags": []
    },
    {
        "rest_id": "1493001730736414721",
        "like_count": 1,
        "quote_count": 0,
        "reply_count": 0,
        "retweet_count": 0,
        "bookmark_count": 0,
        "content": "@DrStrange Patrick stewart?!?  Omg \ud83d\ude2f",
        "hashtags": []
    },
    {
        "rest_id": "1493176432901689344",
        "like_count": 0,
        "quote_count": 0,
        "reply_count": 0,
        "retweet_count": 0,
        "bookmark_count": 0,
        "content": "@DrStrange This looks insane, I cannot wait.",
        "hashtags": []
    },
    {
        "rest_id": "1493001307619266570",
        "like_count": 0,
        "quote_count": 0,
        "reply_count": 0,
        "retweet_count": 0,
        "bookmark_count": 0,
        "content": "@DrStrange ME ACABO DE MORIR",
        "hashtags": []
    },
    {
        "rest_id": "1493004191840800769",
        "like_count": 1,
        "quote_count": 0,
        "reply_count": 1,
        "retweet_count": 0,
        "bookmark_count": 0,
        "content": "@DrStrange @CallMiBHam https://t.co/6EpDBHMilq",
        "hashtags": []
    },
    {
        "rest_id": "1493004050140385286",
        "like_count": 162,
        "quote_count": 2,
        "reply_count": 1,
        "retweet_count": 24,
        "bookmark_count": 5,
        "content": "@DrStrange I HEARD CHARLES XAVIER'S VOICE !! https://t.co/my8wnOyYQ8",
        "hashtags": []
    },
    {
        "rest_id": "1493000555811192841",
        "like_count": 86,
        "quote_count": 0,
        "reply_count": 0,
        "retweet_count": 4,
        "bookmark_count": 0,
        "content": "@DrStrange Me after watching the trailer #DoctorStrange https://t.co/A9cIxNGqKB",
        "hashtags": [
            {
                "indices": [41, 55],
                "text": "DoctorStrange"
            }
        ]
    },
    {
        "rest_id": "1493000670198341640",
        "like_count": 0,
        "quote_count": 0,
        "reply_count": 1,
        "retweet_count": 0,
        "bookmark_count": 0,
        "content": "@DrStrange @DescargarBot",
        "hashtags": []
    },
    {
        "rest_id": "1493004396795412480",
        "like_count": 1,
        "quote_count": 0,
        "reply_count": 0,
        "retweet_count": 0,
        "bookmark_count": 0,
        "content": "@DrStrange It\u2019s all coming to the Multiverse of Madness #DoctorStrange https://t.co/Us5LR3FzTq",
        "hashtags": [
            {
                "indices": [56, 70],
                "text": "DoctorStrange"
            }
        ]
    },
    {
        "rest_id": "1493000908405452804",
        "like_count": 1,
        "quote_count": 0,
        "reply_count": 0,
        "retweet_count": 0,
        "bookmark_count": 0,
        "content": "@DrStrange Movie of the YRAR",
        "hashtags": []
    },
    {
        "rest_id": "1493004222706720773",
        "like_count": 316,
        "quote_count": 0,
        "reply_count": 0,
        "retweet_count": 22,
        "bookmark_count": 1,
        "content": "@DrStrange now we have to wait and just think ab that until may 6?\ud83d\ude2d https://t.co/R6yCb4iiJX",
        "hashtags": []
    },
    {
        "rest_id": "1493000619313012736",
        "like_count": 0,
        "quote_count": 0,
        "reply_count": 0,
        "retweet_count": 0,
        "bookmark_count": 0,
        "content": "@DrStrange YESSSSSSS",
        "hashtags": []
    },
    {
        "rest_id": "1493000787139641344",
        "like_count": 0,
        "quote_count": 0,
        "reply_count": 0,
        "retweet_count": 0,
        "bookmark_count": 0,
        "content": "@DrStrange oia",
        "hashtags": []
    },
    {
        "rest_id": "1493006347754893314",
        "like_count": 37,
        "quote_count": 1,
        "reply_count": 1,
        "retweet_count": 4,
        "bookmark_count": 3,
        "content": "@DrStrange CAPTAIN MARVEL ? \ud83d\ude0d https://t.co/wuSy7uHkmz",
        "hashtags": []
    },
    {
        "rest_id": "1493002681941733381",
        "like_count": 1,
        "quote_count": 0,
        "reply_count": 0,
        "retweet_count": 0,
        "bookmark_count": 0,
        "content": "@DrStrange oh my god",
        "hashtags": []
    },
    {
        "rest_id": "1493001194431787010",
        "like_count": 1,
        "quote_count": 0,
        "reply_count": 0,
        "retweet_count": 0,
        "bookmark_count": 0,
        "content": "@DrStrange Professor x confirmed!",
        "hashtags": []
    },
    {
        "rest_id": "1493012019657728002",
        "like_count": 39,
        "quote_count": 0,
        "reply_count": 3,
        "retweet_count": 0,
        "bookmark_count": 1,
        "content": "@DrStrange The evil Doctor Strange has arrived. The Multiverse of Madness is here.... https://t.co/4arTNkKxq3",
        "hashtags": []
    },
    {
        "rest_id": "1493002582838681603",
        "like_count": 21,
        "quote_count": 0,
        "reply_count": 0,
        "retweet_count": 0,
        "bookmark_count": 0,
        "content": "@DrStrange https://t.co/9lFRfdW6F7",
        "hashtags": []
    },
    {
        "rest_id": "1493012288823078917",
        "like_count": 0,
        "quote_count": 0,
        "reply_count": 0,
        "retweet_count": 0,
        "bookmark_count": 0,
        "content": "@DrStrange Did we see the human torch??",
        "hashtags": []
    },
    {
        "rest_id": "1493003205021937671",
        "like_count": 2,
        "quote_count": 0,
        "reply_count": 0,
        "retweet_count": 0,
        "bookmark_count": 0,
        "content": "@DrStrange \u201cWe should tell him the truth\u201d at 1:19 is definitely Professor X \ud83e\udd2f\ud83e\udd2f\ud83e\udd2f",
        "hashtags": []
    },
    {
        "rest_id": "1493008782821048320",
        "like_count": 1,
        "quote_count": 0,
        "reply_count": 0,
        "retweet_count": 0,
        "bookmark_count": 0,
        "content": "@DrStrange \ud83d\ude4f https://t.co/ObfnpjWKx7",
        "hashtags": []
    },
    {
        "rest_id": "1493002920543100930",
        "like_count": 0,
        "quote_count": 0,
        "reply_count": 1,
        "retweet_count": 0,
        "bookmark_count": 0,
        "content": "@DrStrange @henrikedisgama",
        "hashtags": []
    },
    {
        "rest_id": "1493000486500323334",
        "like_count": 0,
        "quote_count": 0,
        "reply_count": 0,
        "retweet_count": 0,
        "bookmark_count": 0,
        "content": "@DrStrange HYPEE",
        "hashtags": []
    },
    {
        "rest_id": "1493005984180019202",
        "like_count": 0,
        "quote_count": 0,
        "reply_count": 1,
        "retweet_count": 0,
        "bookmark_count": 0,
        "content": "@DrStrange @@__sheabea",
        "hashtags": []
    },
    {
        "rest_id": "1493000804600528900",
        "like_count": 0,
        "quote_count": 0,
        "reply_count": 0,
        "retweet_count": 0,
        "bookmark_count": 0,
        "content": "@DrStrange Hyped for this rn!!! https://t.co/KdGtl3Ijae",
        "hashtags": []
    }
]
