[
    {
        "rest_id": "1658179496779087872",
        "like_count": 3,
        "quote_count": 0,
        "reply_count": 0,
        "retweet_count": 0,
        "bookmark_count": 0,
        "content": "@TheFastSaga YESS.. YESSS.. YEEEEEESSSSSSS!!!!!!! \ud83d\udd25\ud83d\udd25\ud83d\udd25\ud83d\udd25\ud83d\udd25\ud83d\udd25\ud83d\udd25 https://t.co/PU7idDOhni",
        "hashtags": []
    },
    {
        "rest_id": "1658172191861506049",
        "like_count": 1,
        "quote_count": 0,
        "reply_count": 0,
        "retweet_count": 0,
        "bookmark_count": 1,
        "content": "@TheFastSaga I want to see cars, violence, and baddies. I think this movie will provide all 3",
        "hashtags": []
    },
    {
        "rest_id": "1658480269010309130",
        "like_count": 0,
        "quote_count": 0,
        "reply_count": 0,
        "retweet_count": 0,
        "bookmark_count": 0,
        "content": "@TheFastSaga Mamaeeee",
        "hashtags": []
    },
    {
        "rest_id": "1658149556515635200",
        "like_count": 2,
        "quote_count": 0,
        "reply_count": 0,
        "retweet_count": 0,
        "bookmark_count": 0,
        "content": "@TheFastSaga I\u2019m watching it Thursday",
        "hashtags": []
    },
    {
        "rest_id": "1658144197172445184",
        "like_count": 1,
        "quote_count": 0,
        "reply_count": 0,
        "retweet_count": 0,
        "bookmark_count": 0,
        "content": "@TheFastSaga Epic",
        "hashtags": []
    },
    {
        "rest_id": "1658302303143698433",
        "like_count": 0,
        "quote_count": 0,
        "reply_count": 0,
        "retweet_count": 0,
        "bookmark_count": 0,
        "content": "@TheFastSaga Longest trailer ever",
        "hashtags": []
    },
    {
        "rest_id": "1658251745749868545",
        "like_count": 2,
        "quote_count": 0,
        "reply_count": 0,
        "retweet_count": 0,
        "bookmark_count": 0,
        "content": "@TheFastSaga aight there's no good reason ANY movie trailer should be this long wtf lol",
        "hashtags": []
    },
    {
        "rest_id": "1658198184693252101",
        "like_count": 0,
        "quote_count": 0,
        "reply_count": 0,
        "retweet_count": 0,
        "bookmark_count": 0,
        "content": "@TheFastSaga I hope The Rock returns.",
        "hashtags": []
    },
    {
        "rest_id": "1658171850894061570",
        "like_count": 6,
        "quote_count": 0,
        "reply_count": 0,
        "retweet_count": 0,
        "bookmark_count": 0,
        "content": "@TheFastSaga Damn nigga, I feel like I just watched the whole shit right here \ud83d\ude2d",
        "hashtags": []
    },
    {
        "rest_id": "1658257642995994627",
        "like_count": 0,
        "quote_count": 0,
        "reply_count": 0,
        "retweet_count": 0,
        "bookmark_count": 0,
        "content": "@TheFastSaga definitely watching this!\n\nBEST FAMILY EVER!!",
        "hashtags": []
    },
    {
        "rest_id": "1658163089760563204",
        "like_count": 0,
        "quote_count": 0,
        "reply_count": 0,
        "retweet_count": 0,
        "bookmark_count": 0,
        "content": "@TheFastSaga 4 minutes? bruh, the pre-sales must be pretty bad",
        "hashtags": []
    },
    {
        "rest_id": "1658460461132652544",
        "like_count": 0,
        "quote_count": 0,
        "reply_count": 0,
        "retweet_count": 0,
        "bookmark_count": 0,
        "content": "@TheFastSaga FAST XLII https://t.co/SdJz61BnTG",
        "hashtags": []
    },
    {
        "rest_id": "1658507679780708352",
        "like_count": 0,
        "quote_count": 0,
        "reply_count": 0,
        "retweet_count": 0,
        "bookmark_count": 0,
        "content": "@TheFastSaga Thanks now I basically know the entire plot of the film",
        "hashtags": []
    },
    {
        "rest_id": "1658332009335332864",
        "like_count": 0,
        "quote_count": 0,
        "reply_count": 0,
        "retweet_count": 0,
        "bookmark_count": 0,
        "content": "@TheFastSaga For F.. King God stoooppppp it's trash, it's tge same after the same after the same feels like a cicle.... Just stop. Yall got nothing else but this so stop.",
        "hashtags": []
    },
    {
        "rest_id": "1658871597506396160",
        "like_count": 0,
        "quote_count": 0,
        "reply_count": 0,
        "retweet_count": 0,
        "bookmark_count": 0,
        "content": "@TheFastSaga I guess all casts who's scenariod dead will arise at last, from letty, giselle, han, nobody, jacob, elena. Who else?\nOnly brian/paul will never return\nThe movie ran out fresh outline from Fast 8-9, only flashback, more action to come\nOld friends n frenemy unite for la familia",
        "hashtags": []
    },
    {
        "rest_id": "1658165922224562177",
        "like_count": 1,
        "quote_count": 0,
        "reply_count": 0,
        "retweet_count": 0,
        "bookmark_count": 0,
        "content": "@TheFastSaga No no do one thing upload the whole frikkin movie it'd b easier for us\ud83d\ude12 4 and a half minutes?? Why????",
        "hashtags": []
    },
    {
        "rest_id": "1658174737355358210",
        "like_count": 0,
        "quote_count": 0,
        "reply_count": 1,
        "retweet_count": 0,
        "bookmark_count": 0,
        "content": "@TheFastSaga @SaveMyVideo",
        "hashtags": []
    },
    {
        "rest_id": "1658176955408162827",
        "like_count": 4,
        "quote_count": 0,
        "reply_count": 1,
        "retweet_count": 0,
        "bookmark_count": 0,
        "content": "@TheFastSaga Why is it always a villain who was affected by something trivial the main cast did in an older movie and is somehow a millionaire superhero",
        "hashtags": []
    },
    {
        "rest_id": "1658142608630087680",
        "like_count": 5,
        "quote_count": 1,
        "reply_count": 0,
        "retweet_count": 1,
        "bookmark_count": 0,
        "content": "@TheFastSaga Thursday https://t.co/tnB8yji2Bt",
        "hashtags": []
    },
    {
        "rest_id": "1658144643018809344",
        "like_count": 6,
        "quote_count": 0,
        "reply_count": 0,
        "retweet_count": 0,
        "bookmark_count": 0,
        "content": "@TheFastSaga sick AF! And when we get that family moment with Angel Pt1 in the background \ud83e\udd79",
        "hashtags": []
    },
    {
        "rest_id": "1658232869330845700",
        "like_count": 4,
        "quote_count": 0,
        "reply_count": 0,
        "retweet_count": 0,
        "bookmark_count": 0,
        "content": "@TheFastSaga I\u2019m all for Jason Momoa channeling his version of The Joker https://t.co/bmYCIvAbjm",
        "hashtags": []
    },
    {
        "rest_id": "1658169822784438273",
        "like_count": 0,
        "quote_count": 0,
        "reply_count": 0,
        "retweet_count": 0,
        "bookmark_count": 0,
        "content": "@TheFastSaga @Zerocases",
        "hashtags": []
    },
    {
        "rest_id": "1658490591876112394",
        "like_count": 0,
        "quote_count": 0,
        "reply_count": 0,
        "retweet_count": 0,
        "bookmark_count": 0,
        "content": "@TheFastSaga felt like i watched the entire movie",
        "hashtags": []
    },
    {
        "rest_id": "1658145490481950722",
        "like_count": 5,
        "quote_count": 0,
        "reply_count": 0,
        "retweet_count": 0,
        "bookmark_count": 0,
        "content": "@TheFastSaga Man i miss Paul walker and the older fast and furious back to street racing",
        "hashtags": []
    },
    {
        "rest_id": "1658386028108087301",
        "like_count": 0,
        "quote_count": 0,
        "reply_count": 0,
        "retweet_count": 0,
        "bookmark_count": 0,
        "content": "@TheFastSaga If Optimus prime can make a cameo, I want Sasuke in this movie and end the entire toretto family so we can end this shit.",
        "hashtags": []
    },
    {
        "rest_id": "1658285837015040000",
        "like_count": 0,
        "quote_count": 0,
        "reply_count": 0,
        "retweet_count": 0,
        "bookmark_count": 0,
        "content": "@TheFastSaga why tf is this shit so mf looooonnngggg",
        "hashtags": []
    },
    {
        "rest_id": "1658257067617001472",
        "like_count": 0,
        "quote_count": 0,
        "reply_count": 0,
        "retweet_count": 0,
        "bookmark_count": 0,
        "content": "@TheFastSaga Did you accidentally post the entire movie?",
        "hashtags": []
    },
    {
        "rest_id": "1658358155473227781",
        "like_count": 0,
        "quote_count": 0,
        "reply_count": 0,
        "retweet_count": 0,
        "bookmark_count": 0,
        "content": "@TheFastSaga 5 minutes trailer and this story is about?",
        "hashtags": []
    },
    {
        "rest_id": "1658151820899008512",
        "like_count": 121,
        "quote_count": 0,
        "reply_count": 5,
        "retweet_count": 3,
        "bookmark_count": 0,
        "content": "@TheFastSaga Are you intentionally showing half of the movie upfront?",
        "hashtags": []
    },
    {
        "rest_id": "1658215421391306753",
        "like_count": 1,
        "quote_count": 0,
        "reply_count": 0,
        "retweet_count": 0,
        "bookmark_count": 0,
        "content": "@TheFastSaga Why is this trailer so long",
        "hashtags": []
    },
    {
        "rest_id": "1658161206652284936",
        "like_count": 1,
        "quote_count": 0,
        "reply_count": 0,
        "retweet_count": 0,
        "bookmark_count": 0,
        "content": "@TheFastSaga Ojal\u00e1 fuera la pel\u00edcula final y no sacaran m\u00e1s",
        "hashtags": []
    },
    {
        "rest_id": "1658178609268551680",
        "like_count": 1,
        "quote_count": 0,
        "reply_count": 0,
        "retweet_count": 0,
        "bookmark_count": 0,
        "content": "@TheFastSaga Do i really need to watch movie?? I mean haven't they released every fucking thing. I can even point out timeline how movie events will occur.",
        "hashtags": []
    },
    {
        "rest_id": "1658181512213438466",
        "like_count": 1,
        "quote_count": 0,
        "reply_count": 0,
        "retweet_count": 0,
        "bookmark_count": 0,
        "content": "@TheFastSaga The beginning of the ending trilogy...... SMH nobody cares",
        "hashtags": []
    },
    {
        "rest_id": "1658144935588122631",
        "like_count": 2,
        "quote_count": 0,
        "reply_count": 0,
        "retweet_count": 0,
        "bookmark_count": 0,
        "content": "@TheFastSaga My goodness... I can\u00b4t wait to watch the whole movie... The trailer looks awesome.",
        "hashtags": []
    },
    {
        "rest_id": "1658233180413915138",
        "like_count": 0,
        "quote_count": 0,
        "reply_count": 0,
        "retweet_count": 0,
        "bookmark_count": 0,
        "content": "@TheFastSaga hot\ud83d\ude0d\ud83d\ude0d",
        "hashtags": []
    },
    {
        "rest_id": "1658232548479373313",
        "like_count": 1,
        "quote_count": 0,
        "reply_count": 0,
        "retweet_count": 0,
        "bookmark_count": 0,
        "content": "@TheFastSaga Lmao, a four and a half minute trailer for a movie that's releasing on Thurs that'll probably spoil the majority as if  it hasn't been already. I'll be seated though. https://t.co/0h1XAcX6XS",
        "hashtags": []
    },
    {
        "rest_id": "1658183591916888074",
        "like_count": 0,
        "quote_count": 0,
        "reply_count": 0,
        "retweet_count": 0,
        "bookmark_count": 0,
        "content": "@TheFastSaga Oh wow!",
        "hashtags": []
    },
    {
        "rest_id": "1658210651565596675",
        "like_count": 1,
        "quote_count": 0,
        "reply_count": 1,
        "retweet_count": 0,
        "bookmark_count": 0,
        "content": "@TheFastSaga Can't wait. \ud83d\ude4c",
        "hashtags": []
    },
    {
        "rest_id": "1658212516626075648",
        "like_count": 1,
        "quote_count": 0,
        "reply_count": 1,
        "retweet_count": 0,
        "bookmark_count": 0,
        "content": "@TheFastSaga Mf hit that AA\nhttps://t.co/B3WYV0dtYb",
        "hashtags": []
    },
    {
        "rest_id": "1658159533825437723",
        "like_count": 0,
        "quote_count": 0,
        "reply_count": 0,
        "retweet_count": 0,
        "bookmark_count": 0,
        "content": "@TheFastSaga Booom \ud83d\ude02\ud83d\ude02\ud83d\ude02\ud83d\ude02\ud83d\ude02\ud83d\ude02\ud83d\ude02\ud83d\ude02",
        "hashtags": []
    },
    {
        "rest_id": "1658183992565170176",
        "like_count": 0,
        "quote_count": 0,
        "reply_count": 0,
        "retweet_count": 0,
        "bookmark_count": 0,
        "content": "@TheFastSaga So, so bad.",
        "hashtags": []
    },
    {
        "rest_id": "1658143673580675072",
        "like_count": 1,
        "quote_count": 0,
        "reply_count": 0,
        "retweet_count": 0,
        "bookmark_count": 0,
        "content": "@TheFastSaga Ready for it! #FastX",
        "hashtags": [
            {
                "indices": [27, 33],
                "text": "FastX"
            }
        ]
    },
    {
        "rest_id": "1658464222584668160",
        "like_count": 0,
        "quote_count": 0,
        "reply_count": 0,
        "retweet_count": 0,
        "bookmark_count": 0,
        "content": "@TheFastSaga You know the worst thing? I'll be paying to watch this shit and enjoy it because I'm fogging addicted now \ud83d\ude2d\ud83d\ude2d\ud83d\ude2d",
        "hashtags": []
    },
    {
        "rest_id": "1658150031206281217",
        "like_count": 2,
        "quote_count": 0,
        "reply_count": 1,
        "retweet_count": 0,
        "bookmark_count": 0,
        "content": "@TheFastSaga The eternal ending \ud83e\udd21",
        "hashtags": []
    },
    {
        "rest_id": "1658142408196882432",
        "like_count": 1,
        "quote_count": 0,
        "reply_count": 0,
        "retweet_count": 0,
        "bookmark_count": 0,
        "content": "@TheFastSaga \ud83d\udd25\ud83d\udd25\ud83d\udd25",
        "hashtags": []
    },
    {
        "rest_id": "1658343475945799680",
        "like_count": 1,
        "quote_count": 0,
        "reply_count": 0,
        "retweet_count": 0,
        "bookmark_count": 0,
        "content": "@TheFastSaga https://t.co/nt0UWg0DgX",
        "hashtags": []
    },
    {
        "rest_id": "1658427221374107648",
        "like_count": 0,
        "quote_count": 0,
        "reply_count": 0,
        "retweet_count": 0,
        "bookmark_count": 0,
        "content": "@TheFastSaga I feel like I just watched the movie.",
        "hashtags": []
    },
    {
        "rest_id": "1658458885437489156",
        "like_count": 0,
        "quote_count": 0,
        "reply_count": 0,
        "retweet_count": 0,
        "bookmark_count": 0,
        "content": "@TheFastSaga https://t.co/bco3nhrVAH",
        "hashtags": []
    },
    {
        "rest_id": "1658493002233569280",
        "like_count": 0,
        "quote_count": 0,
        "reply_count": 1,
        "retweet_count": 0,
        "bookmark_count": 0,
        "content": "@TheFastSaga @nyokabZz @sky_maxamillion",
        "hashtags": []
    },
    {
        "rest_id": "1658144528753098752",
        "like_count": 21,
        "quote_count": 0,
        "reply_count": 0,
        "retweet_count": 1,
        "bookmark_count": 2,
        "content": "@TheFastSaga https://t.co/jmrmbYjaIi",
        "hashtags": []
    },
    {
        "rest_id": "1658142608630087680",
        "like_count": 5,
        "quote_count": 1,
        "reply_count": 0,
        "retweet_count": 1,
        "bookmark_count": 0,
        "content": "@TheFastSaga Thursday https://t.co/tnB8yji2Bt",
        "hashtags": []
    },
    {
        "rest_id": "1658144643018809344",
        "like_count": 6,
        "quote_count": 0,
        "reply_count": 0,
        "retweet_count": 0,
        "bookmark_count": 0,
        "content": "@TheFastSaga sick AF! And when we get that family moment with Angel Pt1 in the background \ud83e\udd79",
        "hashtags": []
    },
    {
        "rest_id": "1658232869330845700",
        "like_count": 4,
        "quote_count": 0,
        "reply_count": 0,
        "retweet_count": 0,
        "bookmark_count": 0,
        "content": "@TheFastSaga I\u2019m all for Jason Momoa channeling his version of The Joker https://t.co/bmYCIvAbjm",
        "hashtags": []
    },
    {
        "rest_id": "1658169822784438273",
        "like_count": 0,
        "quote_count": 0,
        "reply_count": 0,
        "retweet_count": 0,
        "bookmark_count": 0,
        "content": "@TheFastSaga @Zerocases",
        "hashtags": []
    },
    {
        "rest_id": "1658490591876112394",
        "like_count": 0,
        "quote_count": 0,
        "reply_count": 0,
        "retweet_count": 0,
        "bookmark_count": 0,
        "content": "@TheFastSaga felt like i watched the entire movie",
        "hashtags": []
    },
    {
        "rest_id": "1658145490481950722",
        "like_count": 5,
        "quote_count": 0,
        "reply_count": 0,
        "retweet_count": 0,
        "bookmark_count": 0,
        "content": "@TheFastSaga Man i miss Paul walker and the older fast and furious back to street racing",
        "hashtags": []
    },
    {
        "rest_id": "1658386028108087301",
        "like_count": 0,
        "quote_count": 0,
        "reply_count": 0,
        "retweet_count": 0,
        "bookmark_count": 0,
        "content": "@TheFastSaga If Optimus prime can make a cameo, I want Sasuke in this movie and end the entire toretto family so we can end this shit.",
        "hashtags": []
    },
    {
        "rest_id": "1658285837015040000",
        "like_count": 0,
        "quote_count": 0,
        "reply_count": 0,
        "retweet_count": 0,
        "bookmark_count": 0,
        "content": "@TheFastSaga why tf is this shit so mf looooonnngggg",
        "hashtags": []
    },
    {
        "rest_id": "1658257067617001472",
        "like_count": 0,
        "quote_count": 0,
        "reply_count": 0,
        "retweet_count": 0,
        "bookmark_count": 0,
        "content": "@TheFastSaga Did you accidentally post the entire movie?",
        "hashtags": []
    },
    {
        "rest_id": "1658358155473227781",
        "like_count": 0,
        "quote_count": 0,
        "reply_count": 0,
        "retweet_count": 0,
        "bookmark_count": 0,
        "content": "@TheFastSaga 5 minutes trailer and this story is about?",
        "hashtags": []
    },
    {
        "rest_id": "1658151820899008512",
        "like_count": 121,
        "quote_count": 0,
        "reply_count": 5,
        "retweet_count": 3,
        "bookmark_count": 0,
        "content": "@TheFastSaga Are you intentionally showing half of the movie upfront?",
        "hashtags": []
    },
    {
        "rest_id": "1658215421391306753",
        "like_count": 1,
        "quote_count": 0,
        "reply_count": 0,
        "retweet_count": 0,
        "bookmark_count": 0,
        "content": "@TheFastSaga Why is this trailer so long",
        "hashtags": []
    },
    {
        "rest_id": "1658161206652284936",
        "like_count": 1,
        "quote_count": 0,
        "reply_count": 0,
        "retweet_count": 0,
        "bookmark_count": 0,
        "content": "@TheFastSaga Ojal\u00e1 fuera la pel\u00edcula final y no sacaran m\u00e1s",
        "hashtags": []
    },
    {
        "rest_id": "1658178609268551680",
        "like_count": 1,
        "quote_count": 0,
        "reply_count": 0,
        "retweet_count": 0,
        "bookmark_count": 0,
        "content": "@TheFastSaga Do i really need to watch movie?? I mean haven't they released every fucking thing. I can even point out timeline how movie events will occur.",
        "hashtags": []
    },
    {
        "rest_id": "1658181512213438466",
        "like_count": 1,
        "quote_count": 0,
        "reply_count": 0,
        "retweet_count": 0,
        "bookmark_count": 0,
        "content": "@TheFastSaga The beginning of the ending trilogy...... SMH nobody cares",
        "hashtags": []
    },
    {
        "rest_id": "1658144935588122631",
        "like_count": 2,
        "quote_count": 0,
        "reply_count": 0,
        "retweet_count": 0,
        "bookmark_count": 0,
        "content": "@TheFastSaga My goodness... I can\u00b4t wait to watch the whole movie... The trailer looks awesome.",
        "hashtags": []
    },
    {
        "rest_id": "1658233180413915138",
        "like_count": 0,
        "quote_count": 0,
        "reply_count": 0,
        "retweet_count": 0,
        "bookmark_count": 0,
        "content": "@TheFastSaga hot\ud83d\ude0d\ud83d\ude0d",
        "hashtags": []
    },
    {
        "rest_id": "1658232548479373313",
        "like_count": 1,
        "quote_count": 0,
        "reply_count": 0,
        "retweet_count": 0,
        "bookmark_count": 0,
        "content": "@TheFastSaga Lmao, a four and a half minute trailer for a movie that's releasing on Thurs that'll probably spoil the majority as if  it hasn't been already. I'll be seated though. https://t.co/0h1XAcX6XS",
        "hashtags": []
    },
    {
        "rest_id": "1658183591916888074",
        "like_count": 0,
        "quote_count": 0,
        "reply_count": 0,
        "retweet_count": 0,
        "bookmark_count": 0,
        "content": "@TheFastSaga Oh wow!",
        "hashtags": []
    },
    {
        "rest_id": "1658210651565596675",
        "like_count": 1,
        "quote_count": 0,
        "reply_count": 1,
        "retweet_count": 0,
        "bookmark_count": 0,
        "content": "@TheFastSaga Can't wait. \ud83d\ude4c",
        "hashtags": []
    },
    {
        "rest_id": "1658212516626075648",
        "like_count": 1,
        "quote_count": 0,
        "reply_count": 1,
        "retweet_count": 0,
        "bookmark_count": 0,
        "content": "@TheFastSaga Mf hit that AA\nhttps://t.co/B3WYV0dtYb",
        "hashtags": []
    },
    {
        "rest_id": "1658159533825437723",
        "like_count": 0,
        "quote_count": 0,
        "reply_count": 0,
        "retweet_count": 0,
        "bookmark_count": 0,
        "content": "@TheFastSaga Booom \ud83d\ude02\ud83d\ude02\ud83d\ude02\ud83d\ude02\ud83d\ude02\ud83d\ude02\ud83d\ude02\ud83d\ude02",
        "hashtags": []
    },
    {
        "rest_id": "1658183992565170176",
        "like_count": 0,
        "quote_count": 0,
        "reply_count": 0,
        "retweet_count": 0,
        "bookmark_count": 0,
        "content": "@TheFastSaga So, so bad.",
        "hashtags": []
    },
    {
        "rest_id": "1658143673580675072",
        "like_count": 1,
        "quote_count": 0,
        "reply_count": 0,
        "retweet_count": 0,
        "bookmark_count": 0,
        "content": "@TheFastSaga Ready for it! #FastX",
        "hashtags": [
            {
                "indices": [27, 33],
                "text": "FastX"
            }
        ]
    },
    {
        "rest_id": "1658464222584668160",
        "like_count": 0,
        "quote_count": 0,
        "reply_count": 0,
        "retweet_count": 0,
        "bookmark_count": 0,
        "content": "@TheFastSaga You know the worst thing? I'll be paying to watch this shit and enjoy it because I'm fogging addicted now \ud83d\ude2d\ud83d\ude2d\ud83d\ude2d",
        "hashtags": []
    },
    {
        "rest_id": "1658150031206281217",
        "like_count": 2,
        "quote_count": 0,
        "reply_count": 1,
        "retweet_count": 0,
        "bookmark_count": 0,
        "content": "@TheFastSaga The eternal ending \ud83e\udd21",
        "hashtags": []
    },
    {
        "rest_id": "1658142408196882432",
        "like_count": 1,
        "quote_count": 0,
        "reply_count": 0,
        "retweet_count": 0,
        "bookmark_count": 0,
        "content": "@TheFastSaga \ud83d\udd25\ud83d\udd25\ud83d\udd25",
        "hashtags": []
    },
    {
        "rest_id": "1658343475945799680",
        "like_count": 1,
        "quote_count": 0,
        "reply_count": 0,
        "retweet_count": 0,
        "bookmark_count": 0,
        "content": "@TheFastSaga https://t.co/nt0UWg0DgX",
        "hashtags": []
    },
    {
        "rest_id": "1658427221374107648",
        "like_count": 0,
        "quote_count": 0,
        "reply_count": 0,
        "retweet_count": 0,
        "bookmark_count": 0,
        "content": "@TheFastSaga I feel like I just watched the movie.",
        "hashtags": []
    },
    {
        "rest_id": "1658458885437489156",
        "like_count": 0,
        "quote_count": 0,
        "reply_count": 0,
        "retweet_count": 0,
        "bookmark_count": 0,
        "content": "@TheFastSaga https://t.co/bco3nhrVAH",
        "hashtags": []
    },
    {
        "rest_id": "1658493002233569280",
        "like_count": 0,
        "quote_count": 0,
        "reply_count": 1,
        "retweet_count": 0,
        "bookmark_count": 0,
        "content": "@TheFastSaga @nyokabZz @sky_maxamillion",
        "hashtags": []
    },
    {
        "rest_id": "1658144528753098752",
        "like_count": 21,
        "quote_count": 0,
        "reply_count": 0,
        "retweet_count": 1,
        "bookmark_count": 2,
        "content": "@TheFastSaga https://t.co/jmrmbYjaIi",
        "hashtags": []
    },
    {
        "rest_id": "1658178792412569603",
        "like_count": 0,
        "quote_count": 0,
        "reply_count": 0,
        "retweet_count": 0,
        "bookmark_count": 0,
        "content": "@TheFastSaga Please dont ever listen to haters that want you to tone It down and go back to \"basics\" or whatever. You're doing just fine \ud83d\udc4c cant wait for friday",
        "hashtags": []
    },
    {
        "rest_id": "1658175811403276333",
        "like_count": 6,
        "quote_count": 0,
        "reply_count": 0,
        "retweet_count": 0,
        "bookmark_count": 0,
        "content": "@TheFastSaga https://t.co/Sd8RLkKGhQ",
        "hashtags": []
    },
    {
        "rest_id": "1658234268882026496",
        "like_count": 0,
        "quote_count": 0,
        "reply_count": 1,
        "retweet_count": 0,
        "bookmark_count": 0,
        "content": "@TheFastSaga Why tf is this almost 5 mins long. I felt like I just watched the whole film. Don\u2019t need to see it now (wasn\u2019t going to anyway)",
        "hashtags": []
    },
    {
        "rest_id": "1659536544422584320",
        "like_count": 0,
        "quote_count": 0,
        "reply_count": 0,
        "retweet_count": 0,
        "bookmark_count": 0,
        "content": "@TheFastSaga Today Coochbehar Vhabani Cinema Hall \ud83e\udd70 https://t.co/MB0SoCtNUf",
        "hashtags": []
    },
    {
        "rest_id": "1658219713355186183",
        "like_count": 0,
        "quote_count": 0,
        "reply_count": 0,
        "retweet_count": 0,
        "bookmark_count": 0,
        "content": "@TheFastSaga I could have watched an episode of Bluey instead",
        "hashtags": []
    },
    {
        "rest_id": "1658203518459584518",
        "like_count": 1,
        "quote_count": 0,
        "reply_count": 0,
        "retweet_count": 0,
        "bookmark_count": 0,
        "content": "@TheFastSaga There's no way I'm missing this buana\n\n@badstubb peana izo invites mapema ii\ud83d\ude02\ud83d\ude02\ud83d\ude02friday tunawakilisha",
        "hashtags": []
    },
    {
        "rest_id": "1658426317585666048",
        "like_count": 0,
        "quote_count": 0,
        "reply_count": 0,
        "retweet_count": 0,
        "bookmark_count": 0,
        "content": "@TheFastSaga Please stop \ud83d\ude29\ud83d\ude29",
        "hashtags": []
    },
    {
        "rest_id": "1659284983192645641",
        "like_count": 0,
        "quote_count": 0,
        "reply_count": 0,
        "retweet_count": 0,
        "bookmark_count": 0,
        "content": "@TheFastSaga @SaveVidBot",
        "hashtags": []
    },
    {
        "rest_id": "1658185473959886848",
        "like_count": 0,
        "quote_count": 0,
        "reply_count": 0,
        "retweet_count": 0,
        "bookmark_count": 0,
        "content": "@TheFastSaga I've been waiting for this for a long time \ud83d\udd25\ud83d\udd25\ud83d\udd25",
        "hashtags": []
    },
    {
        "rest_id": "1658159914026512407",
        "like_count": 1,
        "quote_count": 0,
        "reply_count": 0,
        "retweet_count": 0,
        "bookmark_count": 0,
        "content": "@TheFastSaga https://t.co/CJZpoPT0ca",
        "hashtags": []
    },
    {
        "rest_id": "1658154929469415424",
        "like_count": 1,
        "quote_count": 0,
        "reply_count": 0,
        "retweet_count": 0,
        "bookmark_count": 0,
        "content": "@TheFastSaga Me after watching the trailer #FASTX https://t.co/TKKfDvisQ5",
        "hashtags": [
            {
                "indices": [43, 49],
                "text": "FASTX"
            }
        ]
    },
    {
        "rest_id": "1658195477756780544",
        "like_count": 1,
        "quote_count": 0,
        "reply_count": 1,
        "retweet_count": 0,
        "bookmark_count": 0,
        "content": "@TheFastSaga @Sentrilic",
        "hashtags": []
    },
    {
        "rest_id": "1658142863623077891",
        "like_count": 2,
        "quote_count": 0,
        "reply_count": 0,
        "retweet_count": 0,
        "bookmark_count": 0,
        "content": "@TheFastSaga Yay excited",
        "hashtags": []
    },
    {
        "rest_id": "1658424914515472387",
        "like_count": 0,
        "quote_count": 0,
        "reply_count": 0,
        "retweet_count": 0,
        "bookmark_count": 0,
        "content": "@TheFastSaga Too much Informationen for Start \ud83d\ude35\u200d\ud83d\udcab\ud83e\udd74",
        "hashtags": []
    },
    {
        "rest_id": "1658150441333448705",
        "like_count": 180,
        "quote_count": 6,
        "reply_count": 11,
        "retweet_count": 14,
        "bookmark_count": 4,
        "content": "@TheFastSaga dawg, they got optimus prime \u2014 fast and furious is unserious \ud83d\ude05\ud83d\ude2d https://t.co/ajl1CYC4sh",
        "hashtags": []
    },
    {
        "rest_id": "1658295366390026241",
        "like_count": 0,
        "quote_count": 0,
        "reply_count": 1,
        "retweet_count": 0,
        "bookmark_count": 0,
        "content": "@TheFastSaga @SaveVidBot",
        "hashtags": []
    },
    {
        "rest_id": "1658201632838959105",
        "like_count": 0,
        "quote_count": 0,
        "reply_count": 0,
        "retweet_count": 0,
        "bookmark_count": 0,
        "content": "@TheFastSaga Ingresso comprado desde a semana passada,  s\u00f3 no aguardo",
        "hashtags": []
    },
    {
        "rest_id": "1658210651159023616",
        "like_count": 1,
        "quote_count": 0,
        "reply_count": 0,
        "retweet_count": 0,
        "bookmark_count": 0,
        "content": "@TheFastSaga https://t.co/pnPFKV2nWa",
        "hashtags": []
    },
    {
        "rest_id": "1659321572966948864",
        "like_count": 0,
        "quote_count": 0,
        "reply_count": 0,
        "retweet_count": 0,
        "bookmark_count": 0,
        "content": "@TheFastSaga Tyrese needs a check lol",
        "hashtags": []
    },
    {
        "rest_id": "1658188432810598414",
        "like_count": 0,
        "quote_count": 0,
        "reply_count": 0,
        "retweet_count": 0,
        "bookmark_count": 0,
        "content": "@TheFastSaga While I love the past movies.... I think I'm going to wait for this one on Netflix. Every trailer just looks like the last movie but instead it also has characters being killed off. Hmm.. someone was butt hurt of past events... not getting revenge. *cough, cough* Cena, now Jason.",
        "hashtags": []
    },
    {
        "rest_id": "1658290613383561216",
        "like_count": 0,
        "quote_count": 0,
        "reply_count": 0,
        "retweet_count": 0,
        "bookmark_count": 0,
        "content": "@TheFastSaga I legit just watched the whole movie \ud83d\udc80",
        "hashtags": []
    },
    {
        "rest_id": "1658281279748554757",
        "like_count": 0,
        "quote_count": 0,
        "reply_count": 0,
        "retweet_count": 0,
        "bookmark_count": 0,
        "content": "@TheFastSaga I\u2019m going to see it regardless but man, can\u2019t we go back to fighting over tuna sandwiches? Or maybe a Tokyo drift series with Han going back to Japan to take on the yakuza?",
        "hashtags": []
    },
    {
        "rest_id": "1658292885878439937",
        "like_count": 3,
        "quote_count": 0,
        "reply_count": 0,
        "retweet_count": 0,
        "bookmark_count": 0,
        "content": "@TheFastSaga WHY must this be five minutes long exactly?! It may as well just be the whole movie in this!",
        "hashtags": []
    },
    {
        "rest_id": "1658351039517523968",
        "like_count": 0,
        "quote_count": 0,
        "reply_count": 0,
        "retweet_count": 0,
        "bookmark_count": 0,
        "content": "@TheFastSaga Boom",
        "hashtags": []
    },
    {
        "rest_id": "1658150338472591360",
        "like_count": 0,
        "quote_count": 0,
        "reply_count": 1,
        "retweet_count": 0,
        "bookmark_count": 0,
        "content": "@TheFastSaga @Normal0sborn  paarunga",
        "hashtags": []
    },
    {
        "rest_id": "1658168695980544000",
        "like_count": 0,
        "quote_count": 0,
        "reply_count": 1,
        "retweet_count": 0,
        "bookmark_count": 0,
        "content": "@TheFastSaga Wow I think this one is gonna be the best yet",
        "hashtags": []
    },
    {
        "rest_id": "1658283955496402944",
        "like_count": 2,
        "quote_count": 0,
        "reply_count": 0,
        "retweet_count": 0,
        "bookmark_count": 0,
        "content": "@TheFastSaga Anyway\nIm sure it is better than antman https://t.co/ok282OxWsw",
        "hashtags": []
    },
    {
        "rest_id": "1658144988964745216",
        "like_count": 0,
        "quote_count": 0,
        "reply_count": 1,
        "retweet_count": 0,
        "bookmark_count": 0,
        "content": "@TheFastSaga Jason Statham is the only Reason this Movie will be \ud83d\udd25\ud83d\udd25\ud83d\udd25\ud83d\udd25\ud83d\udd25",
        "hashtags": []
    },
    {
        "rest_id": "1658161325627912215",
        "like_count": 0,
        "quote_count": 0,
        "reply_count": 1,
        "retweet_count": 0,
        "bookmark_count": 0,
        "content": "@TheFastSaga @SaveMyVideo save",
        "hashtags": []
    },
    {
        "rest_id": "1658898514150309888",
        "like_count": 0,
        "quote_count": 0,
        "reply_count": 0,
        "retweet_count": 0,
        "bookmark_count": 0,
        "content": "@TheFastSaga AHHHH I CAN'T FCKING WAIT!!",
        "hashtags": []
    },
    {
        "rest_id": "1658190125929488405",
        "like_count": 1,
        "quote_count": 0,
        "reply_count": 0,
        "retweet_count": 0,
        "bookmark_count": 0,
        "content": "@TheFastSaga Over 4 minutes \ud83e\udd28",
        "hashtags": []
    },
    {
        "rest_id": "1658569143895969799",
        "like_count": 0,
        "quote_count": 0,
        "reply_count": 0,
        "retweet_count": 0,
        "bookmark_count": 0,
        "content": "@TheFastSaga I hate LGBTq",
        "hashtags": []
    },
    {
        "rest_id": "1658555460348268547",
        "like_count": 0,
        "quote_count": 0,
        "reply_count": 0,
        "retweet_count": 0,
        "bookmark_count": 0,
        "content": "@TheFastSaga Quanta refer\u00eancia dos outros filmes \ud83e\udd0d ISSO T\u00c1 PERFEITO",
        "hashtags": []
    },
    {
        "rest_id": "1658430311129137152",
        "like_count": 0,
        "quote_count": 0,
        "reply_count": 0,
        "retweet_count": 0,
        "bookmark_count": 0,
        "content": "@TheFastSaga https://t.co/u2UDKIOb7L",
        "hashtags": []
    },
    {
        "rest_id": "1658171079171637249",
        "like_count": 2,
        "quote_count": 0,
        "reply_count": 0,
        "retweet_count": 0,
        "bookmark_count": 0,
        "content": "@TheFastSaga Whole movie and action scenes revealed only left is rock cameo in post credit",
        "hashtags": []
    },
    {
        "rest_id": "1658352392138805249",
        "like_count": 5,
        "quote_count": 0,
        "reply_count": 0,
        "retweet_count": 0,
        "bookmark_count": 0,
        "content": "@TheFastSaga Ufff D Toretto family \ud83d\udd25\ud83e\udd29 https://t.co/pkqdRRi6Ka",
        "hashtags": []
    },
    {
        "rest_id": "1658183928312651790",
        "like_count": 1,
        "quote_count": 0,
        "reply_count": 0,
        "retweet_count": 0,
        "bookmark_count": 0,
        "content": "@TheFastSaga Longest trailer EVER\ud83d\udd25\ud83d\udd25\ud83d\udd25#FastX",
        "hashtags": [
            {
                "indices": [36, 42],
                "text": "FastX"
            }
        ]
    },
    {
        "rest_id": "1658201198707765249",
        "like_count": 0,
        "quote_count": 0,
        "reply_count": 0,
        "retweet_count": 0,
        "bookmark_count": 0,
        "content": "@TheFastSaga Very Good",
        "hashtags": []
    },
    {
        "rest_id": "1658561757403664401",
        "like_count": 0,
        "quote_count": 0,
        "reply_count": 0,
        "retweet_count": 0,
        "bookmark_count": 0,
        "content": "@TheFastSaga Just end this franchise already.",
        "hashtags": []
    },
    {
        "rest_id": "1658559632149975040",
        "like_count": 0,
        "quote_count": 0,
        "reply_count": 0,
        "retweet_count": 0,
        "bookmark_count": 0,
        "content": "@TheFastSaga They recruited Captain Marvel \nFast/Anengers is happening people",
        "hashtags": []
    },
    {
        "rest_id": "1658143807806881793",
        "like_count": 0,
        "quote_count": 0,
        "reply_count": 0,
        "retweet_count": 0,
        "bookmark_count": 0,
        "content": "@TheFastSaga part one of the end of the road.",
        "hashtags": []
    },
    {
        "rest_id": "1658241524377812992",
        "like_count": 0,
        "quote_count": 0,
        "reply_count": 0,
        "retweet_count": 0,
        "bookmark_count": 0,
        "content": "@TheFastSaga Or the beginning to the next Road?",
        "hashtags": []
    },
    {
        "rest_id": "1658165379997261828",
        "like_count": 1,
        "quote_count": 0,
        "reply_count": 0,
        "retweet_count": 0,
        "bookmark_count": 0,
        "content": "@TheFastSaga \u270c\ufe0f\ud83d\udda4\ud83d\udd25",
        "hashtags": []
    },
    {
        "rest_id": "1658909751407951874",
        "like_count": 0,
        "quote_count": 0,
        "reply_count": 0,
        "retweet_count": 0,
        "bookmark_count": 0,
        "content": "@TheFastSaga I don't know for what reasons this part of the  series doesn't impress me much \ud83d\udc81\u200d\u2642\ufe0f miss him a lot  #PaulWalker  #brainoconnor  something is really missing",
        "hashtags": [
            {
                "indices": [113, 124],
                "text": "PaulWalker"
            },
            {
                "indices": [126, 139],
                "text": "brainoconnor"
            }
        ]
    },
    {
        "rest_id": "1658197233945423873",
        "like_count": 137,
        "quote_count": 0,
        "reply_count": 3,
        "retweet_count": 5,
        "bookmark_count": 1,
        "content": "@TheFastSaga Why is this the length of a SpongeBob episode?!\n\nSeeing half the movie in the trailer isn\u2019t going to make me want to buy tickets to see it again lol",
        "hashtags": []
    },
    {
        "rest_id": "1658242190244544513",
        "like_count": 3,
        "quote_count": 0,
        "reply_count": 1,
        "retweet_count": 0,
        "bookmark_count": 1,
        "content": "@TheFastSaga spectacular! I liked it thank you https://t.co/FJvZMTItqk",
        "hashtags": []
    },
    {
        "rest_id": "1658438939135410177",
        "like_count": 0,
        "quote_count": 0,
        "reply_count": 0,
        "retweet_count": 0,
        "bookmark_count": 0,
        "content": "@TheFastSaga Will it be on Netflix ?",
        "hashtags": []
    },
    {
        "rest_id": "1658200976556453888",
        "like_count": 1,
        "quote_count": 0,
        "reply_count": 1,
        "retweet_count": 0,
        "bookmark_count": 0,
        "content": "@TheFastSaga @joelnolancaro brahhhhhh",
        "hashtags": []
    },
    {
        "rest_id": "1658145319274659841",
        "like_count": 0,
        "quote_count": 0,
        "reply_count": 0,
        "retweet_count": 0,
        "bookmark_count": 0,
        "content": "@TheFastSaga In 48 hours!",
        "hashtags": []
    },
    {
        "rest_id": "1658342254766088192",
        "like_count": 0,
        "quote_count": 0,
        "reply_count": 0,
        "retweet_count": 0,
        "bookmark_count": 0,
        "content": "@TheFastSaga The end of Fast Saga? Finally, a finish line we've all been waiting for. \ud83c\udfc1\ud83c\udfac",
        "hashtags": []
    },
    {
        "rest_id": "1658468531485245441",
        "like_count": 0,
        "quote_count": 0,
        "reply_count": 0,
        "retweet_count": 0,
        "bookmark_count": 0,
        "content": "@TheFastSaga The end of the road begins (a seven part installment) then a new road begins Fast and Furious rebirth, then Fast Origins",
        "hashtags": []
    },
    {
        "rest_id": "1658166393567862784",
        "like_count": 0,
        "quote_count": 0,
        "reply_count": 0,
        "retweet_count": 0,
        "bookmark_count": 0,
        "content": "@TheFastSaga Bro almost a 5 minute trailer is absurd\u2026",
        "hashtags": []
    },
    {
        "rest_id": "1658972677497815040",
        "like_count": 0,
        "quote_count": 0,
        "reply_count": 0,
        "retweet_count": 0,
        "bookmark_count": 0,
        "content": "@TheFastSaga It was already ended in the road because last time they went to space.",
        "hashtags": []
    },
    {
        "rest_id": "1658501092370440193",
        "like_count": 0,
        "quote_count": 0,
        "reply_count": 0,
        "retweet_count": 0,
        "bookmark_count": 0,
        "content": "@TheFastSaga this is a long fucking road",
        "hashtags": []
    },
    {
        "rest_id": "1658227141522145286",
        "like_count": 0,
        "quote_count": 0,
        "reply_count": 0,
        "retweet_count": 0,
        "bookmark_count": 0,
        "content": "@TheFastSaga Non vediamo L\u2019ora",
        "hashtags": []
    },
    {
        "rest_id": "1658289741366718465",
        "like_count": 1,
        "quote_count": 0,
        "reply_count": 0,
        "retweet_count": 0,
        "bookmark_count": 0,
        "content": "@TheFastSaga So\u2026none of this is child endangerment? Noted.",
        "hashtags": []
    },
    {
        "rest_id": "1658142325179305984",
        "like_count": 7629,
        "quote_count": 1463,
        "reply_count": 242,
        "retweet_count": 2230,
        "bookmark_count": 386,
        "content": "The End of the Road Begins Friday. Watch the Final Trailer now. #FASTX https://t.co/hC9WhPP5nl",
        "hashtags": [
            {
                "indices": [64, 70],
                "text": "FASTX"
            }
        ]
    },
    {
        "rest_id": "1658178693703802880",
        "like_count": 0,
        "quote_count": 0,
        "reply_count": 0,
        "retweet_count": 0,
        "bookmark_count": 0,
        "content": "@TheFastSaga @ExplainThisBob",
        "hashtags": []
    },
    {
        "rest_id": "1658216298663256082",
        "like_count": 27,
        "quote_count": 1,
        "reply_count": 1,
        "retweet_count": 3,
        "bookmark_count": 0,
        "content": "@TheFastSaga Jason Momoa's character been plotting since Fast Five....oh they really are in danger this time.",
        "hashtags": []
    },
    {
        "rest_id": "1659966005156921344",
        "like_count": 0,
        "quote_count": 0,
        "reply_count": 0,
        "retweet_count": 0,
        "bookmark_count": 0,
        "content": "@TheFastSaga Love the shirt\ud83e\udd29",
        "hashtags": []
    },
    {
        "rest_id": "1658181528638062594",
        "like_count": 0,
        "quote_count": 0,
        "reply_count": 0,
        "retweet_count": 0,
        "bookmark_count": 0,
        "content": "@TheFastSaga FOUR AND A HALF MINUTES FOR A TRAILER ?????????",
        "hashtags": []
    },
    {
        "rest_id": "1658361722107834368",
        "like_count": 0,
        "quote_count": 0,
        "reply_count": 0,
        "retweet_count": 0,
        "bookmark_count": 0,
        "content": "@TheFastSaga @JennieNicole11",
        "hashtags": []
    },
    {
        "rest_id": "1658156979683045405",
        "like_count": 21,
        "quote_count": 0,
        "reply_count": 1,
        "retweet_count": 0,
        "bookmark_count": 0,
        "content": "@TheFastSaga Un tr\u00e1iler de casi 5 minutos, lo va a ver mi tia la Bernarda.",
        "hashtags": []
    },
    {
        "rest_id": "1658266287548792834",
        "like_count": 1,
        "quote_count": 0,
        "reply_count": 0,
        "retweet_count": 0,
        "bookmark_count": 0,
        "content": "@TheFastSaga When the iced coffee hits",
        "hashtags": []
    },
    {
        "rest_id": "1658200147728257026",
        "like_count": 0,
        "quote_count": 0,
        "reply_count": 0,
        "retweet_count": 0,
        "bookmark_count": 0,
        "content": "@TheFastSaga \"End of the road\" I cincerely fucking doubt it",
        "hashtags": []
    },
    {
        "rest_id": "1658473667544911875",
        "like_count": 0,
        "quote_count": 0,
        "reply_count": 0,
        "retweet_count": 0,
        "bookmark_count": 0,
        "content": "@TheFastSaga \ud83d\udd25",
        "hashtags": []
    },
    {
        "rest_id": "1658154949530857479",
        "like_count": 0,
        "quote_count": 0,
        "reply_count": 0,
        "retweet_count": 0,
        "bookmark_count": 0,
        "content": "@TheFastSaga end it already",
        "hashtags": []
    },
    {
        "rest_id": "1658302084444467206",
        "like_count": 1,
        "quote_count": 0,
        "reply_count": 0,
        "retweet_count": 0,
        "bookmark_count": 0,
        "content": "@TheFastSaga Did you know that you can upload full length movie on Twitter? Come on, don't be shy!",
        "hashtags": []
    },
    {
        "rest_id": "1658155289378471936",
        "like_count": 0,
        "quote_count": 0,
        "reply_count": 0,
        "retweet_count": 0,
        "bookmark_count": 0,
        "content": "@TheFastSaga Fuck",
        "hashtags": []
    },
    {
        "rest_id": "1658286474511663105",
        "like_count": 0,
        "quote_count": 0,
        "reply_count": 0,
        "retweet_count": 0,
        "bookmark_count": 0,
        "content": "@TheFastSaga This. Is. Fucking. Epic. https://t.co/9gkIOCuMms",
        "hashtags": []
    },
    {
        "rest_id": "1658224171472633857",
        "like_count": 177,
        "quote_count": 1,
        "reply_count": 1,
        "retweet_count": 0,
        "bookmark_count": 1,
        "content": "@TheFastSaga OMG it's so bad \ud83d\ude2d but it's so good at the same time https://t.co/PIulxeuDqd",
        "hashtags": []
    },
    {
        "rest_id": "1658891915465568258",
        "like_count": 1,
        "quote_count": 0,
        "reply_count": 0,
        "retweet_count": 1,
        "bookmark_count": 0,
        "content": "@TheFastSaga Love the shirt\ud83e\udd29",
        "hashtags": []
    },
    {
        "rest_id": "1658294236888854529",
        "like_count": 0,
        "quote_count": 0,
        "reply_count": 0,
        "retweet_count": 0,
        "bookmark_count": 0,
        "content": "@TheFastSaga Ya me vi la pelicula",
        "hashtags": []
    },
    {
        "rest_id": "1658183997166346247",
        "like_count": 0,
        "quote_count": 0,
        "reply_count": 0,
        "retweet_count": 0,
        "bookmark_count": 0,
        "content": "@TheFastSaga Is that reacher",
        "hashtags": []
    },
    {
        "rest_id": "1658143788282388480",
        "like_count": 419,
        "quote_count": 0,
        "reply_count": 2,
        "retweet_count": 3,
        "bookmark_count": 0,
        "content": "@TheFastSaga The first trailer second and third are pretty much the whole movie at this point\ud83e\udd23",
        "hashtags": []
    },
    {
        "rest_id": "1658180163417391104",
        "like_count": 0,
        "quote_count": 0,
        "reply_count": 0,
        "retweet_count": 0,
        "bookmark_count": 0,
        "content": "@TheFastSaga @LexTheVI",
        "hashtags": []
    },
    {
        "rest_id": "1658151326226821121",
        "like_count": 2,
        "quote_count": 0,
        "reply_count": 0,
        "retweet_count": 0,
        "bookmark_count": 0,
        "content": "@TheFastSaga BRIE LARSON OMG \ud83d\udc98",
        "hashtags": []
    },
    {
        "rest_id": "1658144808458760194",
        "like_count": 7,
        "quote_count": 0,
        "reply_count": 1,
        "retweet_count": 0,
        "bookmark_count": 1,
        "content": "@TheFastSaga CinemaSins, get your sin counter ready.",
        "hashtags": []
    },
    {
        "rest_id": "1658344929553178624",
        "like_count": 0,
        "quote_count": 0,
        "reply_count": 0,
        "retweet_count": 0,
        "bookmark_count": 0,
        "content": "@TheFastSaga \ud83d\ude02\ud83d\ude02\ud83d\ude02 NOT WITH HIS SON IN THE CAR!!!",
        "hashtags": []
    },
    {
        "rest_id": "1658370226332012544",
        "like_count": 0,
        "quote_count": 0,
        "reply_count": 0,
        "retweet_count": 0,
        "bookmark_count": 0,
        "content": "@TheFastSaga Jason Momoa either kills Letty or Dom\u2019s kid. Calling it now.",
        "hashtags": []
    },
    {
        "rest_id": "1658142642507591682",
        "like_count": 7,
        "quote_count": 0,
        "reply_count": 2,
        "retweet_count": 1,
        "bookmark_count": 0,
        "content": "@TheFastSaga It's not at least final movie from you \ud83d\ude02\ud83d\ude02 Vin Diesel leaked that you will make 3 more movies..",
        "hashtags": []
    },
    {
        "rest_id": "1658154741749231618",
        "like_count": 0,
        "quote_count": 0,
        "reply_count": 0,
        "retweet_count": 0,
        "bookmark_count": 0,
        "content": "@TheFastSaga @harryblinkzs Good trailer. But the saga needs to wind down now. \ud83d\ude4f",
        "hashtags": []
    },
    {
        "rest_id": "1658309558903934977",
        "like_count": 3,
        "quote_count": 0,
        "reply_count": 0,
        "retweet_count": 0,
        "bookmark_count": 0,
        "content": "@TheFastSaga This final trailer basically spoils the entire movie! https://t.co/nPZKty0a1v",
        "hashtags": []
    },
    {
        "rest_id": "1658177003558690824",
        "like_count": 0,
        "quote_count": 0,
        "reply_count": 0,
        "retweet_count": 0,
        "bookmark_count": 0,
        "content": "@TheFastSaga \"The End... In this timeline\"",
        "hashtags": []
    },
    {
        "rest_id": "1658179030162497541",
        "like_count": 0,
        "quote_count": 0,
        "reply_count": 0,
        "retweet_count": 0,
        "bookmark_count": 0,
        "content": "@TheFastSaga Epico",
        "hashtags": []
    },
    {
        "rest_id": "1658144671103696901",
        "like_count": 4,
        "quote_count": 0,
        "reply_count": 0,
        "retweet_count": 0,
        "bookmark_count": 0,
        "content": "@TheFastSaga Beyond ready to see this movie!!!!! #FastX",
        "hashtags": [
            {
                "indices": [49, 55],
                "text": "FastX"
            }
        ]
    },
    {
        "rest_id": "1658454334177247232",
        "like_count": 0,
        "quote_count": 0,
        "reply_count": 0,
        "retweet_count": 0,
        "bookmark_count": 0,
        "content": "@TheFastSaga Still can\u2019t believe there\u2019s still 2 more films after this",
        "hashtags": []
    },
    {
        "rest_id": "1658159184712544262",
        "like_count": 0,
        "quote_count": 0,
        "reply_count": 0,
        "retweet_count": 0,
        "bookmark_count": 0,
        "content": "@TheFastSaga \u2764\ufe0f\u200d\ud83d\udd25\u2764\ufe0f\u200d\ud83d\udd25\u2764\ufe0f\u200d\ud83d\udd25",
        "hashtags": []
    },
    {
        "rest_id": "1658166624254414848",
        "like_count": 0,
        "quote_count": 0,
        "reply_count": 0,
        "retweet_count": 0,
        "bookmark_count": 0,
        "content": "@TheFastSaga This is a 4.5 minute TRAILER ._.",
        "hashtags": []
    },
    {
        "rest_id": "1658320908648431616",
        "like_count": 1,
        "quote_count": 0,
        "reply_count": 0,
        "retweet_count": 1,
        "bookmark_count": 0,
        "content": "@TheFastSaga YUP GUYS ITS TIME TO PUT AN X IN IT #FastX",
        "hashtags": [
            {
                "indices": [49, 55],
                "text": "FastX"
            }
        ]
    },
    {
        "rest_id": "1658290622497800192",
        "like_count": 0,
        "quote_count": 0,
        "reply_count": 0,
        "retweet_count": 0,
        "bookmark_count": 0,
        "content": "@irvandytan @TheFastSaga Post credits",
        "hashtags": []
    },
    {
        "rest_id": "1658920926774284288",
        "like_count": 0,
        "quote_count": 0,
        "reply_count": 0,
        "retweet_count": 0,
        "bookmark_count": 0,
        "content": "@TheFastSaga A day late but it was STILLLLLLL  bad ass!!!",
        "hashtags": []
    },
    {
        "rest_id": "1658286269573607426",
        "like_count": 4,
        "quote_count": 0,
        "reply_count": 0,
        "retweet_count": 0,
        "bookmark_count": 0,
        "content": "@TheFastSaga So let me get this straight \nGroot, AquaMan, Peacemaker, Clea, Jack Reacher, Yondu / Savant, Captain Marvel, Ratcatcher 2 / aura, Simon Stroud, Hespera and The Hell Charger all in One Movie \ud83d\ude31",
        "hashtags": []
    },
    {
        "rest_id": "1658443153932779526",
        "like_count": 0,
        "quote_count": 0,
        "reply_count": 0,
        "retweet_count": 0,
        "bookmark_count": 0,
        "content": "@TheFastSaga Beginning of the End* \ud83e\udd23",
        "hashtags": []
    },
    {
        "rest_id": "1658255199759368192",
        "like_count": 1,
        "quote_count": 0,
        "reply_count": 0,
        "retweet_count": 0,
        "bookmark_count": 0,
        "content": "@TheFastSaga They even brought the Hell Charger from Ghost Rider, they are running out of unique cars to show in the movie \ud83d\ude2d\ud83d\ude2d\ud83d\ude2d",
        "hashtags": []
    },
    {
        "rest_id": "1658400988955394048",
        "like_count": 0,
        "quote_count": 0,
        "reply_count": 0,
        "retweet_count": 0,
        "bookmark_count": 0,
        "content": "@TheFastSaga Idk they lost the plot after FF7. It's not the same without Paul Walker.",
        "hashtags": []
    },
    {
        "rest_id": "1658303877601689601",
        "like_count": 2,
        "quote_count": 0,
        "reply_count": 0,
        "retweet_count": 0,
        "bookmark_count": 0,
        "content": "@TheFastSaga Nice",
        "hashtags": []
    },
    {
        "rest_id": "1658165822198788101",
        "like_count": 3,
        "quote_count": 0,
        "reply_count": 0,
        "retweet_count": 0,
        "bookmark_count": 0,
        "content": "@TheFastSaga I love this Franchise. As long as they make these movies, I\u2019ll pay to go see them.",
        "hashtags": []
    },
    {
        "rest_id": "1658309385263939584",
        "like_count": 0,
        "quote_count": 0,
        "reply_count": 0,
        "retweet_count": 0,
        "bookmark_count": 0,
        "content": "@TheFastSaga The ending has to see the family versus the expendables or I\u2019m going to be pissed.",
        "hashtags": []
    },
    {
        "rest_id": "1658274216058273796",
        "like_count": 0,
        "quote_count": 0,
        "reply_count": 0,
        "retweet_count": 0,
        "bookmark_count": 0,
        "content": "@TheFastSaga Too long\nDelete this",
        "hashtags": []
    },
    {
        "rest_id": "1658235368582569984",
        "like_count": 0,
        "quote_count": 0,
        "reply_count": 0,
        "retweet_count": 0,
        "bookmark_count": 0,
        "content": "@TheFastSaga Let\u2019s ride, family!!!!",
        "hashtags": []
    },
    {
        "rest_id": "1658160471311101969",
        "like_count": 0,
        "quote_count": 0,
        "reply_count": 0,
        "retweet_count": 0,
        "bookmark_count": 0,
        "content": "@TheFastSaga Why is it so long \ud83d\udc80",
        "hashtags": []
    },
    {
        "rest_id": "1658148667511980033",
        "like_count": 2,
        "quote_count": 0,
        "reply_count": 0,
        "retweet_count": 0,
        "bookmark_count": 0,
        "content": "@TheFastSaga Insane!! Can't wait!! https://t.co/mcocQXc38J",
        "hashtags": []
    },
    {
        "rest_id": "1658207392796909588",
        "like_count": 0,
        "quote_count": 0,
        "reply_count": 0,
        "retweet_count": 0,
        "bookmark_count": 0,
        "content": "@TheFastSaga @ItsOffcialAngel I hope you're ready. Damn it!!! Is it Friday yet. Can't wait",
        "hashtags": []
    },
    {
        "rest_id": "1658144608432586754",
        "like_count": 102,
        "quote_count": 0,
        "reply_count": 0,
        "retweet_count": 3,
        "bookmark_count": 1,
        "content": "@TheFastSaga https://t.co/Ms7v1b8IEk",
        "hashtags": []
    },
    {
        "rest_id": "1658148369502437376",
        "like_count": 13,
        "quote_count": 0,
        "reply_count": 0,
        "retweet_count": 1,
        "bookmark_count": 2,
        "content": "@TheFastSaga I CAN\u2019T WAIT FOR THIS FRIDAY. \ud83d\ude01\ud83c\udf9e\n\n#FastAndFurious #FastX #Fast10 #FastFamily https://t.co/VezTPLfH9E",
        "hashtags": [
            {
                "indices": [47, 62],
                "text": "FastAndFurious"
            },
            {
                "indices": [63, 69],
                "text": "FastX"
            },
            {
                "indices": [70, 77],
                "text": "Fast10"
            },
            {
                "indices": [78, 89],
                "text": "FastFamily"
            }
        ]
    },
    {
        "rest_id": "1658312826279145472",
        "like_count": 0,
        "quote_count": 0,
        "reply_count": 0,
        "retweet_count": 0,
        "bookmark_count": 0,
        "content": "@TheFastSaga Not watching all of that dawg",
        "hashtags": []
    },
    {
        "rest_id": "1658143091751272449",
        "like_count": 1,
        "quote_count": 0,
        "reply_count": 0,
        "retweet_count": 0,
        "bookmark_count": 0,
        "content": "@TheFastSaga \u2764\u200d\ud83d\udd25\ud83d\udd25",
        "hashtags": []
    },
    {
        "rest_id": "1658499560728145923",
        "like_count": 0,
        "quote_count": 0,
        "reply_count": 0,
        "retweet_count": 0,
        "bookmark_count": 0,
        "content": "@TheFastSaga This must be what they meant when they say \"Jesus take the wheel\" because he just drove down the side of a dam \ud83e\udd23\ud83e\udd23\ud83e\udd23\ud83e\udd23\ud83e\udd23\ud83e\udd23",
        "hashtags": []
    },
    {
        "rest_id": "1658355081304055809",
        "like_count": 0,
        "quote_count": 0,
        "reply_count": 0,
        "retweet_count": 0,
        "bookmark_count": 0,
        "content": "@TheFastSaga Any street racing in this one",
        "hashtags": []
    },
    {
        "rest_id": "1658145286525530118",
        "like_count": 0,
        "quote_count": 0,
        "reply_count": 0,
        "retweet_count": 0,
        "bookmark_count": 0,
        "content": "@TheFastSaga Yessssss let fvcking go #FastX",
        "hashtags": [
            {
                "indices": [37, 43],
                "text": "FastX"
            }
        ]
    },
    {
        "rest_id": "1658197047311228930",
        "like_count": 0,
        "quote_count": 0,
        "reply_count": 0,
        "retweet_count": 0,
        "bookmark_count": 0,
        "content": "@TheFastSaga https://t.co/ZoOvC9hCr9",
        "hashtags": []
    },
    {
        "rest_id": "1659161957792903168",
        "like_count": 0,
        "quote_count": 0,
        "reply_count": 0,
        "retweet_count": 0,
        "bookmark_count": 0,
        "content": "@TheFastSaga Loved it \ud83d\udc99\u2665\ufe0f\ud83d\udc4f\ud83c\udffe\ud83d\udc4f\ud83c\udffe\ud83d\udc4f\ud83c\udffe",
        "hashtags": []
    },
    {
        "rest_id": "1658147410458157058",
        "like_count": 2,
        "quote_count": 0,
        "reply_count": 1,
        "retweet_count": 0,
        "bookmark_count": 0,
        "content": "@TheFastSaga End of the road. Uh huh. I\u2019ll play along.",
        "hashtags": []
    },
    {
        "rest_id": "1658277219829964800",
        "like_count": 0,
        "quote_count": 0,
        "reply_count": 0,
        "retweet_count": 0,
        "bookmark_count": 0,
        "content": "@TheFastSaga Yeh this movie going to be assssss",
        "hashtags": []
    },
    {
        "rest_id": "1658162512532217856",
        "like_count": 10,
        "quote_count": 0,
        "reply_count": 0,
        "retweet_count": 0,
        "bookmark_count": 0,
        "content": "@TheFastSaga OH SWEET LORD!!!! \ud83d\ude31\ud83d\udede\ud83d\udca8\ud83d\udd25\ud83d\udd25\ud83d\udd25\ud83d\udd25 https://t.co/tBqjPddu21",
        "hashtags": []
    },
    {
        "rest_id": "1658322086849396736",
        "like_count": 0,
        "quote_count": 0,
        "reply_count": 0,
        "retweet_count": 0,
        "bookmark_count": 0,
        "content": "@TheFastSaga Glad to see the franchise going with more practical effects.",
        "hashtags": []
    },
    {
        "rest_id": "1658305564487852032",
        "like_count": 0,
        "quote_count": 0,
        "reply_count": 0,
        "retweet_count": 0,
        "bookmark_count": 0,
        "content": "@TheFastSaga Jason Momoa vs vin diesel in fast x all movies are imposible for future",
        "hashtags": []
    },
    {
        "rest_id": "1658222620301574152",
        "like_count": 2,
        "quote_count": 0,
        "reply_count": 0,
        "retweet_count": 0,
        "bookmark_count": 0,
        "content": "@TheFastSaga https://t.co/ZTmaLIA44F",
        "hashtags": []
    },
    {
        "rest_id": "1658154181046472704",
        "like_count": 1,
        "quote_count": 0,
        "reply_count": 0,
        "retweet_count": 0,
        "bookmark_count": 0,
        "content": "@TheFastSaga 4 fucking minutes",
        "hashtags": []
    },
    {
        "rest_id": "1658442031042117632",
        "like_count": 0,
        "quote_count": 0,
        "reply_count": 0,
        "retweet_count": 0,
        "bookmark_count": 0,
        "content": "@TheFastSaga Looks good \ud83d\udc4d",
        "hashtags": []
    },
    {
        "rest_id": "1658146523153149961",
        "like_count": 1,
        "quote_count": 0,
        "reply_count": 0,
        "retweet_count": 0,
        "bookmark_count": 0,
        "content": "@TheFastSaga One Helluva Final Trailer , can\u2019t wait till Thursday",
        "hashtags": []
    },
    {
        "rest_id": "1658232758567616512",
        "like_count": 0,
        "quote_count": 0,
        "reply_count": 0,
        "retweet_count": 0,
        "bookmark_count": 0,
        "content": "@TheFastSaga FAST TEN: YOUR SEATBELTS",
        "hashtags": []
    },
    {
        "rest_id": "1658217500721414146",
        "like_count": 0,
        "quote_count": 0,
        "reply_count": 0,
        "retweet_count": 0,
        "bookmark_count": 0,
        "content": "@TheFastSaga Why is this mf 4 minutes \ud83e\udd23",
        "hashtags": []
    },
    {
        "rest_id": "1658513726675247104",
        "like_count": 0,
        "quote_count": 0,
        "reply_count": 0,
        "retweet_count": 0,
        "bookmark_count": 0,
        "content": "@TheFastSaga \ud83d\udd25!",
        "hashtags": []
    },
    {
        "rest_id": "1658323823140171777",
        "like_count": 0,
        "quote_count": 0,
        "reply_count": 0,
        "retweet_count": 0,
        "bookmark_count": 0,
        "content": "@TheFastSaga https://t.co/LQkKsJl3OV",
        "hashtags": []
    }
]
