[
    {
        "rest_id": "1598449479082033152",
        "like_count": 11,
        "quote_count": 0,
        "reply_count": 1,
        "retweet_count": 0,
        "bookmark_count": 0,
        "content": "@Guardians HELL YEAH, also hearing In The Meantime getting the cinematic treatment has me overjoyed, that song is in my all-time top 5",
        "hashtags": []
    },
    {
        "rest_id": "1598535019181608960",
        "like_count": 0,
        "quote_count": 0,
        "reply_count": 0,
        "retweet_count": 0,
        "bookmark_count": 0,
        "content": "@Guardians https://t.co/jjFhDpddtl",
        "hashtags": []
    },
    {
        "rest_id": "1598483393016201219",
        "like_count": 3,
        "quote_count": 0,
        "reply_count": 0,
        "retweet_count": 0,
        "bookmark_count": 0,
        "content": "@Guardians https://t.co/fMn4KNh7ZH",
        "hashtags": []
    },
    {
        "rest_id": "1598456464376745984",
        "like_count": 0,
        "quote_count": 0,
        "reply_count": 0,
        "retweet_count": 0,
        "bookmark_count": 0,
        "content": "@Guardians https://t.co/GbahGc9QF3",
        "hashtags": []
    },
    {
        "rest_id": "1598442047492722688",
        "like_count": 13,
        "quote_count": 0,
        "reply_count": 1,
        "retweet_count": 0,
        "bookmark_count": 0,
        "content": "@Guardians I\u2019m crying \ud83d\ude2d",
        "hashtags": []
    },
    {
        "rest_id": "1603067884284293121",
        "like_count": 0,
        "quote_count": 0,
        "reply_count": 0,
        "retweet_count": 0,
        "bookmark_count": 0,
        "content": "@Guardians Yay! Gamora back ????",
        "hashtags": []
    },
    {
        "rest_id": "1598606490059051008",
        "like_count": 0,
        "quote_count": 0,
        "reply_count": 0,
        "retweet_count": 0,
        "bookmark_count": 0,
        "content": "@Guardians Did they just visit Zootopia? XD",
        "hashtags": []
    },
    {
        "rest_id": "1598450911269081127",
        "like_count": 0,
        "quote_count": 0,
        "reply_count": 0,
        "retweet_count": 0,
        "bookmark_count": 0,
        "content": "@Guardians 1:28 Adam Warlock!? I guess\ud83d\ude01",
        "hashtags": []
    },
    {
        "rest_id": "1598617213891710977",
        "like_count": 1,
        "quote_count": 0,
        "reply_count": 0,
        "retweet_count": 0,
        "bookmark_count": 0,
        "content": "@Guardians N\u00c3O ESTOU PRONTA PARA VER ROCKET MORRER!\ud83d\ude2d\ud83d\ude2d\ud83d\ude2d\ud83d\ude2d\ud83d\ude2d",
        "hashtags": []
    },
    {
        "rest_id": "1601332072689172481",
        "like_count": 3,
        "quote_count": 0,
        "reply_count": 0,
        "retweet_count": 0,
        "bookmark_count": 0,
        "content": "@Guardians https://t.co/aqV0gSiL3v",
        "hashtags": []
    },
    {
        "rest_id": "1598438089730531330",
        "like_count": 0,
        "quote_count": 0,
        "reply_count": 0,
        "retweet_count": 0,
        "bookmark_count": 0,
        "content": "@Guardians The new suits \ud83d\udca5\ud83d\udca5\ud83c\udf7f\ud83c\udf7f",
        "hashtags": []
    },
    {
        "rest_id": "1598456172947832832",
        "like_count": 0,
        "quote_count": 0,
        "reply_count": 0,
        "retweet_count": 0,
        "bookmark_count": 0,
        "content": "@Guardians No Rocket... Se nos va... \ud83d\ude2d",
        "hashtags": []
    },
    {
        "rest_id": "1598476376646029315",
        "like_count": 0,
        "quote_count": 0,
        "reply_count": 0,
        "retweet_count": 0,
        "bookmark_count": 0,
        "content": "@Guardians God Kiddie Marvel \ud83d\udca9",
        "hashtags": []
    },
    {
        "rest_id": "1661053355949711363",
        "like_count": 0,
        "quote_count": 0,
        "reply_count": 0,
        "retweet_count": 0,
        "bookmark_count": 0,
        "content": "@Guardians Wow! I'm totally blown away with the trailer! It's kinda surprising that @Guardians is marking the end of an era with the final film of the trilogy; but it seems that it's gonna be an epic one. Anyway, I'll be surely watching it! \ud83d\ude42\ud83d\ude0a\ud83d\ude00\ud83d\ude01\ud83d\ude4c\ud83d\udc4d\ud83d\udc4c\ud83d\udc4f\ud83d\ude4f\ud83e\udd1e\ud83c\udfa5\ud83c\udfac\ud83c\udf9e\ud83c\udfab\ud83c\udfad\ud83c\udf1f\ud83d\udc6e\u200d\u2642\ufe0f\ud83d\udc6e\ud83d\udef8\ud83d\ude80\ud83c\udf0c\ud83c\udf20\u2747\u2728\u2764\ufe0f",
        "hashtags": []
    },
    {
        "rest_id": "1598486730281259009",
        "like_count": 1,
        "quote_count": 0,
        "reply_count": 0,
        "retweet_count": 0,
        "bookmark_count": 0,
        "content": "@Guardians @pbmurdaa yoooo.",
        "hashtags": []
    },
    {
        "rest_id": "1598467907734077441",
        "like_count": 1,
        "quote_count": 0,
        "reply_count": 0,
        "retweet_count": 0,
        "bookmark_count": 0,
        "content": "@Guardians It's Rocket time \ud83d\ude14",
        "hashtags": []
    },
    {
        "rest_id": "1598442433469370369",
        "like_count": 4,
        "quote_count": 0,
        "reply_count": 0,
        "retweet_count": 0,
        "bookmark_count": 0,
        "content": "@Guardians https://t.co/cX2A0t5VQG",
        "hashtags": []
    },
    {
        "rest_id": "1598443833804587008",
        "like_count": 27,
        "quote_count": 0,
        "reply_count": 1,
        "retweet_count": 0,
        "bookmark_count": 0,
        "content": "@Guardians Oh, that Drax...\nMaking new friends... https://t.co/dl0vEZH0Pn",
        "hashtags": []
    },
    {
        "rest_id": "1598438131342131200",
        "like_count": 3,
        "quote_count": 0,
        "reply_count": 1,
        "retweet_count": 0,
        "bookmark_count": 0,
        "content": "@Guardians Man, if rocket dies imma be crying this whole damn movie",
        "hashtags": []
    },
    {
        "rest_id": "1598470958230241280",
        "like_count": 0,
        "quote_count": 0,
        "reply_count": 0,
        "retweet_count": 0,
        "bookmark_count": 0,
        "content": "@Guardians I need to know Groot's origins. The game nearly gave us some information but nah..",
        "hashtags": []
    },
    {
        "rest_id": "1598442686264102923",
        "like_count": 0,
        "quote_count": 0,
        "reply_count": 0,
        "retweet_count": 0,
        "bookmark_count": 0,
        "content": "@Guardians This looks good",
        "hashtags": []
    },
    {
        "rest_id": "1598464602362507264",
        "like_count": 2,
        "quote_count": 0,
        "reply_count": 0,
        "retweet_count": 0,
        "bookmark_count": 0,
        "content": "@Guardians ffffff my favorite guardian is gonna get a bunch of backstory and then die i can feel it in my bones",
        "hashtags": []
    },
    {
        "rest_id": "1598465908741386241",
        "like_count": 22,
        "quote_count": 0,
        "reply_count": 0,
        "retweet_count": 1,
        "bookmark_count": 0,
        "content": "@Guardians Who did y'all kill off and why do I have a bad feeling that it's going to be unbearable to take???? https://t.co/JL7dJfjrqB",
        "hashtags": []
    },
    {
        "rest_id": "1598446372017303552",
        "like_count": 1,
        "quote_count": 0,
        "reply_count": 0,
        "retweet_count": 0,
        "bookmark_count": 0,
        "content": "@Guardians adam warlock \ud83d\ude31",
        "hashtags": []
    },
    {
        "rest_id": "1598818726467411969",
        "like_count": 0,
        "quote_count": 0,
        "reply_count": 0,
        "retweet_count": 0,
        "bookmark_count": 0,
        "content": "@Guardians ADAM WARLOCK\u2b50\ufe0f",
        "hashtags": []
    },
    {
        "rest_id": "1598514457101193216",
        "like_count": 1,
        "quote_count": 0,
        "reply_count": 0,
        "retweet_count": 0,
        "bookmark_count": 0,
        "content": "@Guardians This movie is going to make me ugly cry, I just know it.",
        "hashtags": []
    },
    {
        "rest_id": "1598488655567687681",
        "like_count": 1,
        "quote_count": 0,
        "reply_count": 0,
        "retweet_count": 0,
        "bookmark_count": 0,
        "content": "@Guardians @egg_m_egg LYLLA!!!! https://t.co/uufWsKc7Rt",
        "hashtags": []
    },
    {
        "rest_id": "1599549953226858496",
        "like_count": 0,
        "quote_count": 0,
        "reply_count": 0,
        "retweet_count": 0,
        "bookmark_count": 0,
        "content": "@Guardians I didn't saw it yet, because i dont trust trailers anymore.. And I'm kind of afraid of it? Will Still watching it nonetheless.",
        "hashtags": []
    },
    {
        "rest_id": "1598568050869026818",
        "like_count": 4,
        "quote_count": 0,
        "reply_count": 0,
        "retweet_count": 0,
        "bookmark_count": 0,
        "content": "@Guardians Me, when Monday comes back around https://t.co/ToXoBhQxJV",
        "hashtags": []
    },
    {
        "rest_id": "1598439912801701891",
        "like_count": 14,
        "quote_count": 0,
        "reply_count": 1,
        "retweet_count": 0,
        "bookmark_count": 0,
        "content": "@Guardians yea rocket gon die",
        "hashtags": []
    },
    {
        "rest_id": "1623642445211746306",
        "like_count": 9,
        "quote_count": 0,
        "reply_count": 0,
        "retweet_count": 4,
        "bookmark_count": 0,
        "content": "@Guardians It's the most popular and awaited series that I hope will have as much excitement in this movie as in the first series and can have excitement and good special effects like the first movie!",
        "hashtags": []
    },
    {
        "rest_id": "1598511037430521862",
        "like_count": 0,
        "quote_count": 0,
        "reply_count": 0,
        "retweet_count": 0,
        "bookmark_count": 0,
        "content": "@Guardians Ohh my godd i love ittttt",
        "hashtags": []
    },
    {
        "rest_id": "1598468681431916545",
        "like_count": 1,
        "quote_count": 0,
        "reply_count": 0,
        "retweet_count": 0,
        "bookmark_count": 0,
        "content": "@Guardians https://t.co/XRsCe4ovUA",
        "hashtags": []
    },
    {
        "rest_id": "1624916281752428544",
        "like_count": 1,
        "quote_count": 0,
        "reply_count": 0,
        "retweet_count": 0,
        "bookmark_count": 0,
        "content": "@Guardians Always love the soundtracks don\u2019t disappoint!!",
        "hashtags": []
    },
    {
        "rest_id": "1605520971338760193",
        "like_count": 0,
        "quote_count": 0,
        "reply_count": 0,
        "retweet_count": 0,
        "bookmark_count": 0,
        "content": "@Guardians https://t.co/5SfkGdEaR5",
        "hashtags": []
    },
    {
        "rest_id": "1598440176434700288",
        "like_count": 0,
        "quote_count": 0,
        "reply_count": 0,
        "retweet_count": 0,
        "bookmark_count": 0,
        "content": "@Guardians I have never cried at a marvel trailer but this one for some reason made me I just love these films",
        "hashtags": []
    },
    {
        "rest_id": "1598441530431311877",
        "like_count": 0,
        "quote_count": 0,
        "reply_count": 0,
        "retweet_count": 0,
        "bookmark_count": 0,
        "content": "@Guardians Looks wicked that \ud83e\udd29",
        "hashtags": []
    },
    {
        "rest_id": "1598686989703839745",
        "like_count": 0,
        "quote_count": 0,
        "reply_count": 0,
        "retweet_count": 0,
        "bookmark_count": 0,
        "content": "@Guardians @jeh_teixeira",
        "hashtags": []
    },
    {
        "rest_id": "1601762964398538753",
        "like_count": 0,
        "quote_count": 0,
        "reply_count": 1,
        "retweet_count": 0,
        "bookmark_count": 0,
        "content": "@Guardians https://t.co/B5QSFj1bR7",
        "hashtags": []
    },
    {
        "rest_id": "1598442094041128963",
        "like_count": 0,
        "quote_count": 0,
        "reply_count": 0,
        "retweet_count": 0,
        "bookmark_count": 0,
        "content": "@Guardians Didn\u2019t Bill and Ted already face the music?",
        "hashtags": []
    },
    {
        "rest_id": "1598614305674502144",
        "like_count": 0,
        "quote_count": 0,
        "reply_count": 0,
        "retweet_count": 0,
        "bookmark_count": 0,
        "content": "@Guardians I'm not ready for this! This can't be the last of the guardians.",
        "hashtags": []
    },
    {
        "rest_id": "1598445843644026880",
        "like_count": 0,
        "quote_count": 0,
        "reply_count": 0,
        "retweet_count": 0,
        "bookmark_count": 0,
        "content": "@Guardians That awesome.",
        "hashtags": []
    },
    {
        "rest_id": "1600556442960166912",
        "like_count": 0,
        "quote_count": 0,
        "reply_count": 0,
        "retweet_count": 0,
        "bookmark_count": 0,
        "content": "@Guardians @MrsMMissy",
        "hashtags": []
    },
    {
        "rest_id": "1598454883757297665",
        "like_count": 0,
        "quote_count": 0,
        "reply_count": 0,
        "retweet_count": 0,
        "bookmark_count": 0,
        "content": "@Guardians LFG \ud83d\udd25",
        "hashtags": []
    },
    {
        "rest_id": "1598447241810923526",
        "like_count": 1,
        "quote_count": 0,
        "reply_count": 0,
        "retweet_count": 0,
        "bookmark_count": 0,
        "content": "@Guardians @andyparkart @Bi_futurista",
        "hashtags": []
    },
    {
        "rest_id": "1598617485535629314",
        "like_count": 0,
        "quote_count": 0,
        "reply_count": 0,
        "retweet_count": 0,
        "bookmark_count": 0,
        "content": "@Guardians Oh this is going to be great and sad at the same time",
        "hashtags": []
    },
    {
        "rest_id": "1603382798303346688",
        "like_count": 0,
        "quote_count": 0,
        "reply_count": 0,
        "retweet_count": 0,
        "bookmark_count": 0,
        "content": "@Guardians Jack Smith Is Putting Trump In Jail !\n#JackSmithIsPuttingTrumpInJail #Trump #ChristmasTree  #SantaClaus #AllIWantForChristmas \n#Xmas #Biden #JackSmith #DOJ #Republican #Democrat #HowardScottPearlman #DonaldTrumpJr \nhttps://t.co/jUAw6wteki",
        "hashtags": [
            {
                "indices": [49, 79],
                "text": "JackSmithIsPuttingTrumpInJail"
            },
            {
                "indices": [80, 86],
                "text": "Trump"
            },
            {
                "indices": [87, 101],
                "text": "ChristmasTree"
            },
            {
                "indices": [103, 114],
                "text": "SantaClaus"
            },
            {
                "indices": [115, 136],
                "text": "AllIWantForChristmas"
            },
            {
                "indices": [138, 143],
                "text": "Xmas"
            },
            {
                "indices": [144, 150],
                "text": "Biden"
            },
            {
                "indices": [151, 161],
                "text": "JackSmith"
            },
            {
                "indices": [162, 166],
                "text": "DOJ"
            },
            {
                "indices": [167, 178],
                "text": "Republican"
            },
            {
                "indices": [179, 188],
                "text": "Democrat"
            },
            {
                "indices": [189, 209],
                "text": "HowardScottPearlman"
            },
            {
                "indices": [210, 224],
                "text": "DonaldTrumpJr"
            }
        ]
    },
    {
        "rest_id": "1598440061280088064",
        "like_count": 1,
        "quote_count": 0,
        "reply_count": 0,
        "retweet_count": 0,
        "bookmark_count": 0,
        "content": "@Guardians Guardians are back!!! \ud83d\ude03\ud83d\ude03\ud83d\ude03",
        "hashtags": []
    },
    {
        "rest_id": "1598487721592365056",
        "like_count": 0,
        "quote_count": 0,
        "reply_count": 0,
        "retweet_count": 0,
        "bookmark_count": 0,
        "content": "@Guardians I\u2019m sorry, but Chukwudi Iwuji as the High Evolutionary looks atrocious. They didn\u2019t even bother trying to make him look anything like the character. It\u2019s not even CW television show levels of bad, it\u2019s on an entirely new level all on its own.",
        "hashtags": []
    },
    {
        "rest_id": "1599799170449055744",
        "like_count": 0,
        "quote_count": 0,
        "reply_count": 0,
        "retweet_count": 0,
        "bookmark_count": 0,
        "content": "@Guardians Crying tears of joy!!! #GotGVol3 #GuardiansOfTheGalaxy https://t.co/OvTvJ9Fhgc",
        "hashtags": [
            {
                "indices": [34, 43],
                "text": "GotGVol3"
            },
            {
                "indices": [44, 65],
                "text": "GuardiansOfTheGalaxy"
            }
        ]
    },
    {
        "rest_id": "1598437327738753030",
        "like_count": 1,
        "quote_count": 0,
        "reply_count": 0,
        "retweet_count": 0,
        "bookmark_count": 0,
        "content": "@Guardians A ME JEBE\u0160 I'VE BEEN WAITING FOR THAT FOR 7 YEARS",
        "hashtags": []
    },
    {
        "rest_id": "1631155963087450113",
        "like_count": 0,
        "quote_count": 0,
        "reply_count": 0,
        "retweet_count": 0,
        "bookmark_count": 0,
        "content": "@Guardians She right, so many other deaths that have happen do to our border being open starting with Covid being rampant who would open border during Covid! Joe Biden would!",
        "hashtags": []
    },
    {
        "rest_id": "1610455795245940738",
        "like_count": 0,
        "quote_count": 0,
        "reply_count": 0,
        "retweet_count": 0,
        "bookmark_count": 0,
        "content": "@Guardians Loved the Videogame, check it out at:\nhttps://t.co/5zjKdhUpw6\n\nPlease Subscribe!",
        "hashtags": []
    },
    {
        "rest_id": "1620986592088444929",
        "like_count": 0,
        "quote_count": 0,
        "reply_count": 0,
        "retweet_count": 0,
        "bookmark_count": 0,
        "content": "@Guardians If this is a Trailer \ud83e\udd14Than that can only mean we are in the past \ud83e\udd14Can we all watch your next adventure live\ud83d\udc4dWear body cams\ud83d\ude01\ud83d\udc4d\ud83d\ude0e It's now like 2 years getting a message from space\ud83d\udc4dWe watch 2 years later\ud83d\ude02",
        "hashtags": []
    },
    {
        "rest_id": "1598466470601687041",
        "like_count": 2,
        "quote_count": 0,
        "reply_count": 1,
        "retweet_count": 0,
        "bookmark_count": 0,
        "content": "@Guardians @preterniadotcom I\u2019m not ready for this\ud83d\ude05",
        "hashtags": []
    },
    {
        "rest_id": "1598439318846320640",
        "like_count": 0,
        "quote_count": 0,
        "reply_count": 0,
        "retweet_count": 0,
        "bookmark_count": 0,
        "content": "@Guardians Dope\ud83d\udc51\ud83d\udd25",
        "hashtags": []
    },
    {
        "rest_id": "1598782142539972608",
        "like_count": 0,
        "quote_count": 0,
        "reply_count": 0,
        "retweet_count": 0,
        "bookmark_count": 0,
        "content": "@Guardians My trailer reaction here! \nhttps://t.co/iFHhuB9pjV https://t.co/ZMAcAz7IHP",
        "hashtags": []
    },
    {
        "rest_id": "1598450047099850759",
        "like_count": 0,
        "quote_count": 0,
        "reply_count": 0,
        "retweet_count": 0,
        "bookmark_count": 0,
        "content": "@Guardians YES. SO EXCITED",
        "hashtags": []
    },
    {
        "rest_id": "1598443737449127936",
        "like_count": 4,
        "quote_count": 0,
        "reply_count": 0,
        "retweet_count": 1,
        "bookmark_count": 0,
        "content": "@Guardians #BREAKING BREAKING \n\nWE ARE READY TO FACE THE MUSIC ONE LAST TIME!!!\n\nLETS FING GOOO!!!!\n\ud83d\udd25\ud83d\udd25\ud83d\udd25\ud83d\udd25\ud83d\udd25\ud83d\udd25\n\n#CCXP2022 #GotGVol3 #facts #marvelyouruniverse RT \ud83d\udcaf @Guardians @MarvelStudios @Marvel #GuardiansOfTheGalaxyVol3 \n\n  https://t.co/nuSksvBFHN",
        "hashtags": [
            {
                "indices": [11, 20],
                "text": "BREAKING"
            },
            {
                "indices": [108, 117],
                "text": "CCXP2022"
            },
            {
                "indices": [118, 127],
                "text": "GotGVol3"
            },
            {
                "indices": [128, 134],
                "text": "facts"
            },
            {
                "indices": [135, 154],
                "text": "marvelyouruniverse"
            },
            {
                "indices": [194, 219],
                "text": "GuardiansOfTheGalaxyVol3"
            }
        ]
    },
    {
        "rest_id": "1598776170845085697",
        "like_count": 0,
        "quote_count": 0,
        "reply_count": 0,
        "retweet_count": 0,
        "bookmark_count": 0,
        "content": "@Guardians Thanks for the honor \ud83c\udde7\ud83c\uddf7 https://t.co/zPy9yb3ejd",
        "hashtags": []
    },
    {
        "rest_id": "1598459330290151436",
        "like_count": 2,
        "quote_count": 0,
        "reply_count": 0,
        "retweet_count": 0,
        "bookmark_count": 0,
        "content": "@Guardians Intense! https://t.co/jPzMG9K3Fm",
        "hashtags": []
    },
    {
        "rest_id": "1600631461568446464",
        "like_count": 7,
        "quote_count": 0,
        "reply_count": 1,
        "retweet_count": 1,
        "bookmark_count": 0,
        "content": "@Guardians Ever thought about adding a marsupial to the team? \ud83d\udc28",
        "hashtags": []
    }
]
