[
    {
        "rest_id": "1625243624702111747",
        "like_count": 0,
        "quote_count": 0,
        "reply_count": 0,
        "retweet_count": 0,
        "bookmark_count": 0,
        "content": "@Guardians @JamesGunn am sad to hear that Drax ain't making it out unscathed...wish we could have gotten a spin-off of his chracter",
        "hashtags": []
    },
    {
        "rest_id": "1624920634491916288",
        "like_count": 0,
        "quote_count": 0,
        "reply_count": 0,
        "retweet_count": 0,
        "bookmark_count": 0,
        "content": "@Guardians @JamesGunn Can\u2019t wait!",
        "hashtags": []
    },
    {
        "rest_id": "1641247775097786368",
        "like_count": 0,
        "quote_count": 0,
        "reply_count": 0,
        "retweet_count": 0,
        "bookmark_count": 0,
        "content": "@Guardians @JamesGunn .mM.k....m",
        "hashtags": []
    },
    {
        "rest_id": "1624916076764209152",
        "like_count": 1,
        "quote_count": 0,
        "reply_count": 0,
        "retweet_count": 0,
        "bookmark_count": 0,
        "content": "@Guardians @JamesGunn \ud83d\udd25\ud83d\udd25",
        "hashtags": []
    },
    {
        "rest_id": "1625002001439522817",
        "like_count": 0,
        "quote_count": 0,
        "reply_count": 0,
        "retweet_count": 0,
        "bookmark_count": 0,
        "content": "@Guardians @JamesGunn #GuardiansOfTheGalaxyVol3 IS ONE OF THE REASONS THAT I\u2019M BELIEVE IN MCU!!\n\n\u2604\ufe0f\ud83d\ude80\ud83c\udf1f\u2728\ud83d\udef8\u2b50\ufe0f\ud83c\udf19\ud83e\ude90\ud83d\udcab\u2728 https://t.co/F3Q4IM60Km",
        "hashtags": [
            {
                "indices": [22, 47],
                "text": "GuardiansOfTheGalaxyVol3"
            }
        ]
    },
    {
        "rest_id": "1642903305356554240",
        "like_count": 0,
        "quote_count": 0,
        "reply_count": 0,
        "retweet_count": 0,
        "bookmark_count": 0,
        "content": "@Guardians @JamesGunn Can't wait for #GuardiansOfTheGalaxyVol3 \ud83d\udc9b\ud83d\udc9b\ud83d\udc9b\ud83d\udc9b\ud83d\udc9b\ud83d\udc9b\ud83d\udc9b\ud83d\udc9b\ud83d\udc9b",
        "hashtags": [
            {
                "indices": [37, 62],
                "text": "GuardiansOfTheGalaxyVol3"
            }
        ]
    },
    {
        "rest_id": "1625139072946814977",
        "like_count": 0,
        "quote_count": 0,
        "reply_count": 0,
        "retweet_count": 0,
        "bookmark_count": 0,
        "content": "@Guardians @JamesGunn Didn't know Willem Dafoe follows this account, based.",
        "hashtags": []
    },
    {
        "rest_id": "1624923989423390722",
        "like_count": 1,
        "quote_count": 0,
        "reply_count": 1,
        "retweet_count": 0,
        "bookmark_count": 0,
        "content": "@Guardians @JamesGunn @DeepPurplePod I hope you are listening to that song in the background. Rainbow, @TheRealRitchieB and Graham Bonnet arrives in the Marvel world! \u2764\ufe0f",
        "hashtags": []
    },
    {
        "rest_id": "1624916911359397888",
        "like_count": 17,
        "quote_count": 0,
        "reply_count": 1,
        "retweet_count": 0,
        "bookmark_count": 1,
        "content": "@Guardians @JamesGunn Where's the helmet? https://t.co/XGO50s1OzZ",
        "hashtags": []
    },
    {
        "rest_id": "1624938023929491457",
        "like_count": 0,
        "quote_count": 0,
        "reply_count": 0,
        "retweet_count": 0,
        "bookmark_count": 0,
        "content": "@Guardians @JamesGunn #BoycottWBD #FireJamesGunnAndPeterSafran https://t.co/xYZn0iQu2X",
        "hashtags": [
            {
                "indices": [22, 33],
                "text": "BoycottWBD"
            },
            {
                "indices": [34, 62],
                "text": "FireJamesGunnAndPeterSafran"
            }
        ]
    },
    {
        "rest_id": "1624938002806894593",
        "like_count": 0,
        "quote_count": 0,
        "reply_count": 0,
        "retweet_count": 0,
        "bookmark_count": 0,
        "content": "@Guardians @JamesGunn #ReleaseTheAyerCut \ud83d\udc80 #SellSnyderVerseToNetflix https://t.co/WEWhmMGKRT",
        "hashtags": [
            {
                "indices": [22, 40],
                "text": "ReleaseTheAyerCut"
            },
            {
                "indices": [43, 68],
                "text": "SellSnyderVerseToNetflix"
            }
        ]
    },
    {
        "rest_id": "1624935296050638851",
        "like_count": 13,
        "quote_count": 0,
        "reply_count": 1,
        "retweet_count": 0,
        "bookmark_count": 2,
        "content": "@Guardians @JamesGunn Nooooo \ud83d\ude31\ud83d\ude2d https://t.co/TYmaWllsIv",
        "hashtags": []
    },
    {
        "rest_id": "1624915963970981889",
        "like_count": 14772,
        "quote_count": 757,
        "reply_count": 190,
        "retweet_count": 3419,
        "bookmark_count": 205,
        "content": "Get ready for one last ride. \n\nWatch the brand-new trailer for Marvel Studios\u2019 Guardians of the Galaxy Vol. 3, written and directed by @JamesGunn. Only in theaters May 5. #GotGVol3 https://t.co/vaxQJ5AZI5",
        "hashtags": [
            {
                "indices": [171, 180],
                "text": "GotGVol3"
            }
        ]
    },
    {
        "rest_id": "1624919300036231168",
        "like_count": 4,
        "quote_count": 0,
        "reply_count": 0,
        "retweet_count": 0,
        "bookmark_count": 0,
        "content": "@Guardians @JamesGunn I can not wait for #GotGVol3 but I also know I\u2019m going to need Kleenex. And one more thing doesn\u2019t #GotG have the best soundtracks \ud83c\udfbc Got to keep #StarLord happy \ud83c\udfa7 https://t.co/Jy7kvwvmd9",
        "hashtags": [
            {
                "indices": [41, 50],
                "text": "GotGVol3"
            },
            {
                "indices": [121, 126],
                "text": "GotG"
            },
            {
                "indices": [167, 176],
                "text": "StarLord"
            }
        ]
    },
    {
        "rest_id": "1624917606233948162",
        "like_count": 46,
        "quote_count": 0,
        "reply_count": 2,
        "retweet_count": 4,
        "bookmark_count": 0,
        "content": "@Guardians @JamesGunn Gets you right in the feels \ud83d\udc99",
        "hashtags": []
    },
    {
        "rest_id": "1625153404761931781",
        "like_count": 1,
        "quote_count": 0,
        "reply_count": 0,
        "retweet_count": 0,
        "bookmark_count": 0,
        "content": "@Guardians @JamesGunn Excited!!",
        "hashtags": []
    },
    {
        "rest_id": "1624939151022776320",
        "like_count": 0,
        "quote_count": 0,
        "reply_count": 0,
        "retweet_count": 0,
        "bookmark_count": 0,
        "content": "@Guardians @JamesGunn Lets go High Evo!",
        "hashtags": []
    },
    {
        "rest_id": "1624934590660894721",
        "like_count": 1,
        "quote_count": 0,
        "reply_count": 0,
        "retweet_count": 0,
        "bookmark_count": 0,
        "content": "@Guardians @3CFilmss @JamesGunn OMG ROCKET IS SO SMALL\ud83d\ude2d\ud83d\ude2d\ud83d\ude2d",
        "hashtags": []
    },
    {
        "rest_id": "1625082663903330304",
        "like_count": 0,
        "quote_count": 0,
        "reply_count": 0,
        "retweet_count": 0,
        "bookmark_count": 0,
        "content": "@Guardians @JamesGunn This is the new preview of Guardians of the Galaxy's 3?",
        "hashtags": []
    },
    {
        "rest_id": "1624916912651272194",
        "like_count": 0,
        "quote_count": 0,
        "reply_count": 0,
        "retweet_count": 0,
        "bookmark_count": 0,
        "content": "@Guardians @JamesGunn \ud83d\udd25 https://t.co/DTSYaK7zyK",
        "hashtags": []
    },
    {
        "rest_id": "1624922203236990976",
        "like_count": 12,
        "quote_count": 0,
        "reply_count": 0,
        "retweet_count": 0,
        "bookmark_count": 0,
        "content": "@Guardians @JamesGunn https://t.co/ZoCGsjDedE",
        "hashtags": []
    },
    {
        "rest_id": "1639620460248743938",
        "like_count": 0,
        "quote_count": 0,
        "reply_count": 0,
        "retweet_count": 0,
        "bookmark_count": 0,
        "content": "@Guardians @JamesGunn I'm ready",
        "hashtags": []
    },
    {
        "rest_id": "1624916861757591553",
        "like_count": 0,
        "quote_count": 0,
        "reply_count": 0,
        "retweet_count": 0,
        "bookmark_count": 0,
        "content": "@Guardians @JamesGunn @DoyersDave",
        "hashtags": []
    },
    {
        "rest_id": "1624930593627860993",
        "like_count": 0,
        "quote_count": 0,
        "reply_count": 0,
        "retweet_count": 0,
        "bookmark_count": 0,
        "content": "@Guardians @JamesGunn Hell yasssshhh!!!!",
        "hashtags": []
    },
    {
        "rest_id": "1624919669697302528",
        "like_count": 1,
        "quote_count": 0,
        "reply_count": 0,
        "retweet_count": 0,
        "bookmark_count": 0,
        "content": "@Guardians @JoeDaddyCorp @JamesGunn YEAAAAAH https://t.co/YcWtXdS1rL",
        "hashtags": []
    },
    {
        "rest_id": "1624918724326330368",
        "like_count": 0,
        "quote_count": 0,
        "reply_count": 0,
        "retweet_count": 0,
        "bookmark_count": 0,
        "content": "@Guardians @JamesGunn Will Peter and Variant Gamora end up together or is a New Romance starting for him!?",
        "hashtags": []
    },
    {
        "rest_id": "1625080728202498048",
        "like_count": 0,
        "quote_count": 0,
        "reply_count": 0,
        "retweet_count": 0,
        "bookmark_count": 0,
        "content": "@Guardians @JamesGunn @illestkhid",
        "hashtags": []
    },
    {
        "rest_id": "1624918768202706944",
        "like_count": 1,
        "quote_count": 0,
        "reply_count": 0,
        "retweet_count": 0,
        "bookmark_count": 0,
        "content": "@Guardians @JamesGunn Yes please!",
        "hashtags": []
    },
    {
        "rest_id": "1624916410425024514",
        "like_count": 0,
        "quote_count": 0,
        "reply_count": 0,
        "retweet_count": 0,
        "bookmark_count": 0,
        "content": "@Guardians @JamesGunn @anchitojavier",
        "hashtags": []
    },
    {
        "rest_id": "1624983969220505602",
        "like_count": 0,
        "quote_count": 0,
        "reply_count": 0,
        "retweet_count": 0,
        "bookmark_count": 0,
        "content": "@Guardians @TheRealMike31 @JamesGunn Feels? \nFeels is good. \n\nI love feels.\n\n*ready to sob in fetal position.",
        "hashtags": []
    },
    {
        "rest_id": "1624953950993784834",
        "like_count": 0,
        "quote_count": 0,
        "reply_count": 0,
        "retweet_count": 0,
        "bookmark_count": 0,
        "content": "@Guardians @JamesGunn He\u2019s finally here https://t.co/SzF2QD3KtP",
        "hashtags": []
    },
    {
        "rest_id": "1624944468473389056",
        "like_count": 0,
        "quote_count": 0,
        "reply_count": 0,
        "retweet_count": 0,
        "bookmark_count": 0,
        "content": "@Guardians @3CFilmss @JamesGunn I\u2019m not ready for you guys to be gone, I\u2019m %100 going to cry in this movie \ud83d\ude2d\ud83d\ude2d\ud83d\ude2d",
        "hashtags": []
    },
    {
        "rest_id": "1625021176434008064",
        "like_count": 0,
        "quote_count": 0,
        "reply_count": 0,
        "retweet_count": 0,
        "bookmark_count": 0,
        "content": "@Guardians @JamesGunn Goood\ud83d\udd25",
        "hashtags": []
    },
    {
        "rest_id": "1625191399380422665",
        "like_count": 0,
        "quote_count": 0,
        "reply_count": 0,
        "retweet_count": 0,
        "bookmark_count": 0,
        "content": "@Guardians @collectsideshow @JamesGunn KNOCK IT OFF!! \n\ud83d\ude02\ud83d\ude02\ud83d\ude02",
        "hashtags": []
    },
    {
        "rest_id": "1624923736850763776",
        "like_count": 0,
        "quote_count": 0,
        "reply_count": 0,
        "retweet_count": 0,
        "bookmark_count": 0,
        "content": "@Guardians @JamesGunn \ud83e\udd79\u2728",
        "hashtags": []
    },
    {
        "rest_id": "1632494779186438155",
        "like_count": 0,
        "quote_count": 0,
        "reply_count": 0,
        "retweet_count": 0,
        "bookmark_count": 0,
        "content": "@Guardians @JamesGunn Y\u2019all are blatantly telling me you\u2019re going to make me cry. \ud83d\ude2d I\u2019ve been waiting for May 2023 since 2020. And I hope @SummitMusicNews #summitMusicHall has another Nerd Prom party with whatever soundtrack is happening. It\u2019s a need! The Mix Tape volume 1 party was the best.",
        "hashtags": [
            {
                "indices": [155, 171],
                "text": "summitMusicHall"
            }
        ]
    },
    {
        "rest_id": "1625020653576527872",
        "like_count": 0,
        "quote_count": 0,
        "reply_count": 0,
        "retweet_count": 0,
        "bookmark_count": 0,
        "content": "@Guardians @JamesGunn Rockett \ud83e\udd79\ud83d\ude22\ud83d\ude2d https://t.co/v8lH6bEabI",
        "hashtags": []
    },
    {
        "rest_id": "1625124786979618816",
        "like_count": 0,
        "quote_count": 0,
        "reply_count": 0,
        "retweet_count": 0,
        "bookmark_count": 0,
        "content": "@Guardians @JamesGunn https://t.co/RgqU28Sf2J",
        "hashtags": []
    },
    {
        "rest_id": "1625068575688994816",
        "like_count": 0,
        "quote_count": 0,
        "reply_count": 0,
        "retweet_count": 0,
        "bookmark_count": 0,
        "content": "@Guardians @JamesGunn Hopefully will be a great end to the trilogy #Marvel",
        "hashtags": [
            {
                "indices": [67, 74],
                "text": "Marvel"
            }
        ]
    },
    {
        "rest_id": "1624923686884020224",
        "like_count": 0,
        "quote_count": 0,
        "reply_count": 0,
        "retweet_count": 0,
        "bookmark_count": 0,
        "content": "@Guardians @JamesGunn Watched #GuardiansOfTheGalaxyVol3 trailer. https://t.co/Vn3Md5WVZA",
        "hashtags": [
            {
                "indices": [30, 55],
                "text": "GuardiansOfTheGalaxyVol3"
            }
        ]
    },
    {
        "rest_id": "1624966379500720129",
        "like_count": 0,
        "quote_count": 0,
        "reply_count": 0,
        "retweet_count": 0,
        "bookmark_count": 0,
        "content": "@Guardians @JamesGunn definitivamente esta pel\u00edcula va a acabar con m\u00ed estabilidad emocional",
        "hashtags": []
    },
    {
        "rest_id": "1624918136431443968",
        "like_count": 10,
        "quote_count": 0,
        "reply_count": 0,
        "retweet_count": 0,
        "bookmark_count": 0,
        "content": "@Guardians @JamesGunn I can't believe this is the last time we will see this formation together. :(",
        "hashtags": []
    },
    {
        "rest_id": "1624921323892838402",
        "like_count": 0,
        "quote_count": 0,
        "reply_count": 0,
        "retweet_count": 0,
        "bookmark_count": 0,
        "content": "@Guardians @JamesGunn https://t.co/p27nmBIL3J",
        "hashtags": []
    },
    {
        "rest_id": "1625018753548431363",
        "like_count": 0,
        "quote_count": 0,
        "reply_count": 0,
        "retweet_count": 0,
        "bookmark_count": 0,
        "content": "@Guardians @JamesGunn Please don\u2019t kill Rocket and Lyla, I am still waiting for them to come get me and let me carry their stuff! @JamesGunn please!!!",
        "hashtags": []
    },
    {
        "rest_id": "1624944346809176064",
        "like_count": 1,
        "quote_count": 0,
        "reply_count": 1,
        "retweet_count": 0,
        "bookmark_count": 0,
        "content": "@Guardians @JamesGunn @bumblrr MIGA MIGA",
        "hashtags": []
    },
    {
        "rest_id": "1624946817400991745",
        "like_count": 0,
        "quote_count": 0,
        "reply_count": 0,
        "retweet_count": 0,
        "bookmark_count": 0,
        "content": "@Guardians @JamesGunn The only movie from Marvel in years that looks cinematic. Excluding Dr. Strange 2",
        "hashtags": []
    },
    {
        "rest_id": "1624916898730082307",
        "like_count": 6,
        "quote_count": 0,
        "reply_count": 0,
        "retweet_count": 0,
        "bookmark_count": 0,
        "content": "@Guardians @JamesGunn This is going to be so freaking sad.... bring all the tissues.",
        "hashtags": []
    },
    {
        "rest_id": "1624920747218010112",
        "like_count": 0,
        "quote_count": 0,
        "reply_count": 1,
        "retweet_count": 0,
        "bookmark_count": 0,
        "content": "@Guardians @JamesGunn I feel like one last ride was used already...",
        "hashtags": []
    },
    {
        "rest_id": "1625099766190206976",
        "like_count": 0,
        "quote_count": 0,
        "reply_count": 0,
        "retweet_count": 0,
        "bookmark_count": 0,
        "content": "@Guardians @JamesGunn Can\u2019t wait for this to come out",
        "hashtags": []
    },
    {
        "rest_id": "1624916299376742400",
        "like_count": 0,
        "quote_count": 0,
        "reply_count": 0,
        "retweet_count": 0,
        "bookmark_count": 0,
        "content": "@Guardians @JamesGunn Me after watching the trailer #GotGVol3 https://t.co/b0vwgjUk1q",
        "hashtags": [
            {
                "indices": [52, 61],
                "text": "GotGVol3"
            }
        ]
    },
    {
        "rest_id": "1627526320887582721",
        "like_count": 0,
        "quote_count": 0,
        "reply_count": 0,
        "retweet_count": 0,
        "bookmark_count": 0,
        "content": "@Guardians @JamesGunn The Guardians of the Galaxy\n\nThe Guardians of the Galaxy, a team of heroes strong.\nTheir mission is to save the world from danger and wrong.\nAn epic ride is waiting, with action, fun and thrills.\nSo get ready for one last ride, in theaters May 5th!",
        "hashtags": []
    },
    {
        "rest_id": "1624916764927614978",
        "like_count": 1,
        "quote_count": 0,
        "reply_count": 0,
        "retweet_count": 0,
        "bookmark_count": 0,
        "content": "@Guardians @JamesGunn DUB",
        "hashtags": []
    },
    {
        "rest_id": "1624946782949060616",
        "like_count": 1,
        "quote_count": 0,
        "reply_count": 0,
        "retweet_count": 0,
        "bookmark_count": 0,
        "content": "@Guardians Guardians of the galaxy vol 3 is going to be the best guardians movie",
        "hashtags": []
    },
    {
        "rest_id": "1641937534174330882",
        "like_count": 0,
        "quote_count": 0,
        "reply_count": 0,
        "retweet_count": 0,
        "bookmark_count": 0,
        "content": "@Guardians @JamesGunn When do tickets go on sale please?",
        "hashtags": []
    },
    {
        "rest_id": "1624934097884676097",
        "like_count": 0,
        "quote_count": 0,
        "reply_count": 0,
        "retweet_count": 0,
        "bookmark_count": 0,
        "content": "@Guardians @JamesGunn \ud83d\ude00\ud83d\ude4c",
        "hashtags": []
    },
    {
        "rest_id": "1624918626125119488",
        "like_count": 1251,
        "quote_count": 0,
        "reply_count": 35,
        "retweet_count": 37,
        "bookmark_count": 4,
        "content": "@Guardians \ud83d\ude4f",
        "hashtags": []
    },
    {
        "rest_id": "1624920744814600192",
        "like_count": 2,
        "quote_count": 0,
        "reply_count": 0,
        "retweet_count": 0,
        "bookmark_count": 0,
        "content": "@Guardians @JamesGunn https://t.co/ZIJ2If2Uxw",
        "hashtags": []
    },
    {
        "rest_id": "1625014659211198466",
        "like_count": 0,
        "quote_count": 0,
        "reply_count": 0,
        "retweet_count": 0,
        "bookmark_count": 0,
        "content": "@Guardians @JamesGunn Why do i have a feeling drax is about to die in this.",
        "hashtags": []
    },
    {
        "rest_id": "1624918849882554372",
        "like_count": 1,
        "quote_count": 0,
        "reply_count": 0,
        "retweet_count": 0,
        "bookmark_count": 0,
        "content": "@Guardians @JamesGunn TAKE MY MONEY RIGHT NOW!!!!",
        "hashtags": []
    },
    {
        "rest_id": "1624918415210082308",
        "like_count": 0,
        "quote_count": 0,
        "reply_count": 1,
        "retweet_count": 0,
        "bookmark_count": 0,
        "content": "@Guardians @JamesGunn @jexrji gonna cry",
        "hashtags": []
    },
    {
        "rest_id": "1624921933807775745",
        "like_count": 0,
        "quote_count": 0,
        "reply_count": 0,
        "retweet_count": 0,
        "bookmark_count": 0,
        "content": "@Guardians @JamesGunn Klo judulnya dah *the last... , bakal sedih ini eh #GotGVol3",
        "hashtags": [
            {
                "indices": [73, 82],
                "text": "GotGVol3"
            }
        ]
    },
    {
        "rest_id": "1624917294634631169",
        "like_count": 0,
        "quote_count": 0,
        "reply_count": 0,
        "retweet_count": 0,
        "bookmark_count": 0,
        "content": "@Guardians @JamesGunn Nice",
        "hashtags": []
    },
    {
        "rest_id": "1624938273146605577",
        "like_count": 2,
        "quote_count": 0,
        "reply_count": 0,
        "retweet_count": 0,
        "bookmark_count": 0,
        "content": "@Guardians @JamesGunn Reaction \ud83d\udc49 https://t.co/00h9lOL9Yb https://t.co/Oe1EDyNUl2",
        "hashtags": []
    },
    {
        "rest_id": "1624923874092630016",
        "like_count": 1,
        "quote_count": 0,
        "reply_count": 0,
        "retweet_count": 0,
        "bookmark_count": 0,
        "content": "@Guardians @JamesGunn OMG! One of my favorite Rainbow songs!  Since You Been Gone!",
        "hashtags": []
    },
    {
        "rest_id": "1624916186398859264",
        "like_count": 0,
        "quote_count": 0,
        "reply_count": 0,
        "retweet_count": 0,
        "bookmark_count": 0,
        "content": "@Guardians @JamesGunn LFG \ud83d\udd25",
        "hashtags": []
    },
    {
        "rest_id": "1625175655523704840",
        "like_count": 0,
        "quote_count": 0,
        "reply_count": 0,
        "retweet_count": 0,
        "bookmark_count": 0,
        "content": "@Guardians @JamesGunn Very Very Beautiful Trailer Ha\ud83d\ude09\ud83d\ude0d\ud83e\udd70\ud83d\ude0e\ud83e\udd17\ud83d\ude1a",
        "hashtags": []
    },
    {
        "rest_id": "1644036016314146817",
        "like_count": 0,
        "quote_count": 0,
        "reply_count": 0,
        "retweet_count": 0,
        "bookmark_count": 0,
        "content": "@Guardians @JamesGunn Yay excited",
        "hashtags": []
    },
    {
        "rest_id": "1625035004265865218",
        "like_count": 0,
        "quote_count": 0,
        "reply_count": 0,
        "retweet_count": 0,
        "bookmark_count": 0,
        "content": "@Guardians @JamesGunn I feel this will it end well. I'm going to have to watch the Christmas special after as a comfort blanket. I just know it. Haha.",
        "hashtags": []
    },
    {
        "rest_id": "1624945545243668481",
        "like_count": 0,
        "quote_count": 0,
        "reply_count": 0,
        "retweet_count": 0,
        "bookmark_count": 0,
        "content": "@Guardians @JamesGunn This is the movie I've been waiting for so long from marvel",
        "hashtags": []
    },
    {
        "rest_id": "1625319217431019521",
        "like_count": 0,
        "quote_count": 0,
        "reply_count": 1,
        "retweet_count": 0,
        "bookmark_count": 0,
        "content": "@Guardians @JamesGunn @real_sam_fisher",
        "hashtags": []
    },
    {
        "rest_id": "1624940707617329152",
        "like_count": 0,
        "quote_count": 0,
        "reply_count": 0,
        "retweet_count": 0,
        "bookmark_count": 0,
        "content": "@Guardians @JamesGunn My boy lookin good.\n\nGroot Wayne?\nGroot Eastwood?\nGroot Woo? https://t.co/FN2jtHNFdi",
        "hashtags": []
    },
    {
        "rest_id": "1624941692871745536",
        "like_count": 0,
        "quote_count": 0,
        "reply_count": 0,
        "retweet_count": 0,
        "bookmark_count": 0,
        "content": "@Guardians @JamesGunn WHAT A TRAILER",
        "hashtags": []
    }
]
