[
    {
        "rest_id": "1491968216314171395",
        "like_count": 0,
        "quote_count": 0,
        "reply_count": 0,
        "retweet_count": 0,
        "bookmark_count": 0,
        "content": "@JurassicWorld Hehekdidjsokww seesuhsgwysjsjsj",
        "hashtags": []
    },
    {
        "rest_id": "1491808777330327560",
        "like_count": 63,
        "quote_count": 0,
        "reply_count": 3,
        "retweet_count": 6,
        "bookmark_count": 2,
        "content": "@JurassicWorld Quetzalcoatlus my beloved \u2764\ufe0f\u2764\ufe0f https://t.co/3Q6PjbS2Gj",
        "hashtags": []
    },
    {
        "rest_id": "1491872062943776772",
        "like_count": 0,
        "quote_count": 0,
        "reply_count": 0,
        "retweet_count": 0,
        "bookmark_count": 0,
        "content": "@JurassicWorld yesssssss.....",
        "hashtags": []
    },
    {
        "rest_id": "1491799403635511297",
        "like_count": 72,
        "quote_count": 0,
        "reply_count": 12,
        "retweet_count": 0,
        "bookmark_count": 0,
        "content": "@JurassicWorld I can't wait to watch this. https://t.co/qOdTFfloWy",
        "hashtags": []
    },
    {
        "rest_id": "1492047171004211203",
        "like_count": 0,
        "quote_count": 0,
        "reply_count": 0,
        "retweet_count": 0,
        "bookmark_count": 0,
        "content": "@JurassicWorld Was that Ians daughter in there too \ud83d\udc40",
        "hashtags": []
    },
    {
        "rest_id": "1491841561092624397",
        "like_count": 10,
        "quote_count": 0,
        "reply_count": 0,
        "retweet_count": 0,
        "bookmark_count": 0,
        "content": "@Joshua_Malone \ud83d\ude2d\ud83d\udc4f",
        "hashtags": []
    },
    {
        "rest_id": "1491790638005690376",
        "like_count": 1,
        "quote_count": 0,
        "reply_count": 1,
        "retweet_count": 0,
        "bookmark_count": 0,
        "content": "@JurassicWorld Oh @UltrasaurusTv! LOOKIE! LOOKIE! \ud83e\udd96\ud83e\udd95",
        "hashtags": []
    },
    {
        "rest_id": "1491783073322700800",
        "like_count": 47,
        "quote_count": 0,
        "reply_count": 1,
        "retweet_count": 10,
        "bookmark_count": 0,
        "content": "@JurassicWorld Me excited watching Ellie and Allan work together again #JurassicWorldDominion https://t.co/2r2bWPpIE8",
        "hashtags": [
            {
                "indices": [71, 93],
                "text": "JurassicWorldDominion"
            }
        ]
    },
    {
        "rest_id": "1491798640209190916",
        "like_count": 0,
        "quote_count": 0,
        "reply_count": 1,
        "retweet_count": 0,
        "bookmark_count": 0,
        "content": "@JurassicWorld @vitoso117",
        "hashtags": []
    },
    {
        "rest_id": "1491836160867508225",
        "like_count": 2,
        "quote_count": 0,
        "reply_count": 1,
        "retweet_count": 0,
        "bookmark_count": 0,
        "content": "@JurassicWorld This is might be the best one out of the new trilogy",
        "hashtags": []
    },
    {
        "rest_id": "1491798284624531456",
        "like_count": 0,
        "quote_count": 0,
        "reply_count": 2,
        "retweet_count": 0,
        "bookmark_count": 0,
        "content": "@JurassicWorld #JURASSICWORLD #JurassicWorldDominion  I need to know how did the world got all these dinosaurs ?  I know when they were released at the end of the last movie there weren\u2019t as multiple of the same species.",
        "hashtags": [
            {
                "indices": [15, 29],
                "text": "JURASSICWORLD"
            },
            {
                "indices": [30, 52],
                "text": "JurassicWorldDominion"
            }
        ]
    },
    {
        "rest_id": "1491781199995424768",
        "like_count": 40,
        "quote_count": 0,
        "reply_count": 2,
        "retweet_count": 3,
        "bookmark_count": 0,
        "content": "@JurassicWorld Goosebumps EVERYWHERE! https://t.co/k2Cb22fHtR",
        "hashtags": []
    },
    {
        "rest_id": "1491787833886982150",
        "like_count": 1344,
        "quote_count": 19,
        "reply_count": 25,
        "retweet_count": 137,
        "bookmark_count": 16,
        "content": "@JurassicWorld I MADE IT! I MADE IT!!!!!!!!\n\nYEEEEESSSSSSS!!!\n\nFINALLY, 29 YEARS, 29 YEARS AND ITS FINALLY OVER. \n\nI LOVE YOU @colintrevorrow. YOU REALLY DID APPRECIATE THIS ARGUMENT!! https://t.co/F1q9XlgKri",
        "hashtags": []
    },
    {
        "rest_id": "1521969447942074368",
        "like_count": 32,
        "quote_count": 0,
        "reply_count": 1,
        "retweet_count": 0,
        "bookmark_count": 0,
        "content": "@The_1_spitter @colintrevorrow https://t.co/dL0UKlYDXV",
        "hashtags": []
    },
    {
        "rest_id": "1491791814726017025",
        "like_count": 8,
        "quote_count": 0,
        "reply_count": 1,
        "retweet_count": 0,
        "bookmark_count": 0,
        "content": "@JurassicWorld @lucypeps LOOK LOOK LOOK!!!",
        "hashtags": []
    },
    {
        "rest_id": "1491873508858728449",
        "like_count": 1,
        "quote_count": 0,
        "reply_count": 1,
        "retweet_count": 0,
        "bookmark_count": 0,
        "content": "@JurassicWorld @MoodyyMara_",
        "hashtags": []
    },
    {
        "rest_id": "1491793423568752642",
        "like_count": 1,
        "quote_count": 0,
        "reply_count": 1,
        "retweet_count": 0,
        "bookmark_count": 0,
        "content": "@JurassicWorld @Karulox \ud83e\udd96",
        "hashtags": []
    },
    {
        "rest_id": "1491816009451274240",
        "like_count": 0,
        "quote_count": 0,
        "reply_count": 2,
        "retweet_count": 0,
        "bookmark_count": 0,
        "content": "@JurassicWorld It\u2019s a masterclass \ud83e\udd2f\ud83d\udd25",
        "hashtags": []
    },
    {
        "rest_id": "1491827046179291141",
        "like_count": 1,
        "quote_count": 0,
        "reply_count": 0,
        "retweet_count": 0,
        "bookmark_count": 0,
        "content": "@JurassicWorld @DanielMallett90",
        "hashtags": []
    },
    {
        "rest_id": "1492002672911818754",
        "like_count": 0,
        "quote_count": 0,
        "reply_count": 0,
        "retweet_count": 0,
        "bookmark_count": 0,
        "content": "@JurassicWorld What about Lex and Tim?? \ud83d\ude0c https://t.co/TUXwkXB2Km",
        "hashtags": []
    },
    {
        "rest_id": "1491777363495034888",
        "like_count": 279,
        "quote_count": 2,
        "reply_count": 14,
        "retweet_count": 7,
        "bookmark_count": 2,
        "content": "@JurassicWorld Everyone but Spinosaurus got shown https://t.co/9Mp9w0EBFB",
        "hashtags": []
    },
    {
        "rest_id": "1491806871845433348",
        "like_count": 150,
        "quote_count": 0,
        "reply_count": 3,
        "retweet_count": 5,
        "bookmark_count": 1,
        "content": "@JurassicWorld If this thing dies you will be sorry https://t.co/OpboiPlbZk",
        "hashtags": []
    },
    {
        "rest_id": "1491862059033800709",
        "like_count": 2,
        "quote_count": 0,
        "reply_count": 1,
        "retweet_count": 0,
        "bookmark_count": 0,
        "content": "@JurassicWorld @LegitimateRex25 looks good. You\u2019ve put in some good performances here",
        "hashtags": []
    },
    {
        "rest_id": "1491895464861569037",
        "like_count": 4,
        "quote_count": 0,
        "reply_count": 1,
        "retweet_count": 1,
        "bookmark_count": 0,
        "content": "@JurassicWorld Boomer thinks the T-Rex is outstanding. But is absolutely thrilled about the entire cast coming back! Love Love Love all of them\u2764 Thanks in advance for joining in and completing a great franchise \ud83d\udc4f https://t.co/huDxpnh1Jc",
        "hashtags": []
    },
    {
        "rest_id": "1492043740956999692",
        "like_count": 0,
        "quote_count": 0,
        "reply_count": 0,
        "retweet_count": 0,
        "bookmark_count": 0,
        "content": "@JurassicWorld No puede ser! Se re\u00fanen todos los mejores actores de toda la era Jurasic y adem\u00e1s salen todos los dinosaurios que se han comido a gordos e idiotas en todas las pelis!\n\nNO PUEDO ESPERAR HASTA VERANO!",
        "hashtags": []
    },
    {
        "rest_id": "1491794160587735042",
        "like_count": 0,
        "quote_count": 0,
        "reply_count": 1,
        "retweet_count": 0,
        "bookmark_count": 0,
        "content": "@JurassicWorld @HT_mistress9 vamos a verla  :)",
        "hashtags": []
    },
    {
        "rest_id": "1491784487427993601",
        "like_count": 25,
        "quote_count": 0,
        "reply_count": 1,
        "retweet_count": 0,
        "bookmark_count": 0,
        "content": "@JurassicWorld Damn I've been waiting since JP to see the dinosaurs truly run amok outside of a park (Lost World was just a tease). This looks great, and I honestly got emotional seeing the original JP crew all back together again. So excited... can't wait for this!",
        "hashtags": []
    },
    {
        "rest_id": "1491840403384979463",
        "like_count": 1,
        "quote_count": 0,
        "reply_count": 2,
        "retweet_count": 0,
        "bookmark_count": 0,
        "content": "@JurassicWorld @__machadof",
        "hashtags": []
    },
    {
        "rest_id": "1491826663448973315",
        "like_count": 3,
        "quote_count": 0,
        "reply_count": 2,
        "retweet_count": 0,
        "bookmark_count": 0,
        "content": "@JurassicWorld More dinosaur propaganda",
        "hashtags": []
    },
    {
        "rest_id": "1491781856110399491",
        "like_count": 59,
        "quote_count": 3,
        "reply_count": 77,
        "retweet_count": 0,
        "bookmark_count": 2,
        "content": "@JurassicWorld Yawn the movie looks boring, coexistence with dinosaurs, really ? Also why do you need to have children in the movie ? They'd ruin it",
        "hashtags": []
    },
    {
        "rest_id": "1491783920295112717",
        "like_count": 0,
        "quote_count": 0,
        "reply_count": 1,
        "retweet_count": 0,
        "bookmark_count": 0,
        "content": "@JurassicWorld @CharlotteLM6",
        "hashtags": []
    },
    {
        "rest_id": "1491817703459467269",
        "like_count": 1,
        "quote_count": 0,
        "reply_count": 1,
        "retweet_count": 0,
        "bookmark_count": 0,
        "content": "@JurassicWorld Sign me up for going to see this as soon as I can",
        "hashtags": []
    },
    {
        "rest_id": "1491841343613591556",
        "like_count": 225,
        "quote_count": 0,
        "reply_count": 2,
        "retweet_count": 3,
        "bookmark_count": 0,
        "content": "@UniversalORL \ud83d\ude2e",
        "hashtags": []
    },
    {
        "rest_id": "1491935749591158784",
        "like_count": 1,
        "quote_count": 0,
        "reply_count": 0,
        "retweet_count": 0,
        "bookmark_count": 0,
        "content": "@JurassicWorld @analivialls_",
        "hashtags": []
    },
    {
        "rest_id": "1493838763461836802",
        "like_count": 2,
        "quote_count": 0,
        "reply_count": 0,
        "retweet_count": 0,
        "bookmark_count": 0,
        "content": "@JurassicWorld Cant wait to see this movie! This is a pic of me probably about 30 years ago at the Calgary Zoo https://t.co/k1AjQyXaq3",
        "hashtags": []
    },
    {
        "rest_id": "1491807874397483014",
        "like_count": 15,
        "quote_count": 0,
        "reply_count": 1,
        "retweet_count": 0,
        "bookmark_count": 0,
        "content": "@JurassicWorld WEEPING. This looks absolutely incredible!",
        "hashtags": []
    },
    {
        "rest_id": "1491826234371842049",
        "like_count": 1,
        "quote_count": 0,
        "reply_count": 0,
        "retweet_count": 0,
        "bookmark_count": 0,
        "content": "@JurassicWorld @SpoonerTy",
        "hashtags": []
    },
    {
        "rest_id": "1491777822494502914",
        "like_count": 167,
        "quote_count": 0,
        "reply_count": 1,
        "retweet_count": 6,
        "bookmark_count": 3,
        "content": "@JurassicWorld https://t.co/DXjFUokrP1",
        "hashtags": []
    },
    {
        "rest_id": "1491791157319192578",
        "like_count": 6,
        "quote_count": 0,
        "reply_count": 0,
        "retweet_count": 1,
        "bookmark_count": 0,
        "content": "@JurassicWorld se ve buen\u00edsima para que lo vamos a negar https://t.co/LynI4YWzEX",
        "hashtags": []
    },
    {
        "rest_id": "1491858096188178439",
        "like_count": 4,
        "quote_count": 0,
        "reply_count": 0,
        "retweet_count": 0,
        "bookmark_count": 0,
        "content": "@JurassicWorld this is all I ever needed. sobbed like a baby watching this, thank you!!!! \ud83d\udc95 https://t.co/dNb6j82GTU",
        "hashtags": []
    },
    {
        "rest_id": "1491806311998115847",
        "like_count": 0,
        "quote_count": 0,
        "reply_count": 0,
        "retweet_count": 0,
        "bookmark_count": 0,
        "content": "@JurassicWorld \ud83d\ude0d\u2764\ufe0f",
        "hashtags": []
    },
    {
        "rest_id": "1491828276523896840",
        "like_count": 97,
        "quote_count": 0,
        "reply_count": 6,
        "retweet_count": 5,
        "bookmark_count": 0,
        "content": "@JurassicWorld It's insane they've made 6 movies now pretending this is some kind of deep statement https://t.co/YbmkX8xutu",
        "hashtags": []
    },
    {
        "rest_id": "1491789753716731904",
        "like_count": 1882,
        "quote_count": 50,
        "reply_count": 7,
        "retweet_count": 229,
        "bookmark_count": 16,
        "content": "@JurassicWorld \u2764\ufe0f\ud83e\udd29 https://t.co/QVpqkE08Ub",
        "hashtags": []
    },
    {
        "rest_id": "1492277801730265090",
        "like_count": 0,
        "quote_count": 0,
        "reply_count": 0,
        "retweet_count": 0,
        "bookmark_count": 0,
        "content": "@JurassicWorld I was literally moved to tears over this trailer. My connection to the original movies has always been steeped in a feeling of \"KNOWING\" and learning about the worlds that came before. I have a Ph.D. in archeology (Egyptology more specifically). It hits me in the feels!",
        "hashtags": []
    },
    {
        "rest_id": "1491791888491286537",
        "like_count": 1,
        "quote_count": 0,
        "reply_count": 0,
        "retweet_count": 0,
        "bookmark_count": 0,
        "content": "@JurassicWorld \ud83d\ude31Ve comprando las palomitas para Junio! https://t.co/6FuZuC4bZE",
        "hashtags": []
    },
    {
        "rest_id": "1491781826733559811",
        "like_count": 8,
        "quote_count": 0,
        "reply_count": 0,
        "retweet_count": 2,
        "bookmark_count": 0,
        "content": "@JurassicWorld ELLIE??  https://t.co/klrGKRrNo8",
        "hashtags": []
    },
    {
        "rest_id": "1491777556017983488",
        "like_count": 200,
        "quote_count": 0,
        "reply_count": 1,
        "retweet_count": 7,
        "bookmark_count": 4,
        "content": "@JurassicWorld https://t.co/dEXPRET15s",
        "hashtags": []
    },
    {
        "rest_id": "1491784759713828873",
        "like_count": 1,
        "quote_count": 0,
        "reply_count": 0,
        "retweet_count": 0,
        "bookmark_count": 0,
        "content": "@JurassicWorld https://t.co/hniyM7gwkl | watch the #JurassicWorldDominion trailer here in 4k \ud83d\udc46",
        "hashtags": [
            {
                "indices": [51, 73],
                "text": "JurassicWorldDominion"
            }
        ]
    },
    {
        "rest_id": "1491841199480713216",
        "like_count": 102,
        "quote_count": 0,
        "reply_count": 4,
        "retweet_count": 2,
        "bookmark_count": 0,
        "content": "@JWorldAlive \ud83d\ude4c",
        "hashtags": []
    },
    {
        "rest_id": "1491805958145777666",
        "like_count": 1,
        "quote_count": 0,
        "reply_count": 1,
        "retweet_count": 0,
        "bookmark_count": 0,
        "content": "@JurassicWorld @oCalau_ calau oq rolou nesse universo \nE OS VELHOS DO PRIMEIRO FILME VELHO",
        "hashtags": []
    },
    {
        "rest_id": "1491788783745859586",
        "like_count": 1,
        "quote_count": 0,
        "reply_count": 1,
        "retweet_count": 0,
        "bookmark_count": 0,
        "content": "@JurassicWorld @ONEGAYRETION",
        "hashtags": []
    },
    {
        "rest_id": "1491970788399976448",
        "like_count": 0,
        "quote_count": 0,
        "reply_count": 1,
        "retweet_count": 0,
        "bookmark_count": 0,
        "content": "@JurassicWorld Did @wheels0207 already put in PTO for this week?",
        "hashtags": []
    },
    {
        "rest_id": "1491842308127473664",
        "like_count": 0,
        "quote_count": 0,
        "reply_count": 0,
        "retweet_count": 0,
        "bookmark_count": 1,
        "content": "@JurassicWorld https://t.co/LQPkWvHuzv",
        "hashtags": []
    },
    {
        "rest_id": "1491935854444564482",
        "like_count": 1,
        "quote_count": 0,
        "reply_count": 1,
        "retweet_count": 0,
        "bookmark_count": 0,
        "content": "@JurassicWorld @hectorgsaurio que tal el trailer?\nTe gust\u00f3?",
        "hashtags": []
    },
    {
        "rest_id": "1491907078893584388",
        "like_count": 0,
        "quote_count": 0,
        "reply_count": 0,
        "retweet_count": 0,
        "bookmark_count": 0,
        "content": "@JurassicWorld I was not ready!! Not ready!!! https://t.co/NT14de6t01",
        "hashtags": []
    },
    {
        "rest_id": "1491862530293067797",
        "like_count": 1,
        "quote_count": 0,
        "reply_count": 0,
        "retweet_count": 0,
        "bookmark_count": 0,
        "content": "@JurassicWorld this reunion \u200b\u200b\ud83d\ude2d",
        "hashtags": []
    },
    {
        "rest_id": "1491780054984142848",
        "like_count": 19,
        "quote_count": 0,
        "reply_count": 0,
        "retweet_count": 0,
        "bookmark_count": 1,
        "content": "@JurassicWorld I've watched this since it came out and will not stop watching it. My Jurassic hype has SKY ROCKETED THROUGH THE ROOF. I CANT WAIT FOR THIS. LETS GO JURASSIC PARK FANS, LETS GOOO\ud83d\udc96\ud83d\udc96\ud83d\udc96\ud83d\udc51\ud83d\udc51\ud83d\udc51\ud83d\udc51\ud83c\udf8a\ud83c\udf8a\ud83c\udf8a\ud83c\udf89\ud83c\udf89\ud83c\udf89\ud83e\udd96\ud83e\udd96\ud83e\udd96\ud83e\udd96\ud83c\udf7b\ud83c\udf7b\ud83c\udf7b\ud83d\ude02\ud83d\ude02\u270a\u270a\ud83e\udd95\ud83e\udd95\ud83e\udd95\ud83e\udd95\ud83e\udd95 https://t.co/2IGWhQwlJC",
        "hashtags": []
    },
    {
        "rest_id": "1491780444081344515",
        "like_count": 25,
        "quote_count": 0,
        "reply_count": 0,
        "retweet_count": 0,
        "bookmark_count": 0,
        "content": "@JurassicWorld Seeing the original group back together\u2026 https://t.co/0BicNXg8m5",
        "hashtags": []
    },
    {
        "rest_id": "1491777064915156997",
        "like_count": 148476,
        "quote_count": 30026,
        "reply_count": 3106,
        "retweet_count": 48548,
        "bookmark_count": 3024,
        "content": "The epic conclusion to the Jurassic era. Watch the trailer for #JurassicWorldDominion now. https://t.co/Pv3ilafqTO",
        "hashtags": [
            {
                "indices": [63, 85],
                "text": "JurassicWorldDominion"
            }
        ]
    },
    {
        "rest_id": "1491792734000009222",
        "like_count": 1,
        "quote_count": 0,
        "reply_count": 0,
        "retweet_count": 0,
        "bookmark_count": 0,
        "content": "@JurassicWorld @Nadyasonika - add it to the list please",
        "hashtags": []
    },
    {
        "rest_id": "1491779374089224195",
        "like_count": 17,
        "quote_count": 0,
        "reply_count": 4,
        "retweet_count": 0,
        "bookmark_count": 0,
        "content": "@JurassicWorld That's a lie. https://t.co/kccxDyfoKO",
        "hashtags": []
    },
    {
        "rest_id": "1491791308297433096",
        "like_count": 0,
        "quote_count": 0,
        "reply_count": 0,
        "retweet_count": 0,
        "bookmark_count": 0,
        "content": "@JurassicWorld @NFFCJB1865 \ud83d\udc40",
        "hashtags": []
    },
    {
        "rest_id": "1491783911394869255",
        "like_count": 12,
        "quote_count": 0,
        "reply_count": 2,
        "retweet_count": 0,
        "bookmark_count": 0,
        "content": "@JurassicWorld THIS IS THE BEST TRAILER EVER!!!!\n#JurassicWorldDominion \nhttps://t.co/J3IvsuxEok",
        "hashtags": [
            {
                "indices": [49, 71],
                "text": "JurassicWorldDominion"
            }
        ]
    },
    {
        "rest_id": "1491908153029578753",
        "like_count": 0,
        "quote_count": 0,
        "reply_count": 0,
        "retweet_count": 0,
        "bookmark_count": 0,
        "content": "@JurassicWorld https://t.co/vDQaMKkNer",
        "hashtags": []
    },
    {
        "rest_id": "1492923093756657664",
        "like_count": 0,
        "quote_count": 0,
        "reply_count": 0,
        "retweet_count": 0,
        "bookmark_count": 0,
        "content": "@JurassicWorld That look good as hell!!! https://t.co/7Cadtr7NII",
        "hashtags": []
    },
    {
        "rest_id": "1491782145060192260",
        "like_count": 9,
        "quote_count": 0,
        "reply_count": 14,
        "retweet_count": 0,
        "bookmark_count": 0,
        "content": "@JurassicWorld How are cold blooded animals walking around in snow?",
        "hashtags": []
    },
    {
        "rest_id": "1491882809132257280",
        "like_count": 1,
        "quote_count": 0,
        "reply_count": 0,
        "retweet_count": 0,
        "bookmark_count": 0,
        "content": "@JurassicWorld OH YES!!\n#JurassicWorldDominion https://t.co/hBx3f7YVWp",
        "hashtags": [
            {
                "indices": [24, 46],
                "text": "JurassicWorldDominion"
            }
        ]
    },
    {
        "rest_id": "1491778795820380162",
        "like_count": 82,
        "quote_count": 0,
        "reply_count": 2,
        "retweet_count": 4,
        "bookmark_count": 0,
        "content": "@JurassicWorld @colintrevorrow you have created something quite next level here.",
        "hashtags": []
    },
    {
        "rest_id": "1491845900263690244",
        "like_count": 0,
        "quote_count": 0,
        "reply_count": 0,
        "retweet_count": 0,
        "bookmark_count": 0,
        "content": "@JurassicWorld The potato quality :D",
        "hashtags": []
    },
    {
        "rest_id": "1491796548505636879",
        "like_count": 0,
        "quote_count": 0,
        "reply_count": 1,
        "retweet_count": 0,
        "bookmark_count": 0,
        "content": "@JurassicWorld @nacionmarvel @MiguelRosaR",
        "hashtags": []
    },
    {
        "rest_id": "1536878283081629698",
        "like_count": 0,
        "quote_count": 0,
        "reply_count": 0,
        "retweet_count": 0,
        "bookmark_count": 0,
        "content": "@JurassicWorld Apparently dinosaurs devolved, since a human can outrun them now. \ud83d\ude2c",
        "hashtags": []
    },
    {
        "rest_id": "1491870250039656449",
        "like_count": 1,
        "quote_count": 0,
        "reply_count": 3,
        "retweet_count": 0,
        "bookmark_count": 0,
        "content": "@JurassicWorld i thought dinosaurs were cold blooded, tf they doing in the snow?",
        "hashtags": []
    },
    {
        "rest_id": "1491791675131265027",
        "like_count": 676,
        "quote_count": 4,
        "reply_count": 13,
        "retweet_count": 42,
        "bookmark_count": 2,
        "content": "@JurassicWorld BABY BLUE MEET &amp; GREET, PLZ",
        "hashtags": []
    },
    {
        "rest_id": "1491866264935059460",
        "like_count": 2,
        "quote_count": 0,
        "reply_count": 1,
        "retweet_count": 0,
        "bookmark_count": 0,
        "content": "@JurassicWorld @MartinMullaney https://t.co/IH3IRjvyCO",
        "hashtags": []
    },
    {
        "rest_id": "1491787793470611472",
        "like_count": 2,
        "quote_count": 0,
        "reply_count": 0,
        "retweet_count": 0,
        "bookmark_count": 0,
        "content": "@JurassicWorld Too. Much. Excite! \n\nAlso the pteranodon plane part brought back VR memories!",
        "hashtags": []
    },
    {
        "rest_id": "1491797765063462920",
        "like_count": 547,
        "quote_count": 0,
        "reply_count": 7,
        "retweet_count": 29,
        "bookmark_count": 1,
        "content": "@JurassicWorld https://t.co/toD2tFrOVh",
        "hashtags": []
    },
    {
        "rest_id": "1491777588171354117",
        "like_count": 21,
        "quote_count": 0,
        "reply_count": 1,
        "retweet_count": 0,
        "bookmark_count": 0,
        "content": "@JurassicWorld https://t.co/vfLo4sdSn6",
        "hashtags": []
    },
    {
        "rest_id": "1491779039027089412",
        "like_count": 263,
        "quote_count": 3,
        "reply_count": 1,
        "retweet_count": 38,
        "bookmark_count": 1,
        "content": "@JurassicWorld LET\u2019S GOOOOO! \ud83e\udd73\ud83c\udf89 https://t.co/uo8f5KOCz3",
        "hashtags": []
    },
    {
        "rest_id": "1491781340512985089",
        "like_count": 18,
        "quote_count": 1,
        "reply_count": 0,
        "retweet_count": 3,
        "bookmark_count": 1,
        "content": "@JurassicWorld We have a trailer out of containment.\nThis is not a drill.\n#JurassicWorldDominion https://t.co/S7buZLN1T3",
        "hashtags": [
            {
                "indices": [74, 96],
                "text": "JurassicWorldDominion"
            }
        ]
    },
    {
        "rest_id": "1491831219130142726",
        "like_count": 1,
        "quote_count": 0,
        "reply_count": 0,
        "retweet_count": 0,
        "bookmark_count": 0,
        "content": "@JurassicWorld I hear a classic is coming https://t.co/JgeQJQ4zvv",
        "hashtags": []
    },
    {
        "rest_id": "1491819955343527946",
        "like_count": 7,
        "quote_count": 0,
        "reply_count": 0,
        "retweet_count": 0,
        "bookmark_count": 1,
        "content": "@JurassicWorld https://t.co/A1UrUp20H7",
        "hashtags": []
    },
    {
        "rest_id": "1491803308607950849",
        "like_count": 1,
        "quote_count": 0,
        "reply_count": 1,
        "retweet_count": 0,
        "bookmark_count": 0,
        "content": "@JurassicWorld @fama37",
        "hashtags": []
    },
    {
        "rest_id": "1491777422869647365",
        "like_count": 56,
        "quote_count": 0,
        "reply_count": 4,
        "retweet_count": 2,
        "bookmark_count": 0,
        "content": "@JurassicWorld You guys have no right to release it unannounced I was about to take a nap now I\u2019m crying \ud83d\ude2d\ud83d\ude2d\ud83d\ude2d\ud83d\ude2d\ud83d\ude2d\ud83d\ude2d\u2764\ufe0f\u2764\ufe0f\u2764\ufe0f\u2764\ufe0f\u2764\ufe0f\u2764\ufe0f",
        "hashtags": []
    },
    {
        "rest_id": "1491785086571888643",
        "like_count": 605,
        "quote_count": 5,
        "reply_count": 7,
        "retweet_count": 40,
        "bookmark_count": 6,
        "content": "@JurassicWorld This shot right here, fucking cinema \ud83d\udd25 https://t.co/crauGliDRD",
        "hashtags": []
    },
    {
        "rest_id": "1491818354641981440",
        "like_count": 1,
        "quote_count": 0,
        "reply_count": 1,
        "retweet_count": 0,
        "bookmark_count": 0,
        "content": "@JurassicWorld @sammy___fox",
        "hashtags": []
    },
    {
        "rest_id": "1491815904744816649",
        "like_count": 1,
        "quote_count": 0,
        "reply_count": 2,
        "retweet_count": 0,
        "bookmark_count": 0,
        "content": "@JurassicWorld @dani_aaaj @Shise87_",
        "hashtags": []
    },
    {
        "rest_id": "1491784738289422337",
        "like_count": 24,
        "quote_count": 0,
        "reply_count": 3,
        "retweet_count": 4,
        "bookmark_count": 6,
        "content": "@JurassicWorld Owen really just said \u201cI always come back.\u201d\n\n\ud83d\udc80 https://t.co/VAT141eKF3",
        "hashtags": []
    },
    {
        "rest_id": "1491779759696592899",
        "like_count": 64,
        "quote_count": 1,
        "reply_count": 2,
        "retweet_count": 3,
        "bookmark_count": 0,
        "content": "@JurassicWorld @joyful_PML Baby blue \ud83d\ude0d https://t.co/BEwkuvNKn6",
        "hashtags": []
    },
    {
        "rest_id": "1491780866271432705",
        "like_count": 7,
        "quote_count": 0,
        "reply_count": 4,
        "retweet_count": 0,
        "bookmark_count": 0,
        "content": "@JurassicWorld Is that Liam Neeson\u2019s voice at the beginning of the trailer? https://t.co/EhOoDuO0p6",
        "hashtags": []
    },
    {
        "rest_id": "1491872428301197317",
        "like_count": 1,
        "quote_count": 0,
        "reply_count": 3,
        "retweet_count": 0,
        "bookmark_count": 0,
        "content": "@JurassicWorld It looks good af but I\u2019m confused on how there are babies. Unless I missed something in the Jurassic Worlds but weren\u2019t all the Dino\u2019s female?",
        "hashtags": []
    },
    {
        "rest_id": "1491795003781251081",
        "like_count": 11,
        "quote_count": 0,
        "reply_count": 0,
        "retweet_count": 4,
        "bookmark_count": 1,
        "content": "@JurassicWorld Blue is a whole mama\u2026\ud83d\ude4c\ud83c\udffe\ud83d\ude4c\ud83c\udffe\ud83d\ude4c\ud83c\udffe https://t.co/p7Qn9iHj0n",
        "hashtags": []
    },
    {
        "rest_id": "1491777252903866369",
        "like_count": 130,
        "quote_count": 0,
        "reply_count": 0,
        "retweet_count": 6,
        "bookmark_count": 1,
        "content": "@JurassicWorld Me after watching the trailer #JurassicWorldDominion https://t.co/diOrkZZCuK",
        "hashtags": [
            {
                "indices": [45, 67],
                "text": "JurassicWorldDominion"
            }
        ]
    },
    {
        "rest_id": "1491786539059204096",
        "like_count": 5,
        "quote_count": 0,
        "reply_count": 0,
        "retweet_count": 0,
        "bookmark_count": 0,
        "content": "@JurassicWorld https://t.co/5zlgbfAlvR",
        "hashtags": []
    },
    {
        "rest_id": "1491794470974615552",
        "like_count": 82,
        "quote_count": 7,
        "reply_count": 6,
        "retweet_count": 12,
        "bookmark_count": 22,
        "content": "@JurassicWorld I highly recommend watching this after finishing the trailer. https://t.co/OroXMW0rpI",
        "hashtags": []
    },
    {
        "rest_id": "1491946116828446722",
        "like_count": 16,
        "quote_count": 0,
        "reply_count": 0,
        "retweet_count": 3,
        "bookmark_count": 1,
        "content": "@JurassicWorld Woww.. Childhood Is Back\u2764\ufe0f #JurassicWorldDominion #JurassicWorld https://t.co/QUNtlHJSA4",
        "hashtags": [
            {
                "indices": [42, 64],
                "text": "JurassicWorldDominion"
            },
            {
                "indices": [65, 79],
                "text": "JurassicWorld"
            }
        ]
    },
    {
        "rest_id": "1491837714337083392",
        "like_count": 1,
        "quote_count": 0,
        "reply_count": 0,
        "retweet_count": 0,
        "bookmark_count": 0,
        "content": "@JurassicWorld @coffe_tv paren de robaaaaar!!!",
        "hashtags": []
    },
    {
        "rest_id": "1491792805215477763",
        "like_count": 19,
        "quote_count": 1,
        "reply_count": 6,
        "retweet_count": 0,
        "bookmark_count": 0,
        "content": "@JurassicWorld The \"Jurassic Era\" has lasted almost as long as the real thing, should have ended after the first movie tbh.",
        "hashtags": []
    },
    {
        "rest_id": "1491834654416113665",
        "like_count": 0,
        "quote_count": 0,
        "reply_count": 0,
        "retweet_count": 0,
        "bookmark_count": 0,
        "content": "@JurassicWorld Finalmente, tava com saudades desse tipo de filme.",
        "hashtags": []
    },
    {
        "rest_id": "1491804123963998210",
        "like_count": 1,
        "quote_count": 0,
        "reply_count": 1,
        "retweet_count": 0,
        "bookmark_count": 0,
        "content": "@JurassicWorld @Monniquemttv",
        "hashtags": []
    },
    {
        "rest_id": "1491841092610043905",
        "like_count": 8,
        "quote_count": 0,
        "reply_count": 0,
        "retweet_count": 0,
        "bookmark_count": 0,
        "content": "@kenneth47167177 \ud83d\udc9a\ud83e\udd95",
        "hashtags": []
    },
    {
        "rest_id": "1491798695435595786",
        "like_count": 1,
        "quote_count": 0,
        "reply_count": 0,
        "retweet_count": 0,
        "bookmark_count": 0,
        "content": "@JurassicWorld Now that's a great trailer. Very excited to watch this! https://t.co/TzfQxyWRjr",
        "hashtags": []
    },
    {
        "rest_id": "1491792648939573251",
        "like_count": 0,
        "quote_count": 0,
        "reply_count": 1,
        "retweet_count": 0,
        "bookmark_count": 0,
        "content": "@JurassicWorld @ziprafael",
        "hashtags": []
    },
    {
        "rest_id": "1491790947708928005",
        "like_count": 1,
        "quote_count": 0,
        "reply_count": 1,
        "retweet_count": 0,
        "bookmark_count": 0,
        "content": "@JurassicWorld @elBotitas @JocelynSancheez",
        "hashtags": []
    },
    {
        "rest_id": "1491787435075768322",
        "like_count": 1,
        "quote_count": 0,
        "reply_count": 1,
        "retweet_count": 0,
        "bookmark_count": 0,
        "content": "@JurassicWorld @lipe_mafuyu",
        "hashtags": []
    },
    {
        "rest_id": "1491850653718749186",
        "like_count": 0,
        "quote_count": 0,
        "reply_count": 0,
        "retweet_count": 0,
        "bookmark_count": 0,
        "content": "@JurassicWorld This looks good, straight to the movie list.",
        "hashtags": []
    },
    {
        "rest_id": "1491832167466516485",
        "like_count": 2,
        "quote_count": 0,
        "reply_count": 1,
        "retweet_count": 0,
        "bookmark_count": 0,
        "content": "@JurassicWorld @joaors10 @rafasntn AAAAAAAAAA",
        "hashtags": []
    },
    {
        "rest_id": "1491802351786598402",
        "like_count": 26,
        "quote_count": 0,
        "reply_count": 0,
        "retweet_count": 2,
        "bookmark_count": 0,
        "content": "@JurassicWorld I waited a long time for #JurassicWorldDominion &amp; look like it will be worth the wait as this looks like Jurassic Park &amp; Jurassic World meets Avengers: Endgame &amp; Spider-Man: No Way Home! This look like the most intense &amp; action packed movie yet! This will be a must watch in IMAX! https://t.co/6ie0ysXG4Z",
        "hashtags": [
            {
                "indices": [40, 62],
                "text": "JurassicWorldDominion"
            }
        ]
    },
    {
        "rest_id": "1491823071770165255",
        "like_count": 1,
        "quote_count": 0,
        "reply_count": 1,
        "retweet_count": 0,
        "bookmark_count": 0,
        "content": "@JurassicWorld @sosstyles olha q pftooooo",
        "hashtags": []
    },
    {
        "rest_id": "1491832359657820160",
        "like_count": 6,
        "quote_count": 0,
        "reply_count": 0,
        "retweet_count": 0,
        "bookmark_count": 0,
        "content": "@JurassicWorld WHEN DO THE TICKETS GO ON PRESALE IM FOAMING AT THE MOUTH",
        "hashtags": []
    },
    {
        "rest_id": "1491862406380851200",
        "like_count": 1,
        "quote_count": 0,
        "reply_count": 2,
        "retweet_count": 0,
        "bookmark_count": 0,
        "content": "@JurassicWorld @LBearimus @MrDarkPablo @connor_Shea96 @lewj275",
        "hashtags": []
    },
    {
        "rest_id": "1491906300225097729",
        "like_count": 1,
        "quote_count": 0,
        "reply_count": 0,
        "retweet_count": 0,
        "bookmark_count": 0,
        "content": "@JurassicWorld &gt;conclusion https://t.co/MfdpYOgmUD",
        "hashtags": []
    },
    {
        "rest_id": "1491809536893616131",
        "like_count": 4,
        "quote_count": 0,
        "reply_count": 1,
        "retweet_count": 0,
        "bookmark_count": 0,
        "content": "@JurassicWorld Didn't know Gwangi was in this movie https://t.co/si0QMt0U08",
        "hashtags": []
    },
    {
        "rest_id": "1491814398847066113",
        "like_count": 4,
        "quote_count": 0,
        "reply_count": 1,
        "retweet_count": 0,
        "bookmark_count": 0,
        "content": "@JurassicWorld Me: Man nobody trying to watch another wack Jurrasic Pratt. \n\nMe 30 seconds later: OMG THE GANG ALL BACK AAAAHAHAHAHAHAHAHAYESOMG https://t.co/2TxilZMQug",
        "hashtags": []
    },
    {
        "rest_id": "1491783662462930954",
        "like_count": 2,
        "quote_count": 0,
        "reply_count": 0,
        "retweet_count": 0,
        "bookmark_count": 0,
        "content": "@JurassicWorld \u201cYEESSSSS\u201d https://t.co/ytU5QVp0md",
        "hashtags": []
    },
    {
        "rest_id": "1491878701876793347",
        "like_count": 0,
        "quote_count": 0,
        "reply_count": 0,
        "retweet_count": 0,
        "bookmark_count": 0,
        "content": "@JurassicWorld #JurassicWorldDominion\u00a0 it\u2019s look fun movie and I\u2019m interested to watch.\n\nBut I need advice, should I watch the old movie to understand this one?!",
        "hashtags": [
            {
                "indices": [15, 37],
                "text": "JurassicWorldDominion"
            }
        ]
    },
    {
        "rest_id": "1491789943688994817",
        "like_count": 5,
        "quote_count": 0,
        "reply_count": 0,
        "retweet_count": 0,
        "bookmark_count": 0,
        "content": "@JurassicWorld \u201cBigger. Why do they always have to go bigger.\u201d https://t.co/fmNlS79dR8",
        "hashtags": []
    },
    {
        "rest_id": "1491789780828385284",
        "like_count": 8,
        "quote_count": 0,
        "reply_count": 2,
        "retweet_count": 0,
        "bookmark_count": 0,
        "content": "@JurassicWorld I see you, Ellie! https://t.co/ojjGuZuB1M",
        "hashtags": []
    },
    {
        "rest_id": "1491832190195228675",
        "like_count": 1,
        "quote_count": 0,
        "reply_count": 1,
        "retweet_count": 0,
        "bookmark_count": 0,
        "content": "@JurassicWorld @CookiOden30 yooooo",
        "hashtags": []
    },
    {
        "rest_id": "1491817141376532485",
        "like_count": 1,
        "quote_count": 0,
        "reply_count": 1,
        "retweet_count": 0,
        "bookmark_count": 0,
        "content": "@JurassicWorld @cexifuga !!",
        "hashtags": []
    },
    {
        "rest_id": "1491809507726401538",
        "like_count": 1,
        "quote_count": 0,
        "reply_count": 0,
        "retweet_count": 0,
        "bookmark_count": 0,
        "content": "@JurassicWorld Pure cinema entertainment  @amblin @cineworld 4DX Jurassic film night rollercoaster fun inbound \ud83c\udf7f\ud83c\udfac\ud83c\udf7f https://t.co/3yPv0Tp19w",
        "hashtags": []
    },
    {
        "rest_id": "1492125029101883398",
        "like_count": 0,
        "quote_count": 0,
        "reply_count": 0,
        "retweet_count": 0,
        "bookmark_count": 0,
        "content": "@JurassicWorld Can anyone tell me if we have a chance of seeing Vince Vaughn make a return ? https://t.co/le6osTlr6q",
        "hashtags": []
    },
    {
        "rest_id": "1491821697611145231",
        "like_count": 2,
        "quote_count": 0,
        "reply_count": 1,
        "retweet_count": 0,
        "bookmark_count": 0,
        "content": "@JurassicWorld @extincionchavez miraaaaaa",
        "hashtags": []
    },
    {
        "rest_id": "1491881791640281100",
        "like_count": 0,
        "quote_count": 0,
        "reply_count": 0,
        "retweet_count": 0,
        "bookmark_count": 0,
        "content": "@JurassicWorld https://t.co/D2LeD14l34",
        "hashtags": []
    },
    {
        "rest_id": "1491777612607328258",
        "like_count": 37,
        "quote_count": 0,
        "reply_count": 1,
        "retweet_count": 1,
        "bookmark_count": 1,
        "content": "@JurassicWorld Life Finds A Way \ud83d\udd25\n\nhttps://t.co/lerULKo9Fd",
        "hashtags": []
    },
    {
        "rest_id": "1491891002038435843",
        "like_count": 0,
        "quote_count": 0,
        "reply_count": 1,
        "retweet_count": 0,
        "bookmark_count": 0,
        "content": "@JurassicWorld Anyone - anyone? - think this will actually be the 'conclusion'?\n\nThat said, I will absolutely see it.",
        "hashtags": []
    },
    {
        "rest_id": "1491831172556591104",
        "like_count": 0,
        "quote_count": 0,
        "reply_count": 0,
        "retweet_count": 0,
        "bookmark_count": 0,
        "content": "@JurassicWorld Looks good.",
        "hashtags": []
    },
    {
        "rest_id": "1491846230586146823",
        "like_count": 2,
        "quote_count": 0,
        "reply_count": 0,
        "retweet_count": 0,
        "bookmark_count": 0,
        "content": "@JurassicWorld What is this Dr Grant is flying over in a helicopter? Please be Isla Sorna! https://t.co/lpRXtOqDvE",
        "hashtags": []
    },
    {
        "rest_id": "1491778038660403202",
        "like_count": 42,
        "quote_count": 0,
        "reply_count": 1,
        "retweet_count": 1,
        "bookmark_count": 0,
        "content": "@JurassicWorld Umiversal's going No Way Home mode rn",
        "hashtags": []
    },
    {
        "rest_id": "1491803858212843526",
        "like_count": 47,
        "quote_count": 0,
        "reply_count": 8,
        "retweet_count": 2,
        "bookmark_count": 0,
        "content": "@JurassicWorld Every movie you liked as a kid will be rebooted to infinity https://t.co/DE4iHJpVAS",
        "hashtags": []
    },
    {
        "rest_id": "1491782850982526982",
        "like_count": 16,
        "quote_count": 0,
        "reply_count": 2,
        "retweet_count": 1,
        "bookmark_count": 0,
        "content": "@JurassicWorld Parkour Dinos? What is this \ud83d\udc80",
        "hashtags": []
    },
    {
        "rest_id": "1491784422873387012",
        "like_count": 1,
        "quote_count": 0,
        "reply_count": 1,
        "retweet_count": 0,
        "bookmark_count": 0,
        "content": "@JurassicWorld @LDJAFC",
        "hashtags": []
    },
    {
        "rest_id": "1491808812071669760",
        "like_count": 5,
        "quote_count": 0,
        "reply_count": 1,
        "retweet_count": 0,
        "bookmark_count": 0,
        "content": "@JurassicWorld how are all those reptiles doing anything in snow",
        "hashtags": []
    },
    {
        "rest_id": "1491819862368612355",
        "like_count": 0,
        "quote_count": 0,
        "reply_count": 1,
        "retweet_count": 0,
        "bookmark_count": 0,
        "content": "@JurassicWorld @rafappzz",
        "hashtags": []
    },
    {
        "rest_id": "1491813626394693634",
        "like_count": 0,
        "quote_count": 0,
        "reply_count": 1,
        "retweet_count": 0,
        "bookmark_count": 0,
        "content": "@JurassicWorld Caaarass \ud83d\ude2d @Alohomorra_",
        "hashtags": []
    },
    {
        "rest_id": "1491791395870240768",
        "like_count": 179,
        "quote_count": 0,
        "reply_count": 2,
        "retweet_count": 9,
        "bookmark_count": 1,
        "content": "@JurassicWorld \ud83d\udc40",
        "hashtags": []
    },
    {
        "rest_id": "1491780880964022272",
        "like_count": 1,
        "quote_count": 0,
        "reply_count": 2,
        "retweet_count": 0,
        "bookmark_count": 0,
        "content": "@JurassicWorld @its_kaycakes this interest you? :D",
        "hashtags": []
    },
    {
        "rest_id": "1491783330517626882",
        "like_count": 137,
        "quote_count": 2,
        "reply_count": 1,
        "retweet_count": 4,
        "bookmark_count": 1,
        "content": "@JurassicWorld Non-naked raptors! https://t.co/bA8nI8JG5S",
        "hashtags": []
    },
    {
        "rest_id": "1491818469632925696",
        "like_count": 2,
        "quote_count": 0,
        "reply_count": 1,
        "retweet_count": 1,
        "bookmark_count": 0,
        "content": "@JurassicWorld finally https://t.co/NtqHRCsK67",
        "hashtags": []
    },
    {
        "rest_id": "1498267408460660737",
        "like_count": 0,
        "quote_count": 0,
        "reply_count": 0,
        "retweet_count": 0,
        "bookmark_count": 0,
        "content": "@JurassicWorld @ebonnamour J'adore !",
        "hashtags": []
    },
    {
        "rest_id": "1491800910703443981",
        "like_count": 1,
        "quote_count": 0,
        "reply_count": 1,
        "retweet_count": 0,
        "bookmark_count": 0,
        "content": "@JurassicWorld I am crying so many tears of joy right now! @Katamism please go watch this",
        "hashtags": []
    },
    {
        "rest_id": "1491806758343307266",
        "like_count": 1,
        "quote_count": 0,
        "reply_count": 1,
        "retweet_count": 0,
        "bookmark_count": 0,
        "content": "@JurassicWorld @RicardElVato jalas o te rajas?",
        "hashtags": []
    },
    {
        "rest_id": "1491777427097411584",
        "like_count": 281,
        "quote_count": 0,
        "reply_count": 3,
        "retweet_count": 17,
        "bookmark_count": 5,
        "content": "@JurassicWorld https://t.co/zN1BxQ53F8",
        "hashtags": []
    },
    {
        "rest_id": "1491865979269304322",
        "like_count": 1,
        "quote_count": 0,
        "reply_count": 1,
        "retweet_count": 0,
        "bookmark_count": 0,
        "content": "@JurassicWorld @JoeriDevuyst \nIk doe terug mee!",
        "hashtags": []
    },
    {
        "rest_id": "1491831197705637889",
        "like_count": 10,
        "quote_count": 0,
        "reply_count": 0,
        "retweet_count": 0,
        "bookmark_count": 0,
        "content": "@JurassicWorld I LOVE IT COMPLETELY",
        "hashtags": []
    },
    {
        "rest_id": "1491842038840578053",
        "like_count": 2,
        "quote_count": 0,
        "reply_count": 1,
        "retweet_count": 0,
        "bookmark_count": 0,
        "content": "@JurassicWorld @Darthtantrumwfe - I have a serious need to go see this on the big screen.",
        "hashtags": []
    },
    {
        "rest_id": "1491781642775629828",
        "like_count": 14,
        "quote_count": 0,
        "reply_count": 1,
        "retweet_count": 0,
        "bookmark_count": 0,
        "content": "@JurassicWorld Seeing them together again brought such a smile to my face https://t.co/S2h25UsUpb",
        "hashtags": []
    },
    {
        "rest_id": "1491778728749420545",
        "like_count": 4,
        "quote_count": 0,
        "reply_count": 0,
        "retweet_count": 1,
        "bookmark_count": 0,
        "content": "@JurassicWorld Aghhh they got a baby blue?? The old gang is back. I can't freaking wait!! https://t.co/MTZ1AugTyU",
        "hashtags": []
    },
    {
        "rest_id": "1491792898282586118",
        "like_count": 7681,
        "quote_count": 276,
        "reply_count": 35,
        "retweet_count": 1524,
        "bookmark_count": 123,
        "content": "@JurassicWorld The Reunion \ud83e\udd27 https://t.co/AG1iZ6y5oy",
        "hashtags": []
    },
    {
        "rest_id": "1491784879096438785",
        "like_count": 4546,
        "quote_count": 36,
        "reply_count": 11,
        "retweet_count": 502,
        "bookmark_count": 26,
        "content": "@JurassicWorld https://t.co/mdnx0NaU1l",
        "hashtags": []
    },
    {
        "rest_id": "1491816637309333507",
        "like_count": 16,
        "quote_count": 0,
        "reply_count": 1,
        "retweet_count": 1,
        "bookmark_count": 1,
        "content": "@JurassicWorld AH HELL NAH NOT THE PREHISTORIC LOCUST https://t.co/tpYt08hIs3",
        "hashtags": []
    },
    {
        "rest_id": "1491801092815933443",
        "like_count": 1,
        "quote_count": 0,
        "reply_count": 1,
        "retweet_count": 0,
        "bookmark_count": 0,
        "content": "@JurassicWorld @TazawaYudi viu isso? Vai ser muito louco",
        "hashtags": []
    },
    {
        "rest_id": "1491792220914999298",
        "like_count": 117,
        "quote_count": 0,
        "reply_count": 1,
        "retweet_count": 11,
        "bookmark_count": 1,
        "content": "@JurassicWorld My childhood two favourite dinos - Raptor and T-Rex\n\nOnly meat eaters \ud83d\ude0d\ud83d\ude01 https://t.co/HTBADQnTKt",
        "hashtags": []
    },
    {
        "rest_id": "1491788649175732230",
        "like_count": 0,
        "quote_count": 0,
        "reply_count": 0,
        "retweet_count": 0,
        "bookmark_count": 0,
        "content": "@JurassicWorld Bon je suis supra Hyped ! Je retourne sur @JW_Evolution  en attendant.",
        "hashtags": []
    },
    {
        "rest_id": "1491778737741860868",
        "like_count": 20,
        "quote_count": 0,
        "reply_count": 0,
        "retweet_count": 0,
        "bookmark_count": 0,
        "content": "@JurassicWorld Let's goooo! https://t.co/zr7Yn7UEC4",
        "hashtags": []
    },
    {
        "rest_id": "1491793887538528257",
        "like_count": 5,
        "quote_count": 0,
        "reply_count": 0,
        "retweet_count": 0,
        "bookmark_count": 0,
        "content": "@JurassicWorld ALAN?\nELLIE?\nBABY BLUE?\n\nSOLD.",
        "hashtags": []
    },
    {
        "rest_id": "1491783363396784128",
        "like_count": 2,
        "quote_count": 0,
        "reply_count": 5,
        "retweet_count": 0,
        "bookmark_count": 1,
        "content": "@JurassicWorld Can anyone ID these new raptors? https://t.co/3RnweHUdlS",
        "hashtags": []
    },
    {
        "rest_id": "1491777634312724484",
        "like_count": 1003,
        "quote_count": 17,
        "reply_count": 1,
        "retweet_count": 84,
        "bookmark_count": 9,
        "content": "@JurassicWorld nostalgic! can\u2019t wait for the movie https://t.co/mQV0VzsVKh",
        "hashtags": []
    },
    {
        "rest_id": "1491795993335001096",
        "like_count": 1,
        "quote_count": 0,
        "reply_count": 1,
        "retweet_count": 0,
        "bookmark_count": 0,
        "content": "@JurassicWorld @DarikMaurice !!!!!!! I may have self combusted, a little.",
        "hashtags": []
    },
    {
        "rest_id": "1491780345703845891",
        "like_count": 188,
        "quote_count": 1,
        "reply_count": 3,
        "retweet_count": 16,
        "bookmark_count": 0,
        "content": "@JurassicWorld Finally together again https://t.co/WtETl0JNRc",
        "hashtags": []
    },
    {
        "rest_id": "1491787309229826063",
        "like_count": 0,
        "quote_count": 0,
        "reply_count": 1,
        "retweet_count": 0,
        "bookmark_count": 0,
        "content": "@JurassicWorld @golddvstwoman omg where are you",
        "hashtags": []
    },
    {
        "rest_id": "1491829362450178052",
        "like_count": 2,
        "quote_count": 0,
        "reply_count": 0,
        "retweet_count": 0,
        "bookmark_count": 0,
        "content": "@JurassicWorld Thank you. It's gonna be amazing. I'm gonna cry a lot.",
        "hashtags": []
    },
    {
        "rest_id": "1491789415185666056",
        "like_count": 1,
        "quote_count": 0,
        "reply_count": 1,
        "retweet_count": 0,
        "bookmark_count": 0,
        "content": "@JurassicWorld @JD_Blythe @SamuraiXXIIIYT @robertoblake @dimitrisromeo",
        "hashtags": []
    },
    {
        "rest_id": "1491795339036135433",
        "like_count": 14,
        "quote_count": 0,
        "reply_count": 0,
        "retweet_count": 2,
        "bookmark_count": 0,
        "content": "@JurassicWorld Dern, Goldblum and Neil\n#JurrassicWord \n\nTop three trio of all trios https://t.co/HC4VkjFmDn",
        "hashtags": [
            {
                "indices": [39, 53],
                "text": "JurrassicWord"
            }
        ]
    },
    {
        "rest_id": "1491826447337545729",
        "like_count": 1,
        "quote_count": 0,
        "reply_count": 1,
        "retweet_count": 0,
        "bookmark_count": 0,
        "content": "@JurassicWorld @aisman6 @ElRolfi_Py https://t.co/nJ64Cevqdh",
        "hashtags": []
    },
    {
        "rest_id": "1491787414154534919",
        "like_count": 10,
        "quote_count": 0,
        "reply_count": 1,
        "retweet_count": 4,
        "bookmark_count": 0,
        "content": "@JurassicWorld Protect Blue\u2019s baby at all costs. \n\nProtect Blue at all costs. \n\nProtect Alan, Ellie and Ian at all costs. \n\nEff it, protect everyone at all costs!!",
        "hashtags": []
    },
    {
        "rest_id": "1491806191072251905",
        "like_count": 1,
        "quote_count": 0,
        "reply_count": 1,
        "retweet_count": 0,
        "bookmark_count": 0,
        "content": "@JurassicWorld @MargaeryGrace \ud83e\udd96 \u2764\ufe0f",
        "hashtags": []
    },
    {
        "rest_id": "1491842700274024448",
        "like_count": 1,
        "quote_count": 0,
        "reply_count": 0,
        "retweet_count": 0,
        "bookmark_count": 0,
        "content": "@JurassicWorld NFW!! https://t.co/XA3mH2x0g0",
        "hashtags": []
    },
    {
        "rest_id": "1491779991951974402",
        "like_count": 8,
        "quote_count": 0,
        "reply_count": 1,
        "retweet_count": 0,
        "bookmark_count": 0,
        "content": "@JurassicWorld My inner childhood is coming back (i was a dinosaur kid when i was little)",
        "hashtags": []
    },
    {
        "rest_id": "1491783980668133378",
        "like_count": 75,
        "quote_count": 0,
        "reply_count": 5,
        "retweet_count": 4,
        "bookmark_count": 2,
        "content": "@JurassicWorld Gigantosaurus, dilophosaurus back, and archaeopteryx? https://t.co/NsVh8y73ah",
        "hashtags": []
    },
    {
        "rest_id": "1491784571729453057",
        "like_count": 0,
        "quote_count": 0,
        "reply_count": 1,
        "retweet_count": 0,
        "bookmark_count": 0,
        "content": "@JurassicWorld MUUUUUUUUUM\u2026. IS IT JUNE YET?????????? IS IT???????????\n\n\ud83e\udd96\ud83d\udc4f\ud83c\udffb\ud83e\udd96\ud83d\udc4f\ud83c\udffb\ud83e\udd96\ud83d\udc4f\ud83c\udffb\ud83e\udd96\ud83d\udc4f\ud83c\udffb\ud83e\udd96\ud83d\udc4f\ud83c\udffb\ud83e\udd96\ud83d\udc4f\ud83c\udffb\u2764\ufe0f\u2764\ufe0f\u2764\ufe0f\u2764\ufe0f\u2764\ufe0f\u2764\ufe0f\u2764\ufe0f\u2764\ufe0f\u2764\ufe0f\u2764\ufe0f\u2764\ufe0f\u2764\ufe0f\u2764\ufe0f\u2764\ufe0f\u2764\ufe0f\u2764\ufe0f\u2764\ufe0f\u2764\ufe0f\u2764\ufe0f\u2764\ufe0f\u2764\ufe0f\u2764\ufe0f\u2764\ufe0f\u2764\ufe0f\u2764\ufe0f\u2764\ufe0f\u2764\ufe0f",
        "hashtags": []
    },
    {
        "rest_id": "1491846645809651717",
        "like_count": 0,
        "quote_count": 0,
        "reply_count": 0,
        "retweet_count": 0,
        "bookmark_count": 0,
        "content": "@JurassicWorld Imagine going fishing for a tuna and instead you catch a dinosaur lol",
        "hashtags": []
    },
    {
        "rest_id": "1491853907747868679",
        "like_count": 4,
        "quote_count": 0,
        "reply_count": 1,
        "retweet_count": 0,
        "bookmark_count": 0,
        "content": "@JurassicWorld @colintrevorrow https://t.co/pUSZkwDOM0",
        "hashtags": []
    },
    {
        "rest_id": "1491840768503386117",
        "like_count": 15,
        "quote_count": 0,
        "reply_count": 0,
        "retweet_count": 0,
        "bookmark_count": 0,
        "content": "@BradGalli \ud83e\udd7a",
        "hashtags": []
    },
    {
        "rest_id": "1491786363674320912",
        "like_count": 0,
        "quote_count": 0,
        "reply_count": 4,
        "retweet_count": 0,
        "bookmark_count": 0,
        "content": "@JurassicWorld What is this https://t.co/rnw7EEhkBL",
        "hashtags": []
    },
    {
        "rest_id": "1491779103015727105",
        "like_count": 41,
        "quote_count": 0,
        "reply_count": 0,
        "retweet_count": 2,
        "bookmark_count": 1,
        "content": "@JurassicWorld We need a poster. https://t.co/ijnKWUhaSh",
        "hashtags": []
    },
    {
        "rest_id": "1491782456201990152",
        "like_count": 1,
        "quote_count": 0,
        "reply_count": 1,
        "retweet_count": 0,
        "bookmark_count": 0,
        "content": "@JurassicWorld Hey @GuillermoLance_",
        "hashtags": []
    },
    {
        "rest_id": "1491777317559062530",
        "like_count": 70,
        "quote_count": 0,
        "reply_count": 1,
        "retweet_count": 3,
        "bookmark_count": 0,
        "content": "@JurassicWorld Blue is a Mommy????? I can\u2019t get over how adorable that is! Rest looks great too!",
        "hashtags": []
    },
    {
        "rest_id": "1491814628380364802",
        "like_count": 20,
        "quote_count": 0,
        "reply_count": 1,
        "retweet_count": 0,
        "bookmark_count": 0,
        "content": "@JurassicWorld Even though I hated Fallen Kingdom I can't freaking WAIT to see this.  The nostalgia trap card is working too well :(",
        "hashtags": []
    },
    {
        "rest_id": "1491913273603768321",
        "like_count": 0,
        "quote_count": 0,
        "reply_count": 0,
        "retweet_count": 0,
        "bookmark_count": 0,
        "content": "@JurassicWorld https://t.co/VwqOjIvh3b\n my reaction to the trailer!! Check it out! Let me know what you think and Subscribe!",
        "hashtags": []
    },
    {
        "rest_id": "1491780260399960068",
        "like_count": 1,
        "quote_count": 0,
        "reply_count": 1,
        "retweet_count": 0,
        "bookmark_count": 0,
        "content": "@JurassicWorld THE ORIGINAL CAST!! The anatomically correct dinosaurs, Blue\u2019s baby, and the famous Ian Malcom quotes. I literally can\u2019t wait to watch it! \ud83d\ude0d\ud83d\ude0d",
        "hashtags": []
    },
    {
        "rest_id": "1491779413188431876",
        "like_count": 6193,
        "quote_count": 316,
        "reply_count": 66,
        "retweet_count": 1154,
        "bookmark_count": 52,
        "content": "@JurassicWorld I\u2019m not crying\u2026 https://t.co/LxKZFgGB9Z",
        "hashtags": []
    },
    {
        "rest_id": "1491785921624113157",
        "like_count": 0,
        "quote_count": 0,
        "reply_count": 0,
        "retweet_count": 0,
        "bookmark_count": 0,
        "content": "@JurassicWorld @iKannan come here right now!!!!",
        "hashtags": []
    },
    {
        "rest_id": "1491839840790499330",
        "like_count": 0,
        "quote_count": 0,
        "reply_count": 0,
        "retweet_count": 0,
        "bookmark_count": 0,
        "content": "@JurassicWorld @amndzani AMOR O FILHOTE DE VELOCIRAPTOR QUE EU FALEI QUE QUERIAA",
        "hashtags": []
    },
    {
        "rest_id": "1491803641660862468",
        "like_count": 0,
        "quote_count": 0,
        "reply_count": 1,
        "retweet_count": 0,
        "bookmark_count": 0,
        "content": "@JurassicWorld @aurelioluxca amigo aaaaa",
        "hashtags": []
    },
    {
        "rest_id": "1491785916204998665",
        "like_count": 1,
        "quote_count": 0,
        "reply_count": 2,
        "retweet_count": 0,
        "bookmark_count": 0,
        "content": "@JurassicWorld @Hitmonbran \ud83d\udc40\ud83d\ude2d",
        "hashtags": []
    },
    {
        "rest_id": "1491834480553775110",
        "like_count": 0,
        "quote_count": 0,
        "reply_count": 0,
        "retweet_count": 0,
        "bookmark_count": 0,
        "content": "@JurassicWorld Lotta member berries in this, but could be a decent popcorn flick.",
        "hashtags": []
    },
    {
        "rest_id": "1491786855380971532",
        "like_count": 1,
        "quote_count": 0,
        "reply_count": 1,
        "retweet_count": 0,
        "bookmark_count": 0,
        "content": "@JurassicWorld @stonewall_kotdm",
        "hashtags": []
    },
    {
        "rest_id": "1491778015936008192",
        "like_count": 2241,
        "quote_count": 55,
        "reply_count": 19,
        "retweet_count": 186,
        "bookmark_count": 14,
        "content": "@JurassicWorld Really \ud83e\udd7a https://t.co/qzKPNqh85u",
        "hashtags": []
    },
    {
        "rest_id": "1491840876259299328",
        "like_count": 36,
        "quote_count": 0,
        "reply_count": 0,
        "retweet_count": 1,
        "bookmark_count": 0,
        "content": "@movieposterguy @colintrevorrow \ud83d\udcaf",
        "hashtags": []
    },
    {
        "rest_id": "1491821483487903745",
        "like_count": 1,
        "quote_count": 0,
        "reply_count": 1,
        "retweet_count": 0,
        "bookmark_count": 0,
        "content": "@JurassicWorld @westlower29",
        "hashtags": []
    },
    {
        "rest_id": "1491836442246586368",
        "like_count": 4,
        "quote_count": 0,
        "reply_count": 0,
        "retweet_count": 0,
        "bookmark_count": 0,
        "content": "@JurassicWorld This looks incredibly stupid but incredibly fun nostalgia-bait. \n\nI'm all for it. https://t.co/zKdgLXrlf9",
        "hashtags": []
    },
    {
        "rest_id": "1491807896010731523",
        "like_count": 1,
        "quote_count": 0,
        "reply_count": 1,
        "retweet_count": 0,
        "bookmark_count": 0,
        "content": "@JurassicWorld Peaky Blinders ruined Sam Neill for me. I cant see him as anything other than Inspector Campbell now lol",
        "hashtags": []
    },
    {
        "rest_id": "1491781652229472256",
        "like_count": 1,
        "quote_count": 0,
        "reply_count": 1,
        "retweet_count": 0,
        "bookmark_count": 0,
        "content": "@JurassicWorld @rolyatyeldarb",
        "hashtags": []
    },
    {
        "rest_id": "1491933149319688192",
        "like_count": 0,
        "quote_count": 0,
        "reply_count": 0,
        "retweet_count": 0,
        "bookmark_count": 0,
        "content": "@JurassicWorld @ThaFooster BRO! Check it!! I\u2019m so hype right now.",
        "hashtags": []
    },
    {
        "rest_id": "1491889328993284103",
        "like_count": 0,
        "quote_count": 0,
        "reply_count": 0,
        "retweet_count": 0,
        "bookmark_count": 0,
        "content": "@JurassicWorld Meu deeeeeussss quero verrr",
        "hashtags": []
    },
    {
        "rest_id": "1491802287760572430",
        "like_count": 71,
        "quote_count": 1,
        "reply_count": 1,
        "retweet_count": 4,
        "bookmark_count": 1,
        "content": "@JurassicWorld I didn\u2019t think a trailer could get me so emotional but wow. Life \u2014 uh \u2014 finds a way. https://t.co/0zwfmWM3R7",
        "hashtags": []
    },
    {
        "rest_id": "1491782439433342978",
        "like_count": 1,
        "quote_count": 0,
        "reply_count": 2,
        "retweet_count": 0,
        "bookmark_count": 0,
        "content": "@JurassicWorld VINCENT!!! EVEY!!! MILLA!!! WE GOT PLANS THIS SUMMER!!!@sparkyraptor @Evey_Shadow4one @MillaninjaNerd",
        "hashtags": []
    }
]
