[
    {
        "rest_id": "1225097441864749056",
        "like_count": 0,
        "quote_count": 0,
        "reply_count": 0,
        "retweet_count": 0,
        "bookmark_count": 0,
        "content": "@Minions @UniversalPics Can\u2019t wait",
        "hashtags": []
    },
    {
        "rest_id": "1225113792360648707",
        "like_count": 1,
        "quote_count": 1,
        "reply_count": 0,
        "retweet_count": 0,
        "bookmark_count": 0,
        "content": "@Minions BABY ALPHARAD CONFIRMED",
        "hashtags": []
    },
    {
        "rest_id": "1225095422391144448",
        "like_count": 19,
        "quote_count": 0,
        "reply_count": 3,
        "retweet_count": 1,
        "bookmark_count": 0,
        "content": "@Minions Yay all the replies to this posts are death threats to Illumination!\n\nDon\u2019t you just love the animation community!",
        "hashtags": []
    },
    {
        "rest_id": "1225289885512171520",
        "like_count": 1,
        "quote_count": 0,
        "reply_count": 0,
        "retweet_count": 0,
        "bookmark_count": 0,
        "content": "@Minions I'm lowkey exited to see this lol I love the Minion movies and this one seems really exiting.",
        "hashtags": []
    },
    {
        "rest_id": "1225095088650510338",
        "like_count": 1,
        "quote_count": 0,
        "reply_count": 0,
        "retweet_count": 0,
        "bookmark_count": 0,
        "content": "@Minions This actually looks decent.",
        "hashtags": []
    },
    {
        "rest_id": "1225251368866340864",
        "like_count": 5,
        "quote_count": 0,
        "reply_count": 0,
        "retweet_count": 0,
        "bookmark_count": 0,
        "content": "@Minions https://t.co/oyf6dFbSbO",
        "hashtags": []
    },
    {
        "rest_id": "1225103825377333252",
        "like_count": 0,
        "quote_count": 0,
        "reply_count": 0,
        "retweet_count": 0,
        "bookmark_count": 0,
        "content": "@Minions I'd rather kill myself than see this and I hope everyone involved in making it is disappointed with themselves",
        "hashtags": []
    },
    {
        "rest_id": "1225121408377815041",
        "like_count": 0,
        "quote_count": 0,
        "reply_count": 0,
        "retweet_count": 0,
        "bookmark_count": 0,
        "content": "@Minions God, it's like the late 80s all over again. Everything needs a baby version.",
        "hashtags": []
    },
    {
        "rest_id": "1225163848954466304",
        "like_count": 3,
        "quote_count": 0,
        "reply_count": 0,
        "retweet_count": 0,
        "bookmark_count": 0,
        "content": "@Minions \u3059\u3067\u306b\u53ef\u611b\u3044\u2764\ufe0f\u3002\n\u6620\u753b\u304c\u697d\u3057\u307f\uff5e\u263a\ufe0f\uff01",
        "hashtags": []
    },
    {
        "rest_id": "1225113558284894209",
        "like_count": 5,
        "quote_count": 0,
        "reply_count": 0,
        "retweet_count": 0,
        "bookmark_count": 0,
        "content": "@Minions https://t.co/7ZxCR5OrUV",
        "hashtags": []
    },
    {
        "rest_id": "1225101902477578240",
        "like_count": 0,
        "quote_count": 0,
        "reply_count": 0,
        "retweet_count": 0,
        "bookmark_count": 0,
        "content": "@Minions Young Gru looks adorable.",
        "hashtags": []
    },
    {
        "rest_id": "1225097103493468160",
        "like_count": 0,
        "quote_count": 0,
        "reply_count": 0,
        "retweet_count": 0,
        "bookmark_count": 0,
        "content": "@Minions @UniversalPics @MrTLexify",
        "hashtags": []
    },
    {
        "rest_id": "1225109502963437571",
        "like_count": 0,
        "quote_count": 0,
        "reply_count": 0,
        "retweet_count": 0,
        "bookmark_count": 0,
        "content": "@Minions @milagrosmtzo",
        "hashtags": []
    },
    {
        "rest_id": "1225215595593052160",
        "like_count": 3,
        "quote_count": 0,
        "reply_count": 0,
        "retweet_count": 0,
        "bookmark_count": 0,
        "content": "@Minions Lol,Yessss! A pet rock! #Minions",
        "hashtags": [
            {
                "indices": [33, 41],
                "text": "Minions"
            }
        ]
    },
    {
        "rest_id": "1225276356310773761",
        "like_count": 1,
        "quote_count": 0,
        "reply_count": 0,
        "retweet_count": 0,
        "bookmark_count": 0,
        "content": "@Minions ok you have my attention, but dear lord i HATE the animations of good movies now... i liked it when movies were hand animated. like bambie, movies were so much better in the old style. calm without too much action.",
        "hashtags": []
    },
    {
        "rest_id": "1225131492151635969",
        "like_count": 3,
        "quote_count": 0,
        "reply_count": 0,
        "retweet_count": 0,
        "bookmark_count": 0,
        "content": "@Minions https://t.co/QfYNCzhbSO",
        "hashtags": []
    },
    {
        "rest_id": "1225189801269161984",
        "like_count": 37,
        "quote_count": 0,
        "reply_count": 0,
        "retweet_count": 0,
        "bookmark_count": 1,
        "content": "@Minions https://t.co/ZbgmCwJEtP",
        "hashtags": []
    },
    {
        "rest_id": "1225095154278830081",
        "like_count": 0,
        "quote_count": 0,
        "reply_count": 0,
        "retweet_count": 0,
        "bookmark_count": 0,
        "content": "@Minions here\u2019s a cliff JUMP",
        "hashtags": []
    },
    {
        "rest_id": "1225088474568630272",
        "like_count": 5,
        "quote_count": 0,
        "reply_count": 1,
        "retweet_count": 1,
        "bookmark_count": 0,
        "content": "@Minions https://t.co/p0CAW9LZvy",
        "hashtags": []
    },
    {
        "rest_id": "1225109161521942533",
        "like_count": 1,
        "quote_count": 0,
        "reply_count": 0,
        "retweet_count": 0,
        "bookmark_count": 0,
        "content": "@Minions @Adamariz02",
        "hashtags": []
    },
    {
        "rest_id": "1225087148853874688",
        "like_count": 0,
        "quote_count": 0,
        "reply_count": 0,
        "retweet_count": 0,
        "bookmark_count": 0,
        "content": "@Minions https://t.co/rLS3btFmPP",
        "hashtags": []
    },
    {
        "rest_id": "1225289026589978624",
        "like_count": 1,
        "quote_count": 0,
        "reply_count": 0,
        "retweet_count": 0,
        "bookmark_count": 0,
        "content": "@Minions Woah there",
        "hashtags": []
    },
    {
        "rest_id": "1225088500560777216",
        "like_count": 4,
        "quote_count": 1,
        "reply_count": 0,
        "retweet_count": 0,
        "bookmark_count": 0,
        "content": "@Minions Wow! https://t.co/ZwFfRoOmKW",
        "hashtags": []
    },
    {
        "rest_id": "1225100191746818048",
        "like_count": 4,
        "quote_count": 0,
        "reply_count": 0,
        "retweet_count": 0,
        "bookmark_count": 0,
        "content": "@Minions https://t.co/Lai9GO9eBb #CheckOut #DearMom #dearmother #LoveIsland #DRIP #LinkInBio #clicklink #click #NewRelease #STREAM #SongOfTheDay #Repost #Subscribe #YouTube #YouTubeMusic",
        "hashtags": [
            {
                "indices": [33, 42],
                "text": "CheckOut"
            },
            {
                "indices": [43, 51],
                "text": "DearMom"
            },
            {
                "indices": [52, 63],
                "text": "dearmother"
            },
            {
                "indices": [64, 75],
                "text": "LoveIsland"
            },
            {
                "indices": [76, 81],
                "text": "DRIP"
            },
            {
                "indices": [82, 92],
                "text": "LinkInBio"
            },
            {
                "indices": [93, 103],
                "text": "clicklink"
            },
            {
                "indices": [104, 110],
                "text": "click"
            },
            {
                "indices": [111, 122],
                "text": "NewRelease"
            },
            {
                "indices": [123, 130],
                "text": "STREAM"
            },
            {
                "indices": [131, 144],
                "text": "SongOfTheDay"
            },
            {
                "indices": [145, 152],
                "text": "Repost"
            },
            {
                "indices": [153, 163],
                "text": "Subscribe"
            },
            {
                "indices": [164, 172],
                "text": "YouTube"
            },
            {
                "indices": [173, 186],
                "text": "YouTubeMusic"
            }
        ]
    },
    {
        "rest_id": "1225105414334898178",
        "like_count": 2,
        "quote_count": 0,
        "reply_count": 1,
        "retweet_count": 0,
        "bookmark_count": 0,
        "content": "@Minions Says he's not villain material because he's a kid w/o seeing his abilities and tells him to come back when he's basically ready to get good, then he steals a amulet and gets away from what I'm guessing are the top 6 villains at the time w/ relatively cool gadgets. makes sense",
        "hashtags": []
    },
    {
        "rest_id": "1225113919888424960",
        "like_count": 0,
        "quote_count": 0,
        "reply_count": 0,
        "retweet_count": 0,
        "bookmark_count": 0,
        "content": "@Minions :(",
        "hashtags": []
    },
    {
        "rest_id": "1225111631232995331",
        "like_count": 2,
        "quote_count": 0,
        "reply_count": 0,
        "retweet_count": 1,
        "bookmark_count": 0,
        "content": "@Minions @LewisIsTyping GORLS",
        "hashtags": []
    },
    {
        "rest_id": "1225090198029193218",
        "like_count": 0,
        "quote_count": 0,
        "reply_count": 0,
        "retweet_count": 0,
        "bookmark_count": 0,
        "content": "@Minions OMG OMG OMG!\ud83e\udd2a\ud83e\udd2a\ud83e\udd2a\ud83e\udd73\ud83e\udd73\ud83e\udd73",
        "hashtags": []
    },
    {
        "rest_id": "1225294558944038912",
        "like_count": 0,
        "quote_count": 0,
        "reply_count": 0,
        "retweet_count": 0,
        "bookmark_count": 0,
        "content": "@Minions Goodie a prequel!!!!!!!!!!!!!!",
        "hashtags": []
    },
    {
        "rest_id": "1225114569623789568",
        "like_count": 0,
        "quote_count": 0,
        "reply_count": 0,
        "retweet_count": 0,
        "bookmark_count": 0,
        "content": "@Minions Why are we still here...\nJust to suffer",
        "hashtags": []
    },
    {
        "rest_id": "1225116863979540483",
        "like_count": 0,
        "quote_count": 0,
        "reply_count": 0,
        "retweet_count": 0,
        "bookmark_count": 0,
        "content": "@Minions Why not use Despicable Me in the title?",
        "hashtags": []
    },
    {
        "rest_id": "1225116342300434432",
        "like_count": 0,
        "quote_count": 0,
        "reply_count": 0,
        "retweet_count": 0,
        "bookmark_count": 0,
        "content": "@Minions I did waitt sooo long for a new movie :D",
        "hashtags": []
    },
    {
        "rest_id": "1225108970538319872",
        "like_count": 0,
        "quote_count": 0,
        "reply_count": 0,
        "retweet_count": 0,
        "bookmark_count": 0,
        "content": "@Minions growing pains!? I'm 56y/o and I still watch cartoons just to keep in touch with what element I have left that keeps me young!! no connection there this morning though!! too many repeats have beaten the life out of them too!! think I'll go back to sleep!!\ud83d\ude14",
        "hashtags": []
    },
    {
        "rest_id": "1225101260946386944",
        "like_count": 1,
        "quote_count": 0,
        "reply_count": 0,
        "retweet_count": 0,
        "bookmark_count": 0,
        "content": "@Minions Mans rally traded an infinity stone for a rock \ud83d\ude02",
        "hashtags": []
    },
    {
        "rest_id": "1225088654265212938",
        "like_count": 62,
        "quote_count": 0,
        "reply_count": 0,
        "retweet_count": 0,
        "bookmark_count": 0,
        "content": "@Minions I LOVE YOU BROTHERS",
        "hashtags": []
    },
    {
        "rest_id": "1225104257042518022",
        "like_count": 184,
        "quote_count": 0,
        "reply_count": 1,
        "retweet_count": 5,
        "bookmark_count": 2,
        "content": "@Minions https://t.co/29x9QNNlWA",
        "hashtags": []
    },
    {
        "rest_id": "1225089876258889729",
        "like_count": 57,
        "quote_count": 0,
        "reply_count": 0,
        "retweet_count": 1,
        "bookmark_count": 0,
        "content": "@Minions https://t.co/2Bs3gVoYkz",
        "hashtags": []
    },
    {
        "rest_id": "1225113372007510016",
        "like_count": 2,
        "quote_count": 0,
        "reply_count": 0,
        "retweet_count": 1,
        "bookmark_count": 0,
        "content": "@Minions when we were asking for a Gru movie this is NOT what was meant but sure",
        "hashtags": []
    },
    {
        "rest_id": "1225120387173879813",
        "like_count": 0,
        "quote_count": 0,
        "reply_count": 0,
        "retweet_count": 0,
        "bookmark_count": 0,
        "content": "@Minions I am very excited. Who else here a #Minions fan? \ud83d\ude01\ud83d\ude01",
        "hashtags": [
            {
                "indices": [44, 52],
                "text": "Minions"
            }
        ]
    },
    {
        "rest_id": "1225087170664435714",
        "like_count": 0,
        "quote_count": 0,
        "reply_count": 0,
        "retweet_count": 0,
        "bookmark_count": 0,
        "content": "@Minions @UniversalPics https://t.co/r3xuEVPpTN",
        "hashtags": []
    },
    {
        "rest_id": "1225109569954832384",
        "like_count": 1,
        "quote_count": 0,
        "reply_count": 0,
        "retweet_count": 0,
        "bookmark_count": 0,
        "content": "@Minions https://t.co/imAV6glTYE",
        "hashtags": []
    },
    {
        "rest_id": "1225109036397449218",
        "like_count": 0,
        "quote_count": 0,
        "reply_count": 0,
        "retweet_count": 0,
        "bookmark_count": 0,
        "content": "@Minions CANNOT WAIT!!",
        "hashtags": []
    },
    {
        "rest_id": "1225117721152688128",
        "like_count": 2,
        "quote_count": 0,
        "reply_count": 0,
        "retweet_count": 0,
        "bookmark_count": 0,
        "content": "@Minions I too am currently experiencing growing pain",
        "hashtags": []
    },
    {
        "rest_id": "1225094400272822272",
        "like_count": 1,
        "quote_count": 0,
        "reply_count": 0,
        "retweet_count": 0,
        "bookmark_count": 0,
        "content": "@Minions Show me your banana",
        "hashtags": []
    },
    {
        "rest_id": "1225113485782257670",
        "like_count": 45,
        "quote_count": 0,
        "reply_count": 1,
        "retweet_count": 0,
        "bookmark_count": 0,
        "content": "@Minions https://t.co/cz2L90Mmaz",
        "hashtags": []
    },
    {
        "rest_id": "1225114820539584512",
        "like_count": 3,
        "quote_count": 0,
        "reply_count": 0,
        "retweet_count": 0,
        "bookmark_count": 0,
        "content": "@Minions https://t.co/K6M0ucddb0",
        "hashtags": []
    },
    {
        "rest_id": "1225121323611054082",
        "like_count": 1,
        "quote_count": 0,
        "reply_count": 0,
        "retweet_count": 0,
        "bookmark_count": 0,
        "content": "@Minions @codyinmiyagi",
        "hashtags": []
    },
    {
        "rest_id": "1225123812225822720",
        "like_count": 1,
        "quote_count": 0,
        "reply_count": 0,
        "retweet_count": 0,
        "bookmark_count": 0,
        "content": "@Minions https://t.co/Z72WIixbD5",
        "hashtags": []
    },
    {
        "rest_id": "1225120540555390977",
        "like_count": 228,
        "quote_count": 0,
        "reply_count": 2,
        "retweet_count": 12,
        "bookmark_count": 2,
        "content": "@Minions https://t.co/taiht1CceO",
        "hashtags": []
    },
    {
        "rest_id": "1225105702529703936",
        "like_count": 0,
        "quote_count": 0,
        "reply_count": 0,
        "retweet_count": 0,
        "bookmark_count": 0,
        "content": "@Minions b u t  w h y ?",
        "hashtags": []
    },
    {
        "rest_id": "1225107631439851520",
        "like_count": 3,
        "quote_count": 0,
        "reply_count": 0,
        "retweet_count": 0,
        "bookmark_count": 0,
        "content": "@Minions https://t.co/BVOvwEydyu",
        "hashtags": []
    },
    {
        "rest_id": "1225295014856556545",
        "like_count": 2,
        "quote_count": 0,
        "reply_count": 1,
        "retweet_count": 0,
        "bookmark_count": 0,
        "content": "@Minions https://t.co/hAI30vQ0F1",
        "hashtags": []
    },
    {
        "rest_id": "1225089603180335104",
        "like_count": 0,
        "quote_count": 0,
        "reply_count": 0,
        "retweet_count": 0,
        "bookmark_count": 0,
        "content": "@Minions Nonstop funny awesomeness",
        "hashtags": []
    },
    {
        "rest_id": "1225129971192094720",
        "like_count": 507,
        "quote_count": 1,
        "reply_count": 5,
        "retweet_count": 36,
        "bookmark_count": 6,
        "content": "@Minions https://t.co/hKkpofWynA",
        "hashtags": []
    },
    {
        "rest_id": "1225282746450358273",
        "like_count": 0,
        "quote_count": 0,
        "reply_count": 0,
        "retweet_count": 0,
        "bookmark_count": 0,
        "content": "@Minions \ud83d\ude01\ud83d\ude4c\ud83d\udcaf\ud83d\ude4c\ud83d\udcaf\ud83d\ude4c\ud83d\udcaf",
        "hashtags": []
    },
    {
        "rest_id": "1225109191490142209",
        "like_count": 0,
        "quote_count": 0,
        "reply_count": 0,
        "retweet_count": 0,
        "bookmark_count": 0,
        "content": "@Minions Bruh",
        "hashtags": []
    },
    {
        "rest_id": "1225100725207715840",
        "like_count": 0,
        "quote_count": 0,
        "reply_count": 0,
        "retweet_count": 0,
        "bookmark_count": 0,
        "content": "@Minions I like this little Gru.",
        "hashtags": []
    },
    {
        "rest_id": "1225089370480353280",
        "like_count": 1,
        "quote_count": 0,
        "reply_count": 1,
        "retweet_count": 0,
        "bookmark_count": 0,
        "content": "@Minions &lt;3 Can't wait :D",
        "hashtags": []
    },
    {
        "rest_id": "1225104441222799360",
        "like_count": 51,
        "quote_count": 0,
        "reply_count": 1,
        "retweet_count": 2,
        "bookmark_count": 1,
        "content": "@Minions Worried about how this will affect the minion cinematic universe",
        "hashtags": []
    },
    {
        "rest_id": "1225088305852608512",
        "like_count": 1,
        "quote_count": 0,
        "reply_count": 0,
        "retweet_count": 0,
        "bookmark_count": 0,
        "content": "@Minions @UniversalPics https://t.co/WsUCGlDgKT",
        "hashtags": []
    },
    {
        "rest_id": "1225127841144029184",
        "like_count": 21,
        "quote_count": 0,
        "reply_count": 0,
        "retweet_count": 0,
        "bookmark_count": 0,
        "content": "@Minions https://t.co/cvEg3SFbgh",
        "hashtags": []
    },
    {
        "rest_id": "1225144304735326208",
        "like_count": 36,
        "quote_count": 0,
        "reply_count": 1,
        "retweet_count": 7,
        "bookmark_count": 0,
        "content": "@Minions @SteveCarell https://t.co/eINj6YMO26",
        "hashtags": []
    },
    {
        "rest_id": "1225095798557376513",
        "like_count": 1046,
        "quote_count": 0,
        "reply_count": 12,
        "retweet_count": 18,
        "bookmark_count": 6,
        "content": "@Minions https://t.co/LOgMi8Yqq2",
        "hashtags": []
    },
    {
        "rest_id": "1225122597530038273",
        "like_count": 2,
        "quote_count": 0,
        "reply_count": 0,
        "retweet_count": 0,
        "bookmark_count": 0,
        "content": "@Minions https://t.co/h4m0QlSlmY",
        "hashtags": []
    },
    {
        "rest_id": "1225100597482803200",
        "like_count": 1,
        "quote_count": 0,
        "reply_count": 0,
        "retweet_count": 1,
        "bookmark_count": 0,
        "content": "@Minions Omggggg \ud83d\ude0d\ud83d\ude0d",
        "hashtags": []
    },
    {
        "rest_id": "1225087789580083203",
        "like_count": 0,
        "quote_count": 0,
        "reply_count": 0,
        "retweet_count": 0,
        "bookmark_count": 0,
        "content": "@Minions Luv it",
        "hashtags": []
    },
    {
        "rest_id": "1225177769354702849",
        "like_count": 12,
        "quote_count": 0,
        "reply_count": 1,
        "retweet_count": 0,
        "bookmark_count": 0,
        "content": "@Minions Wait a goddamn minute, I THOUGHT I BLOCKED YALL! https://t.co/jqLKjwaGk1",
        "hashtags": []
    },
    {
        "rest_id": "1225111440438087682",
        "like_count": 15,
        "quote_count": 1,
        "reply_count": 1,
        "retweet_count": 1,
        "bookmark_count": 2,
        "content": "@bichonmom11 https://t.co/3Wht95i7UY",
        "hashtags": []
    },
    {
        "rest_id": "1225087218869510144",
        "like_count": 644,
        "quote_count": 8,
        "reply_count": 46,
        "retweet_count": 40,
        "bookmark_count": 29,
        "content": "@Minions Oh shit screenshots from the deleted sex scene just leaked too! https://t.co/Xzp6h55XOR",
        "hashtags": []
    },
    {
        "rest_id": "1225100471444090884",
        "like_count": 7,
        "quote_count": 0,
        "reply_count": 0,
        "retweet_count": 0,
        "bookmark_count": 0,
        "content": "@Minions https://t.co/IdC6GhJTsO",
        "hashtags": []
    },
    {
        "rest_id": "1225090835407966208",
        "like_count": 0,
        "quote_count": 0,
        "reply_count": 0,
        "retweet_count": 0,
        "bookmark_count": 0,
        "content": "@Minions @Barbiegirl1133  mira mira amor",
        "hashtags": []
    },
    {
        "rest_id": "1225248255103193088",
        "like_count": 1,
        "quote_count": 0,
        "reply_count": 0,
        "retweet_count": 0,
        "bookmark_count": 0,
        "content": "@Minions . @numer041 \u2764\ufe0f\u2728",
        "hashtags": []
    },
    {
        "rest_id": "1225090209529942016",
        "like_count": 102,
        "quote_count": 0,
        "reply_count": 0,
        "retweet_count": 4,
        "bookmark_count": 0,
        "content": "@Minions https://t.co/UHeqcvZBC1",
        "hashtags": []
    },
    {
        "rest_id": "1225150252392439808",
        "like_count": 4,
        "quote_count": 0,
        "reply_count": 0,
        "retweet_count": 0,
        "bookmark_count": 0,
        "content": "@Minions NO https://t.co/jdlL1eixyQ",
        "hashtags": []
    },
    {
        "rest_id": "1225107465529892866",
        "like_count": 2,
        "quote_count": 0,
        "reply_count": 0,
        "retweet_count": 0,
        "bookmark_count": 0,
        "content": "@Minions https://t.co/rSh9E0DC7L",
        "hashtags": []
    },
    {
        "rest_id": "1225110894956425218",
        "like_count": 8,
        "quote_count": 0,
        "reply_count": 1,
        "retweet_count": 0,
        "bookmark_count": 0,
        "content": "@Minions Love #minions",
        "hashtags": [
            {
                "indices": [14, 22],
                "text": "minions"
            }
        ]
    },
    {
        "rest_id": "1225099713315209223",
        "like_count": 0,
        "quote_count": 0,
        "reply_count": 0,
        "retweet_count": 0,
        "bookmark_count": 0,
        "content": "@Minions I like hearing them laugh. I don\u2019t care if they came from corn or morphed \ud83d\ude02",
        "hashtags": []
    },
    {
        "rest_id": "1225116259148337152",
        "like_count": 0,
        "quote_count": 0,
        "reply_count": 0,
        "retweet_count": 0,
        "bookmark_count": 0,
        "content": "@Minions @DespicableMe @bonfirebaby81 \ud83e\udd73\ud83d\ude4c\ud83c\udffb\ud83e\udd73\ud83d\ude4c\ud83c\udffb I CAN NOT WAIT FOR THIS!!! \ud83d\udc4f\ud83c\udffb\ud83d\udc4f\ud83c\udffb",
        "hashtags": []
    },
    {
        "rest_id": "1225198797967499264",
        "like_count": 4,
        "quote_count": 0,
        "reply_count": 1,
        "retweet_count": 0,
        "bookmark_count": 0,
        "content": "@Minions https://t.co/OqLFwSq4jA",
        "hashtags": []
    },
    {
        "rest_id": "1225101123217870848",
        "like_count": 4,
        "quote_count": 0,
        "reply_count": 1,
        "retweet_count": 0,
        "bookmark_count": 0,
        "content": "@Minions can we PLEASE leave all things minion related in 2019",
        "hashtags": []
    },
    {
        "rest_id": "1225114095692763136",
        "like_count": 0,
        "quote_count": 0,
        "reply_count": 0,
        "retweet_count": 0,
        "bookmark_count": 0,
        "content": "@Minions https://t.co/1iE4Fq2VE1",
        "hashtags": []
    },
    {
        "rest_id": "1225139534607699968",
        "like_count": 3,
        "quote_count": 0,
        "reply_count": 0,
        "retweet_count": 0,
        "bookmark_count": 0,
        "content": "@Minions https://t.co/7d2rRSC0GX",
        "hashtags": []
    },
    {
        "rest_id": "1225114735135215618",
        "like_count": 27,
        "quote_count": 0,
        "reply_count": 0,
        "retweet_count": 0,
        "bookmark_count": 1,
        "content": "@Minions https://t.co/gkSMRBv18P",
        "hashtags": []
    },
    {
        "rest_id": "1225097828558524417",
        "like_count": 5,
        "quote_count": 0,
        "reply_count": 1,
        "retweet_count": 0,
        "bookmark_count": 0,
        "content": "@Minions @CallMeCarsonYT",
        "hashtags": []
    },
    {
        "rest_id": "1225293456353816577",
        "like_count": 7,
        "quote_count": 0,
        "reply_count": 1,
        "retweet_count": 0,
        "bookmark_count": 0,
        "content": "@Minions THE MOTION BLUR...\n\nMY EYES",
        "hashtags": []
    },
    {
        "rest_id": "1225090836054056961",
        "like_count": 0,
        "quote_count": 0,
        "reply_count": 0,
        "retweet_count": 0,
        "bookmark_count": 0,
        "content": "@Minions I can\u2019t wait !",
        "hashtags": []
    },
    {
        "rest_id": "1225111354048155648",
        "like_count": 715,
        "quote_count": 1,
        "reply_count": 1,
        "retweet_count": 14,
        "bookmark_count": 6,
        "content": "@Minions https://t.co/0bJZr0GxPY",
        "hashtags": []
    },
    {
        "rest_id": "1225107717649391617",
        "like_count": 2,
        "quote_count": 0,
        "reply_count": 1,
        "retweet_count": 1,
        "bookmark_count": 0,
        "content": "@Minions YESSSSSSSSSSSSSSSS I'VE BEEN WAITING FIVE YEARS!!! SOOOOO EXCITED!! #Minions2 #Minions https://t.co/SbTvedbX5k",
        "hashtags": [
            {
                "indices": [77, 86],
                "text": "Minions2"
            },
            {
                "indices": [87, 95],
                "text": "Minions"
            }
        ]
    },
    {
        "rest_id": "1225124685098020864",
        "like_count": 0,
        "quote_count": 0,
        "reply_count": 1,
        "retweet_count": 0,
        "bookmark_count": 0,
        "content": "@Minions @jonnyRevv",
        "hashtags": []
    },
    {
        "rest_id": "1225099966491660288",
        "like_count": 0,
        "quote_count": 0,
        "reply_count": 1,
        "retweet_count": 0,
        "bookmark_count": 0,
        "content": "@Minions Don't really need to ask, but why is one of the vitamins a nun",
        "hashtags": []
    },
    {
        "rest_id": "1225100537059860485",
        "like_count": 0,
        "quote_count": 0,
        "reply_count": 0,
        "retweet_count": 0,
        "bookmark_count": 0,
        "content": "@Minions bruh",
        "hashtags": []
    },
    {
        "rest_id": "1225098983330041858",
        "like_count": 38,
        "quote_count": 6,
        "reply_count": 36,
        "retweet_count": 1,
        "bookmark_count": 4,
        "content": "@Minions Why was a Catholic Sister portrayed as a villain? Why not use a muslim?",
        "hashtags": []
    },
    {
        "rest_id": "1225100595880775687",
        "like_count": 547,
        "quote_count": 2,
        "reply_count": 19,
        "retweet_count": 56,
        "bookmark_count": 67,
        "content": "@Minions @DanielRPK https://t.co/iSWIqv9CdJ",
        "hashtags": []
    },
    {
        "rest_id": "1225111676745388032",
        "like_count": 0,
        "quote_count": 0,
        "reply_count": 0,
        "retweet_count": 0,
        "bookmark_count": 0,
        "content": "@Minions Brilliant!! Can\u2019t wait to watch this with my boys........loved the previous movies! Roll on the Summer #Minions #RiseofGru",
        "hashtags": [
            {
                "indices": [112, 120],
                "text": "Minions"
            },
            {
                "indices": [121, 131],
                "text": "RiseofGru"
            }
        ]
    },
    {
        "rest_id": "1225096806440349696",
        "like_count": 9,
        "quote_count": 0,
        "reply_count": 0,
        "retweet_count": 2,
        "bookmark_count": 0,
        "content": "@Minions https://t.co/RfV4t8MIxq",
        "hashtags": []
    },
    {
        "rest_id": "1225088665417809920",
        "like_count": 31,
        "quote_count": 0,
        "reply_count": 5,
        "retweet_count": 3,
        "bookmark_count": 1,
        "content": "@Minions Has anybody played \u201cDespicable Me: Minion Mania\u201d game by Namco? It was released on the App Store back in 2010, and this app got removed sometime in 2013. #DespicableMe #Minions @BandaiNamcoUS @Minions https://t.co/KdhRYI4YSr",
        "hashtags": [
            {
                "indices": [163, 176],
                "text": "DespicableMe"
            },
            {
                "indices": [177, 185],
                "text": "Minions"
            }
        ]
    },
    {
        "rest_id": "1225113208312168449",
        "like_count": 0,
        "quote_count": 0,
        "reply_count": 0,
        "retweet_count": 0,
        "bookmark_count": 0,
        "content": "@Minions No..not another baby..NOOOOOOO",
        "hashtags": []
    },
    {
        "rest_id": "1225093669063217152",
        "like_count": 0,
        "quote_count": 0,
        "reply_count": 0,
        "retweet_count": 0,
        "bookmark_count": 0,
        "content": "@Minions This looks amazing!",
        "hashtags": []
    },
    {
        "rest_id": "1225119649404198915",
        "like_count": 30,
        "quote_count": 0,
        "reply_count": 1,
        "retweet_count": 0,
        "bookmark_count": 0,
        "content": "@Minions whats next huh? The last minion?",
        "hashtags": []
    },
    {
        "rest_id": "1225109306988802052",
        "like_count": 0,
        "quote_count": 0,
        "reply_count": 0,
        "retweet_count": 0,
        "bookmark_count": 0,
        "content": "@Minions \ud83d\ude31\ud83d\ude0d\ud83d\ude0d",
        "hashtags": []
    },
    {
        "rest_id": "1225086718698590208",
        "like_count": 59987,
        "quote_count": 2891,
        "reply_count": 1080,
        "retweet_count": 10425,
        "bookmark_count": 1249,
        "content": "Even villains have growing pains. #Minions: The Rise of Gru, in theaters this Summer. https://t.co/wfb93LKGCp",
        "hashtags": [
            {
                "indices": [34, 42],
                "text": "Minions"
            }
        ]
    },
    {
        "rest_id": "1225113874459815937",
        "like_count": 100,
        "quote_count": 0,
        "reply_count": 1,
        "retweet_count": 7,
        "bookmark_count": 5,
        "content": "@Minions @FelineLover1234 @redlettermedia said it best... https://t.co/T99wtCJhUc",
        "hashtags": []
    },
    {
        "rest_id": "1225109908456202241",
        "like_count": 1,
        "quote_count": 0,
        "reply_count": 0,
        "retweet_count": 0,
        "bookmark_count": 0,
        "content": "@Minions Not the sequel we deserve, or the one we want.  Ever. \n\nDesperate attempts for cash grab got @IllumEnt like... https://t.co/fGHu0Q37Ah",
        "hashtags": []
    },
    {
        "rest_id": "1225117784427974656",
        "like_count": 10,
        "quote_count": 0,
        "reply_count": 0,
        "retweet_count": 0,
        "bookmark_count": 1,
        "content": "@Minions https://t.co/N1WqlkTRny",
        "hashtags": []
    },
    {
        "rest_id": "1225234380051877889",
        "like_count": 2,
        "quote_count": 0,
        "reply_count": 0,
        "retweet_count": 0,
        "bookmark_count": 0,
        "content": "@Minions This actually looks kinda funny!",
        "hashtags": []
    },
    {
        "rest_id": "1225136930343526401",
        "like_count": 37,
        "quote_count": 0,
        "reply_count": 0,
        "retweet_count": 1,
        "bookmark_count": 0,
        "content": "@Minions https://t.co/s8pZkHelon",
        "hashtags": []
    },
    {
        "rest_id": "1225164264471777280",
        "like_count": 4,
        "quote_count": 0,
        "reply_count": 0,
        "retweet_count": 0,
        "bookmark_count": 0,
        "content": "@Minions https://t.co/DmeCpNKmp2",
        "hashtags": []
    },
    {
        "rest_id": "1225109144614658048",
        "like_count": 0,
        "quote_count": 0,
        "reply_count": 0,
        "retweet_count": 0,
        "bookmark_count": 0,
        "content": "@Minions Omg ..",
        "hashtags": []
    },
    {
        "rest_id": "1225162509482627072",
        "like_count": 3,
        "quote_count": 0,
        "reply_count": 0,
        "retweet_count": 0,
        "bookmark_count": 0,
        "content": "@Minions Despicable Me 1 was good because the Minions were side characters\n... I wish they had stayed like that",
        "hashtags": []
    },
    {
        "rest_id": "1225140261660975105",
        "like_count": 1,
        "quote_count": 0,
        "reply_count": 1,
        "retweet_count": 0,
        "bookmark_count": 0,
        "content": "@Minions @sabrina__who we\u2019re going",
        "hashtags": []
    },
    {
        "rest_id": "1225090981009117184",
        "like_count": 508,
        "quote_count": 0,
        "reply_count": 4,
        "retweet_count": 5,
        "bookmark_count": 2,
        "content": "@Minions https://t.co/RsApkRuKxy",
        "hashtags": []
    },
    {
        "rest_id": "1225115448578134016",
        "like_count": 0,
        "quote_count": 0,
        "reply_count": 0,
        "retweet_count": 0,
        "bookmark_count": 0,
        "content": "@Minions @PetsMovie Cant wait to see it\ud83d\ude00",
        "hashtags": []
    },
    {
        "rest_id": "1225099440551317506",
        "like_count": 0,
        "quote_count": 0,
        "reply_count": 0,
        "retweet_count": 0,
        "bookmark_count": 0,
        "content": "@Minions @jonahdanp28",
        "hashtags": []
    },
    {
        "rest_id": "1225114305445548032",
        "like_count": 0,
        "quote_count": 0,
        "reply_count": 0,
        "retweet_count": 0,
        "bookmark_count": 0,
        "content": "@Minions The vinyl spinning",
        "hashtags": []
    },
    {
        "rest_id": "1225095026956472326",
        "like_count": 0,
        "quote_count": 0,
        "reply_count": 0,
        "retweet_count": 0,
        "bookmark_count": 0,
        "content": "@Minions I\u2019m going to poop on you",
        "hashtags": []
    },
    {
        "rest_id": "1225114319710494720",
        "like_count": 90,
        "quote_count": 0,
        "reply_count": 2,
        "retweet_count": 1,
        "bookmark_count": 0,
        "content": "@Minions https://t.co/66S17ozOT5",
        "hashtags": []
    },
    {
        "rest_id": "1225096219766206465",
        "like_count": 1,
        "quote_count": 0,
        "reply_count": 0,
        "retweet_count": 0,
        "bookmark_count": 0,
        "content": "@Minions I REALLY hope BOB is apart of this!!",
        "hashtags": []
    },
    {
        "rest_id": "1225278673940406274",
        "like_count": 1,
        "quote_count": 0,
        "reply_count": 0,
        "retweet_count": 0,
        "bookmark_count": 0,
        "content": "@Minions \ud83d\udc4d\ud83d\udc4d\ud83d\udc4d\ud83d\udc4d\ud83d\udc4d\u270c\u270c\u270c\ud83d\udc4b\ud83d\udc4b\ud83d\udc4b\ud83d\udc4bHi hi",
        "hashtags": []
    },
    {
        "rest_id": "1225103241572167680",
        "like_count": 10,
        "quote_count": 0,
        "reply_count": 0,
        "retweet_count": 0,
        "bookmark_count": 0,
        "content": "@Minions Weird. I thought I blocked you",
        "hashtags": []
    },
    {
        "rest_id": "1225113595987578881",
        "like_count": 0,
        "quote_count": 0,
        "reply_count": 0,
        "retweet_count": 0,
        "bookmark_count": 0,
        "content": "@Minions Wtf why",
        "hashtags": []
    }
]
