[
    {
        "rest_id": "1332721582620303360",
        "like_count": 2,
        "quote_count": 0,
        "reply_count": 0,
        "retweet_count": 0,
        "bookmark_count": 0,
        "content": "@Minions bukan aku sorang je kan dengar...\n\n\"Nasi goreng.. Kicap manis.. Terima kasih\"\n\n\ud83d\ude02",
        "hashtags": []
    },
    {
        "rest_id": "1333804969120604162",
        "like_count": 0,
        "quote_count": 0,
        "reply_count": 0,
        "retweet_count": 0,
        "bookmark_count": 0,
        "content": "@Minions @IllumEnt_ Saya mendengar biola, nasi goreng, kecap manis dan terimakasih :D\u2728\u2728\u2728",
        "hashtags": []
    },
    {
        "rest_id": "1332548875022790658",
        "like_count": 4,
        "quote_count": 0,
        "reply_count": 0,
        "retweet_count": 0,
        "bookmark_count": 0,
        "content": "@Minions @IllumEnt_ I want to see it soon!!!",
        "hashtags": []
    },
    {
        "rest_id": "1332627855642005504",
        "like_count": 0,
        "quote_count": 0,
        "reply_count": 0,
        "retweet_count": 0,
        "bookmark_count": 0,
        "content": "@Minions @IllumEnt_ Sounds like \"Nasi goreng kicap manis\" ? \ud83d\ude02\ud83d\ude02\ud83d\ude02",
        "hashtags": []
    },
    {
        "rest_id": "1333086627258802176",
        "like_count": 0,
        "quote_count": 0,
        "reply_count": 1,
        "retweet_count": 0,
        "bookmark_count": 0,
        "content": "@Minions @izzzydya",
        "hashtags": []
    },
    {
        "rest_id": "1334115853940375552",
        "like_count": 0,
        "quote_count": 0,
        "reply_count": 0,
        "retweet_count": 0,
        "bookmark_count": 0,
        "content": "@Minions @IllumEnt_ Bahasa Melayu. Not Bahasa Indonesia. Indonesians are stupid.",
        "hashtags": []
    },
    {
        "rest_id": "1332566000886185984",
        "like_count": 0,
        "quote_count": 0,
        "reply_count": 0,
        "retweet_count": 0,
        "bookmark_count": 0,
        "content": "@Minions @IllumEnt_ Nasi goreng kecap manis??",
        "hashtags": []
    },
    {
        "rest_id": "1332843150105214977",
        "like_count": 0,
        "quote_count": 0,
        "reply_count": 1,
        "retweet_count": 0,
        "bookmark_count": 0,
        "content": "@Minions @IllumEnt_ @SaveVidBot",
        "hashtags": []
    },
    {
        "rest_id": "1332585510066409473",
        "like_count": 0,
        "quote_count": 0,
        "reply_count": 0,
        "retweet_count": 0,
        "bookmark_count": 0,
        "content": "@Minions @IllumEnt_ So the movie is coming out July 2nd!?",
        "hashtags": []
    },
    {
        "rest_id": "1332825355925688320",
        "like_count": 1,
        "quote_count": 0,
        "reply_count": 0,
        "retweet_count": 0,
        "bookmark_count": 0,
        "content": "@Minions @IllumEnt_ Did that minion say Bahasa Indonesia? nasi goreng, kecap manis and terima kasih.. \ud83d\ude0d",
        "hashtags": []
    },
    {
        "rest_id": "1334315492324958209",
        "like_count": 0,
        "quote_count": 0,
        "reply_count": 0,
        "retweet_count": 0,
        "bookmark_count": 0,
        "content": "@Minions @IllumEnt_ Terima kasih \ud83d\ude31",
        "hashtags": []
    },
    {
        "rest_id": "1332606144938840064",
        "like_count": 0,
        "quote_count": 0,
        "reply_count": 0,
        "retweet_count": 0,
        "bookmark_count": 0,
        "content": "@Minions @IllumEnt_ nasi goreng kecap manis?",
        "hashtags": []
    },
    {
        "rest_id": "1332585150589272065",
        "like_count": 6,
        "quote_count": 0,
        "reply_count": 0,
        "retweet_count": 0,
        "bookmark_count": 0,
        "content": "@Minions @IllumEnt_ That minion didn't have a nightmare. That minion is hungry for fried rice and sweet sauce",
        "hashtags": []
    },
    {
        "rest_id": "1332934441509941248",
        "like_count": 0,
        "quote_count": 0,
        "reply_count": 0,
        "retweet_count": 0,
        "bookmark_count": 0,
        "content": "@Minions @IllumEnt_ @thisvid__",
        "hashtags": []
    },
    {
        "rest_id": "1336971303228645376",
        "like_count": 0,
        "quote_count": 0,
        "reply_count": 0,
        "retweet_count": 0,
        "bookmark_count": 0,
        "content": "@Minions Tak pikir jaluk sego goreng, ternyata cuman numpang bobo",
        "hashtags": []
    },
    {
        "rest_id": "1332958336384454657",
        "like_count": 0,
        "quote_count": 0,
        "reply_count": 0,
        "retweet_count": 0,
        "bookmark_count": 0,
        "content": "@Minions @UniversalPics @IllumEnt_ Que y x.. B ll m l.   L h j c x hj c\ud83d\udce5 ml      xl l.   M lx..  L,? L c l cl. L. ., GFXNn l x bbc xc  x.  X.     Lx. C.  Lll l X - &amp; nlll",
        "hashtags": []
    },
    {
        "rest_id": "1332544929382367239",
        "like_count": 2,
        "quote_count": 0,
        "reply_count": 1,
        "retweet_count": 0,
        "bookmark_count": 0,
        "content": "@Minions @IllumEnt_ @P3k3Monster  \ud83d\ude2f\ud83e\udd29",
        "hashtags": []
    },
    {
        "rest_id": "1332573863985565697",
        "like_count": 5,
        "quote_count": 0,
        "reply_count": 0,
        "retweet_count": 0,
        "bookmark_count": 0,
        "content": "@Minions @IllumEnt_ Minion wants fried rice with sweet soy sauce??",
        "hashtags": []
    },
    {
        "rest_id": "1333013835024900096",
        "like_count": 1,
        "quote_count": 0,
        "reply_count": 0,
        "retweet_count": 0,
        "bookmark_count": 0,
        "content": "@Minions @IllumEnt_ I'm old but this dudes though\u2764\u2764\u2764\u2764\u2764\u2764",
        "hashtags": []
    },
    {
        "rest_id": "1333113464361865216",
        "like_count": 0,
        "quote_count": 0,
        "reply_count": 0,
        "retweet_count": 0,
        "bookmark_count": 0,
        "content": "@Minions @IllumEnt_ minibas.",
        "hashtags": []
    },
    {
        "rest_id": "1333034106997723143",
        "like_count": 0,
        "quote_count": 0,
        "reply_count": 0,
        "retweet_count": 0,
        "bookmark_count": 0,
        "content": "@Minions @IllumEnt_ ahh so cutee\ud83d\ude0d",
        "hashtags": []
    },
    {
        "rest_id": "1332606979794153472",
        "like_count": 0,
        "quote_count": 0,
        "reply_count": 0,
        "retweet_count": 0,
        "bookmark_count": 0,
        "content": "@Minions @IllumEnt_ Can't wait\ud83d\ude29",
        "hashtags": []
    },
    {
        "rest_id": "1332642305484808192",
        "like_count": 505,
        "quote_count": 3,
        "reply_count": 3,
        "retweet_count": 42,
        "bookmark_count": 3,
        "content": "@Minions @IllumEnt_ Love how Minions still incorporate Bahasa Melayu, this time \u201cnasi goreng, kicap manis, terima kasih\u201d so that people in Malay-speaking countries like Indonesia, Malaysia, Singapore, Brunei and southern Thailand could sense the inclusiveness.",
        "hashtags": []
    },
    {
        "rest_id": "1332922898558771202",
        "like_count": 1,
        "quote_count": 0,
        "reply_count": 0,
        "retweet_count": 0,
        "bookmark_count": 0,
        "content": "@Minions @IllumEnt_ Nasi goreng, kecap manis.. it's indonesia food \ud83c\uddee\ud83c\udde9\u2764\ufe0f\ud83d\ude2d",
        "hashtags": []
    },
    {
        "rest_id": "1332950560325193728",
        "like_count": 1,
        "quote_count": 0,
        "reply_count": 0,
        "retweet_count": 0,
        "bookmark_count": 0,
        "content": "@Minions @IllumEnt_ Waaa #michelleyeoh pun ada yeahhh",
        "hashtags": [
            {
                "indices": [25, 38],
                "text": "michelleyeoh"
            }
        ]
    },
    {
        "rest_id": "1333284015973965824",
        "like_count": 0,
        "quote_count": 0,
        "reply_count": 0,
        "retweet_count": 0,
        "bookmark_count": 0,
        "content": "@Minions @IllumEnt_ I ijjxkkx(9)))9818((((((8999(++$+8++++7777778888+;;\u2713\u00a2kn\u00f1jd));",
        "hashtags": []
    },
    {
        "rest_id": "1332562608696639491",
        "like_count": 157,
        "quote_count": 0,
        "reply_count": 1,
        "retweet_count": 1,
        "bookmark_count": 0,
        "content": "@Minions @IllumEnt_ Wait, how is nasi goreng and kecap manis translate to having a nightmare? \ud83d\ude05",
        "hashtags": []
    },
    {
        "rest_id": "1333705684328714240",
        "like_count": 0,
        "quote_count": 0,
        "reply_count": 0,
        "retweet_count": 0,
        "bookmark_count": 0,
        "content": "@Minions @IllumEnt_ yoo!!! nasi goreng kicap manis? terima kasih? hahaha \ud83d\udc9b\ud83d\udc9b\ud83d\udc9b",
        "hashtags": []
    },
    {
        "rest_id": "1332684852081135616",
        "like_count": 0,
        "quote_count": 0,
        "reply_count": 0,
        "retweet_count": 0,
        "bookmark_count": 0,
        "content": "@Minions @IllumEnt_ Love minion bob",
        "hashtags": []
    },
    {
        "rest_id": "1333957190827134977",
        "like_count": 0,
        "quote_count": 0,
        "reply_count": 0,
        "retweet_count": 0,
        "bookmark_count": 0,
        "content": "@Minions @IllumEnt_ Kenapa mesti ada nasi goreng kecap manis sih \ud83d\ude11\ud83e\udd23\n\nIs it because Pierre Coffin is of Indonesian descent, so there are Indonesian sentences inserted? \ud83c\uddeb\ud83c\uddf7\ud83c\uddee\ud83c\udde9\ud83d\ude02",
        "hashtags": []
    },
    {
        "rest_id": "1334146298245574665",
        "like_count": 1,
        "quote_count": 0,
        "reply_count": 1,
        "retweet_count": 0,
        "bookmark_count": 0,
        "content": "@Minions @abangshy @IllumEnt_ @abangshy",
        "hashtags": []
    },
    {
        "rest_id": "1332712134300499968",
        "like_count": 0,
        "quote_count": 0,
        "reply_count": 0,
        "retweet_count": 0,
        "bookmark_count": 0,
        "content": "@Minions @IllumEnt_ nasi goreng, kicap manis, terima kasih",
        "hashtags": []
    },
    {
        "rest_id": "1332604500507467779",
        "like_count": 0,
        "quote_count": 0,
        "reply_count": 0,
        "retweet_count": 0,
        "bookmark_count": 0,
        "content": "@Minions @IllumEnt_ Nasi Goreng Kicap Manis \ud83d\ude02",
        "hashtags": []
    },
    {
        "rest_id": "1332677481027891203",
        "like_count": 0,
        "quote_count": 0,
        "reply_count": 0,
        "retweet_count": 0,
        "bookmark_count": 0,
        "content": "@Minions @IllumEnt_ nasi goreng hahaha.. last time it was tikka masala \ud83d\ude05\ud83d\ude05",
        "hashtags": []
    },
    {
        "rest_id": "1332552802808152065",
        "like_count": 2,
        "quote_count": 0,
        "reply_count": 2,
        "retweet_count": 0,
        "bookmark_count": 0,
        "content": "@Minions @IllumEnt_ Ackkkk am gonna see my minions againnnnn \ud83c\udf4c\ud83d\ude2d https://t.co/LjvQPcP9hE",
        "hashtags": []
    },
    {
        "rest_id": "1334162990547943425",
        "like_count": 0,
        "quote_count": 0,
        "reply_count": 0,
        "retweet_count": 0,
        "bookmark_count": 0,
        "content": "@Minions @IllumEnt_ So excited!!!",
        "hashtags": []
    },
    {
        "rest_id": "1334783247016841216",
        "like_count": 1,
        "quote_count": 0,
        "reply_count": 0,
        "retweet_count": 0,
        "bookmark_count": 0,
        "content": "@Minions @IllumEnt_ This small creatures speak their alien language? actually a Malay Language, whether its form Indonesia or Malaysia its still Malay Language &amp; understood by Indonesian, Malaysian, Singaporean, Brunei, Timorleste, Southern Thai, Parts of  Australia, Sri Lanka, Sout Africa..so do I",
        "hashtags": []
    },
    {
        "rest_id": "1332553631707451392",
        "like_count": 39,
        "quote_count": 0,
        "reply_count": 4,
        "retweet_count": 5,
        "bookmark_count": 0,
        "content": "@Minions We\u2019re so excited we couldn\u2019t fall asleep either! Hope everyone loved our Minions Holiday Special \u2764\ufe0f",
        "hashtags": []
    },
    {
        "rest_id": "1332761741390962691",
        "like_count": 0,
        "quote_count": 0,
        "reply_count": 0,
        "retweet_count": 0,
        "bookmark_count": 0,
        "content": "@Minions @IllumEnt_ I can't wait!!!  I want now \ud83d\ude0d\ud83d\ude0d\ud83d\ude0d",
        "hashtags": []
    },
    {
        "rest_id": "1333798697184894983",
        "like_count": 0,
        "quote_count": 0,
        "reply_count": 0,
        "retweet_count": 0,
        "bookmark_count": 0,
        "content": "@Minions @IllumEnt_ @Winpww",
        "hashtags": []
    },
    {
        "rest_id": "1332851381938524160",
        "like_count": 0,
        "quote_count": 0,
        "reply_count": 0,
        "retweet_count": 0,
        "bookmark_count": 0,
        "content": "@Minions @IllumEnt_ Terima Kasih!!!",
        "hashtags": []
    },
    {
        "rest_id": "1332544226148503553",
        "like_count": 7,
        "quote_count": 0,
        "reply_count": 1,
        "retweet_count": 0,
        "bookmark_count": 0,
        "content": "@Minions @IllumEnt_ SO EXCITED!!",
        "hashtags": []
    },
    {
        "rest_id": "1332884437168656385",
        "like_count": 0,
        "quote_count": 0,
        "reply_count": 0,
        "retweet_count": 0,
        "bookmark_count": 0,
        "content": "@Minions @IllumEnt_ @DownloaderBot",
        "hashtags": []
    },
    {
        "rest_id": "1332699403027587074",
        "like_count": 0,
        "quote_count": 0,
        "reply_count": 0,
        "retweet_count": 0,
        "bookmark_count": 0,
        "content": "@Minions @IllumEnt_ Pemilik suara Gru, steve carrell https://t.co/gWKXnJjwhw",
        "hashtags": []
    },
    {
        "rest_id": "1332545984333799425",
        "like_count": 0,
        "quote_count": 0,
        "reply_count": 0,
        "retweet_count": 0,
        "bookmark_count": 0,
        "content": "@Minions @IllumEnt_ July 2, 2021! Can\u2019t wait!",
        "hashtags": []
    },
    {
        "rest_id": "1332910828161404931",
        "like_count": 0,
        "quote_count": 0,
        "reply_count": 0,
        "retweet_count": 0,
        "bookmark_count": 0,
        "content": "@Minions @IllumEnt_ \u306a\u3093\u304b\u304b\u308f\u3044\u305d\u30fc\uff01",
        "hashtags": []
    },
    {
        "rest_id": "1332570940429910019",
        "like_count": 3,
        "quote_count": 0,
        "reply_count": 0,
        "retweet_count": 0,
        "bookmark_count": 1,
        "content": "@Minions @IllumEnt_ \uff29love Minion( \u00b4-` )\u2665\ufe0f\ud83c\udf4c\ncute\u2665\ufe0fcute\ud83d\udc9bcute\ud83d\udc99",
        "hashtags": []
    },
    {
        "rest_id": "1332607641302941697",
        "like_count": 299,
        "quote_count": 12,
        "reply_count": 15,
        "retweet_count": 28,
        "bookmark_count": 0,
        "content": "@Minions @IllumEnt_ Please clarify the word is from Malaysia or Indonesia. The war will begin anytime soon.",
        "hashtags": []
    },
    {
        "rest_id": "1332831880316473345",
        "like_count": 0,
        "quote_count": 0,
        "reply_count": 0,
        "retweet_count": 0,
        "bookmark_count": 0,
        "content": "@Minions @IllumEnt_ Haha...nasi goreng, kicap manis, terima kasih\ud83d\ude06",
        "hashtags": []
    },
    {
        "rest_id": "1332683246400905217",
        "like_count": 0,
        "quote_count": 0,
        "reply_count": 0,
        "retweet_count": 0,
        "bookmark_count": 0,
        "content": "@Minions @UniversalPics @IllumEnt_ Ngl here, I\u2019m excited for this movie",
        "hashtags": []
    },
    {
        "rest_id": "1332701696200478722",
        "like_count": 1,
        "quote_count": 0,
        "reply_count": 0,
        "retweet_count": 0,
        "bookmark_count": 0,
        "content": "@Minions @UniversalPics @IllumEnt_ Really Excited For This Movie Love Minions!",
        "hashtags": []
    },
    {
        "rest_id": "1332544065863176193",
        "like_count": 12894,
        "quote_count": 2959,
        "reply_count": 197,
        "retweet_count": 5087,
        "bookmark_count": 360,
        "content": "Gru and the Minions warming our hearts this holiday season in this never seen before clip. Catch our favorite cuddle buddies in Minions: Rise of the Gru Summer 2021.\n\n@IllumEnt_ https://t.co/9xmfDuNPMd",
        "hashtags": []
    },
    {
        "rest_id": "1332885948674129922",
        "like_count": 2,
        "quote_count": 0,
        "reply_count": 0,
        "retweet_count": 0,
        "bookmark_count": 0,
        "content": "@Minions comel eh minion cakap nasi goreng kicap manis terima kasih \ud83d\ude0d",
        "hashtags": []
    },
    {
        "rest_id": "1332731118047490049",
        "like_count": 0,
        "quote_count": 0,
        "reply_count": 0,
        "retweet_count": 0,
        "bookmark_count": 0,
        "content": "@Minions @IllumEnt_ Kenapa pulak bahasa kita mesti sama hahhh????",
        "hashtags": []
    },
    {
        "rest_id": "1332729742814892034",
        "like_count": 0,
        "quote_count": 0,
        "reply_count": 0,
        "retweet_count": 0,
        "bookmark_count": 0,
        "content": "@Minions @IllumEnt_ Can't wait for this \ud83e\udd7a\ud83e\udd7a\ud83e\udd7a\ud83e\udd7a",
        "hashtags": []
    },
    {
        "rest_id": "1333022175037538304",
        "like_count": 0,
        "quote_count": 0,
        "reply_count": 0,
        "retweet_count": 0,
        "bookmark_count": 0,
        "content": "@Minions @IllumEnt_ @DownloaderBot",
        "hashtags": []
    },
    {
        "rest_id": "1332547436586225664",
        "like_count": 63,
        "quote_count": 1,
        "reply_count": 2,
        "retweet_count": 0,
        "bookmark_count": 0,
        "content": "@vanteIq @IllumEnt_ So are we.",
        "hashtags": []
    },
    {
        "rest_id": "1332719052825919489",
        "like_count": 0,
        "quote_count": 0,
        "reply_count": 0,
        "retweet_count": 0,
        "bookmark_count": 0,
        "content": "@Minions @IllumEnt_ Good night \ud83d\ude0a",
        "hashtags": []
    },
    {
        "rest_id": "1332674922624077825",
        "like_count": 0,
        "quote_count": 0,
        "reply_count": 0,
        "retweet_count": 0,
        "bookmark_count": 0,
        "content": "@Minions @amirulakram133 @IllumEnt_ NASI GORENG KICAP MANIS!!!!!!!!!TQ for using\n- Bahasa Melayu\n-Bahasa Indonesia\n-Bahasa Malaysia\n-Bahasa Brunei\n \ud83d\ude01\ud83d\ude01",
        "hashtags": []
    },
    {
        "rest_id": "1332591535532113921",
        "like_count": 2,
        "quote_count": 0,
        "reply_count": 0,
        "retweet_count": 0,
        "bookmark_count": 0,
        "content": "@Minions @IllumEnt_ Nasi goreng kicap manis is a nightmare? Wow",
        "hashtags": []
    },
    {
        "rest_id": "1332902185210765312",
        "like_count": 1,
        "quote_count": 0,
        "reply_count": 0,
        "retweet_count": 0,
        "bookmark_count": 0,
        "content": "@Minions @IllumEnt_ dlm movie yg dorang dpt gitar tu pun ade cakap terima kasih..",
        "hashtags": []
    },
    {
        "rest_id": "1334321737933049857",
        "like_count": 0,
        "quote_count": 0,
        "reply_count": 0,
        "retweet_count": 0,
        "bookmark_count": 0,
        "content": "@Minions @IllumEnt_ Kecap manis wkwkwkwkwk",
        "hashtags": []
    },
    {
        "rest_id": "1332649742409449472",
        "like_count": 0,
        "quote_count": 0,
        "reply_count": 0,
        "retweet_count": 0,
        "bookmark_count": 0,
        "content": "@Minions @IllumEnt_ Ketoke pierre coffin lagi ngidam nasi goreng kecap manis. Makane dadi nightmare \ud83d\ude02\ud83d\ude02",
        "hashtags": []
    },
    {
        "rest_id": "1333725091574628355",
        "like_count": 0,
        "quote_count": 0,
        "reply_count": 0,
        "retweet_count": 0,
        "bookmark_count": 0,
        "content": "@Minions @IllumEnt_ @minkiheon8",
        "hashtags": []
    },
    {
        "rest_id": "1332657806927831042",
        "like_count": 0,
        "quote_count": 0,
        "reply_count": 0,
        "retweet_count": 0,
        "bookmark_count": 0,
        "content": "@Minions @IllumEnt_ nasi goreng,kecap manis. really !?",
        "hashtags": []
    },
    {
        "rest_id": "1334472521370853376",
        "like_count": 0,
        "quote_count": 0,
        "reply_count": 0,
        "retweet_count": 0,
        "bookmark_count": 0,
        "content": "@Minions @IllumEnt_ Nasik goreng kicap manis\ud83d\ude02\ud83d\ude02\ud83d\ude02 @fzissema @naz_nim",
        "hashtags": []
    },
    {
        "rest_id": "1332630444081258496",
        "like_count": 1,
        "quote_count": 0,
        "reply_count": 0,
        "retweet_count": 0,
        "bookmark_count": 0,
        "content": "@Minions @IllumEnt_ Nasi Goreng, kicap manis~ terima kasih \ud83e\udd23",
        "hashtags": []
    },
    {
        "rest_id": "1333715611516510208",
        "like_count": 0,
        "quote_count": 0,
        "reply_count": 0,
        "retweet_count": 0,
        "bookmark_count": 0,
        "content": "@Minions @IllumEnt_ Nasi goreng kicap manis\ud83d\udc4d\ud83c\udffb\ud83d\udc4d\ud83c\udffb",
        "hashtags": []
    },
    {
        "rest_id": "1333235838080073729",
        "like_count": 0,
        "quote_count": 0,
        "reply_count": 0,
        "retweet_count": 0,
        "bookmark_count": 0,
        "content": "@Minions @IllumEnt_ @Thisvid9",
        "hashtags": []
    },
    {
        "rest_id": "1332804639482384387",
        "like_count": 0,
        "quote_count": 0,
        "reply_count": 0,
        "retweet_count": 0,
        "bookmark_count": 0,
        "content": "@Minions @IllumEnt_ Can't wait to see",
        "hashtags": []
    },
    {
        "rest_id": "1333192984481779714",
        "like_count": 0,
        "quote_count": 0,
        "reply_count": 0,
        "retweet_count": 0,
        "bookmark_count": 0,
        "content": "@Minions @IllumEnt_ We can all agree the gru looks cute when he sleeps",
        "hashtags": []
    },
    {
        "rest_id": "1332669837622054913",
        "like_count": 0,
        "quote_count": 0,
        "reply_count": 0,
        "retweet_count": 0,
        "bookmark_count": 0,
        "content": "@Minions @IllumEnt_ I\u2019m not 100% excited for this film, but I\u2019ll admit this is a kinda cute scene",
        "hashtags": []
    },
    {
        "rest_id": "1332631373543215104",
        "like_count": 0,
        "quote_count": 0,
        "reply_count": 0,
        "retweet_count": 0,
        "bookmark_count": 0,
        "content": "@Minions @IllumEnt_ Nasi goreng kecap manis??\ud83e\udd23\ud83e\udd23\ud83e\udd23",
        "hashtags": []
    },
    {
        "rest_id": "1343566678500622339",
        "like_count": 0,
        "quote_count": 0,
        "reply_count": 4,
        "retweet_count": 0,
        "bookmark_count": 0,
        "content": "@Minions @__JungTae @Itsme_JKoo @kimlataejjk_ @Ginavchild  eh dengerin deh minion nya biacara pake bahasa indonesia \" nasi goreng kecap manis\" dengerin deh",
        "hashtags": []
    },
    {
        "rest_id": "1332545503481872384",
        "like_count": 2,
        "quote_count": 0,
        "reply_count": 0,
        "retweet_count": 1,
        "bookmark_count": 0,
        "content": "@spann72 @IllumEnt_ Neither can we!",
        "hashtags": []
    },
    {
        "rest_id": "1334080772802633729",
        "like_count": 2,
        "quote_count": 0,
        "reply_count": 0,
        "retweet_count": 0,
        "bookmark_count": 0,
        "content": "@Minions @IllumEnt_ Nice... Minions speaks in \"Bahasa serumpun\".. \ud83d\ude0d",
        "hashtags": []
    },
    {
        "rest_id": "1333730078895718400",
        "like_count": 0,
        "quote_count": 0,
        "reply_count": 0,
        "retweet_count": 0,
        "bookmark_count": 0,
        "content": "@Minions @IllumEnt_ nasi goreng wkwkwkwk",
        "hashtags": []
    },
    {
        "rest_id": "1332560152814239744",
        "like_count": 3,
        "quote_count": 0,
        "reply_count": 0,
        "retweet_count": 0,
        "bookmark_count": 0,
        "content": "@Minions @IllumEnt_ nasi goreng kicap manis? terima kasih!",
        "hashtags": []
    },
    {
        "rest_id": "1332544946943913985",
        "like_count": 15,
        "quote_count": 0,
        "reply_count": 1,
        "retweet_count": 2,
        "bookmark_count": 1,
        "content": "@Minions @IllumEnt_ I WANT TO SEE IT AND I CAN'T WAIT \ud83d\udc9b\ud83d\udc9b\ud83c\udf4c\ud83c\udf4c https://t.co/YBcZ5uFoa9",
        "hashtags": []
    },
    {
        "rest_id": "1332970920336519170",
        "like_count": 0,
        "quote_count": 0,
        "reply_count": 0,
        "retweet_count": 0,
        "bookmark_count": 0,
        "content": "@Minions @IllumEnt_ Did the first minion just say nasi goreng ...kicap Manis at the end?",
        "hashtags": []
    },
    {
        "rest_id": "1333021585876283392",
        "like_count": 0,
        "quote_count": 0,
        "reply_count": 0,
        "retweet_count": 0,
        "bookmark_count": 0,
        "content": "@Minions @IllumEnt_ Nightmare nasi goreng, kicap manis \ud83d\ude02",
        "hashtags": []
    },
    {
        "rest_id": "1332544582723244034",
        "like_count": 3,
        "quote_count": 0,
        "reply_count": 0,
        "retweet_count": 0,
        "bookmark_count": 0,
        "content": "@Minions @IllumEnt_ I'm very hopeful we'll see this movie in theaters... \ud83d\ude0a",
        "hashtags": []
    },
    {
        "rest_id": "1333917037962280962",
        "like_count": 0,
        "quote_count": 0,
        "reply_count": 0,
        "retweet_count": 0,
        "bookmark_count": 0,
        "content": "@Minions @IllumEnt_ \ud83c\uddf2\ud83c\uddfe Nasi goreng kicap manihhhh... Sedap woooo... Kena pulak teloq mata goyang. Pergghhhh... Try la enche Gru dan adik2 minion... Terima kasih \ud83e\udd70\ud83e\udd70\ud83e\udd70",
        "hashtags": []
    },
    {
        "rest_id": "1332544665648656384",
        "like_count": 0,
        "quote_count": 0,
        "reply_count": 0,
        "retweet_count": 0,
        "bookmark_count": 0,
        "content": "@Minions @UniversalPics @IllumEnt_ stop milking this franchise but I guess there\u2019s an exception for everything.",
        "hashtags": []
    },
    {
        "rest_id": "1332632825057538048",
        "like_count": 0,
        "quote_count": 0,
        "reply_count": 0,
        "retweet_count": 0,
        "bookmark_count": 0,
        "content": "@Minions @IllumEnt_ Yeay, can't wait",
        "hashtags": []
    },
    {
        "rest_id": "1334096665481945088",
        "like_count": 0,
        "quote_count": 0,
        "reply_count": 0,
        "retweet_count": 0,
        "bookmark_count": 0,
        "content": "@Minions @IllumEnt_ \ud83d\ude03",
        "hashtags": []
    },
    {
        "rest_id": "1333850026800345088",
        "like_count": 0,
        "quote_count": 0,
        "reply_count": 0,
        "retweet_count": 0,
        "bookmark_count": 0,
        "content": "@Minions @IllumEnt_ Nasi goreng kicap manis\ud83e\udd23",
        "hashtags": []
    },
    {
        "rest_id": "1457310569451515904",
        "like_count": 0,
        "quote_count": 0,
        "reply_count": 0,
        "retweet_count": 0,
        "bookmark_count": 0,
        "content": "@Minions SO EXCITED!!\ud83d\ude18\ud83e\udd70\u2764\ufe0f",
        "hashtags": []
    },
    {
        "rest_id": "1333077569646727168",
        "like_count": 0,
        "quote_count": 0,
        "reply_count": 0,
        "retweet_count": 0,
        "bookmark_count": 0,
        "content": "@Minions Aduhh, kenapa tak tukar jadi \u201cTARIK SIS!\u201d",
        "hashtags": []
    },
    {
        "rest_id": "1332560995366043648",
        "like_count": 9,
        "quote_count": 0,
        "reply_count": 0,
        "retweet_count": 0,
        "bookmark_count": 0,
        "content": "@Minions @IllumEnt_ I've been curious to see more of Gru's backstory ever since we learned about his father and brother. And they showed his entire family tree.",
        "hashtags": []
    },
    {
        "rest_id": "1333890068189040642",
        "like_count": 0,
        "quote_count": 0,
        "reply_count": 0,
        "retweet_count": 0,
        "bookmark_count": 0,
        "content": "@Minions @IllumEnt_ AAAAAA \ud83d\ude2d\ud83d\udc9b",
        "hashtags": []
    },
    {
        "rest_id": "1332554950044389376",
        "like_count": 3,
        "quote_count": 0,
        "reply_count": 1,
        "retweet_count": 0,
        "bookmark_count": 0,
        "content": "@sheeedongmin @IllumEnt_ We hope so!",
        "hashtags": []
    },
    {
        "rest_id": "1332978006676045824",
        "like_count": 81,
        "quote_count": 0,
        "reply_count": 1,
        "retweet_count": 5,
        "bookmark_count": 0,
        "content": "@Minions @IllumEnt_ Minions: nasi goreng...kicap manis...terima kasih\n\nWhole nusantara region ( Malaysia, Brunei, Indonesia, and Singapore ) on replies: https://t.co/IGlyKRyum3",
        "hashtags": []
    },
    {
        "rest_id": "1332585281174843393",
        "like_count": 0,
        "quote_count": 0,
        "reply_count": 0,
        "retweet_count": 0,
        "bookmark_count": 0,
        "content": "@Minions @UniversalPics @IllumEnt_ I love the minions!! My Favorite!!",
        "hashtags": []
    },
    {
        "rest_id": "1333735290872029187",
        "like_count": 0,
        "quote_count": 0,
        "reply_count": 0,
        "retweet_count": 0,
        "bookmark_count": 0,
        "content": "@Minions @IllumEnt_ Yang aku tahu indon hanya bilang makasih pak\ud83d\ude02",
        "hashtags": []
    },
    {
        "rest_id": "1333720438417965056",
        "like_count": 0,
        "quote_count": 0,
        "reply_count": 0,
        "retweet_count": 0,
        "bookmark_count": 0,
        "content": "@Minions @IllumEnt_ I understand Minions.. hahahah\n\"Nasi goreng kicap manis , terima kasih\"...\n\ud83d\ude02\ud83d\ude02\ud83d\ude02\ud83d\ude02",
        "hashtags": []
    },
    {
        "rest_id": "1332691022560718852",
        "like_count": 0,
        "quote_count": 0,
        "reply_count": 0,
        "retweet_count": 0,
        "bookmark_count": 0,
        "content": "@Minions @IllumEnt_ @save_video",
        "hashtags": []
    },
    {
        "rest_id": "1333272257507045376",
        "like_count": 0,
        "quote_count": 0,
        "reply_count": 0,
        "retweet_count": 0,
        "bookmark_count": 0,
        "content": "@Minions @IllumEnt_ Dead studio",
        "hashtags": []
    },
    {
        "rest_id": "1332946021467484162",
        "like_count": 0,
        "quote_count": 0,
        "reply_count": 0,
        "retweet_count": 0,
        "bookmark_count": 0,
        "content": "@Minions @UniversalPics @IllumEnt_ Too obvious what I\u2019m saying https://t.co/iybsBABY7V",
        "hashtags": []
    },
    {
        "rest_id": "1332995267151368192",
        "like_count": 41,
        "quote_count": 0,
        "reply_count": 0,
        "retweet_count": 0,
        "bookmark_count": 0,
        "content": "@Minions @IllumEnt_ Hahaha that one nasi goreng , kicap manis and terima kasih \ud83d\ude06 \n\nI will watch this movie absolutely! \ud83d\ude0d miniooon",
        "hashtags": []
    },
    {
        "rest_id": "1332609923016921088",
        "like_count": 2,
        "quote_count": 0,
        "reply_count": 0,
        "retweet_count": 0,
        "bookmark_count": 0,
        "content": "@Minions @IllumEnt_ @aizudrin malam malam dia lapaq nasi goreng kicap manis \ud83d\ude02 HAHAHAHHAHA",
        "hashtags": []
    },
    {
        "rest_id": "1333414593968783362",
        "like_count": 0,
        "quote_count": 0,
        "reply_count": 0,
        "retweet_count": 0,
        "bookmark_count": 0,
        "content": "@Minions @IllumEnt_ Nasi Goreng Kecap Manis",
        "hashtags": []
    }
]
