[
    {
        "rest_id": "1597722084490481664",
        "like_count": 1,
        "quote_count": 0,
        "reply_count": 1,
        "retweet_count": 0,
        "bookmark_count": 0,
        "content": "@supermariomovie Sana all @Dave_Draws \ud83c\udf44",
        "hashtags": []
    },
    {
        "rest_id": "1597734486179221504",
        "like_count": 222,
        "quote_count": 1,
        "reply_count": 2,
        "retweet_count": 32,
        "bookmark_count": 14,
        "content": "@supermariomovie Doing something different other than Wega https://t.co/4wQqm1OQx4",
        "hashtags": []
    },
    {
        "rest_id": "1597742874766213120",
        "like_count": 52,
        "quote_count": 0,
        "reply_count": 1,
        "retweet_count": 10,
        "bookmark_count": 4,
        "content": "@supermariomovie https://t.co/rnCV0jDIal",
        "hashtags": []
    },
    {
        "rest_id": "1597716950183919616",
        "like_count": 21,
        "quote_count": 0,
        "reply_count": 1,
        "retweet_count": 0,
        "bookmark_count": 1,
        "content": "@supermariomovie https://t.co/9upy8qSLCa",
        "hashtags": []
    },
    {
        "rest_id": "1597714904374730752",
        "like_count": 565,
        "quote_count": 1,
        "reply_count": 6,
        "retweet_count": 23,
        "bookmark_count": 13,
        "content": "@supermariomovie not sure about some of the relationship choices in this movie, but I ship it https://t.co/rjwMectvOe",
        "hashtags": []
    },
    {
        "rest_id": "1597718172119224320",
        "like_count": 294,
        "quote_count": 1,
        "reply_count": 9,
        "retweet_count": 41,
        "bookmark_count": 50,
        "content": "@supermariomovie Leak scene from the super mario bros movie https://t.co/iY3WCzioBi",
        "hashtags": []
    },
    {
        "rest_id": "1597728248703913984",
        "like_count": 18,
        "quote_count": 0,
        "reply_count": 1,
        "retweet_count": 1,
        "bookmark_count": 1,
        "content": "@supermariomovie From a visual standpoint this movie looks incredible but as soon as Mario opens his mouth I feel like I\u2019m gonna lose my mind https://t.co/wr46LmP8EV",
        "hashtags": []
    },
    {
        "rest_id": "1597774873912565761",
        "like_count": 5,
        "quote_count": 0,
        "reply_count": 0,
        "retweet_count": 0,
        "bookmark_count": 0,
        "content": "@supermariomovie From this to that. Goodness gracious! https://t.co/V852GuDAtL",
        "hashtags": []
    },
    {
        "rest_id": "1597858328985862146",
        "like_count": 0,
        "quote_count": 0,
        "reply_count": 0,
        "retweet_count": 0,
        "bookmark_count": 0,
        "content": "@90sNostalgiaGuy @supermariomovie Mario in the games doesn't even have a Brooklyn accent, he does an exaggerated Italian one. Your point doesn't land.",
        "hashtags": []
    },
    {
        "rest_id": "1597715747979276289",
        "like_count": 36,
        "quote_count": 0,
        "reply_count": 0,
        "retweet_count": 3,
        "bookmark_count": 1,
        "content": "@supermariomovie https://t.co/cxYMXxIjJ1",
        "hashtags": []
    },
    {
        "rest_id": "1597758348845539328",
        "like_count": 1,
        "quote_count": 0,
        "reply_count": 1,
        "retweet_count": 0,
        "bookmark_count": 0,
        "content": "@supermariomovie The kids and I are stoked for this one!",
        "hashtags": []
    },
    {
        "rest_id": "1597743253570273280",
        "like_count": 5,
        "quote_count": 0,
        "reply_count": 1,
        "retweet_count": 2,
        "bookmark_count": 0,
        "content": "@supermariomovie They did a better job on Luigi\u2019s voice then they did Mario\u2019s",
        "hashtags": []
    },
    {
        "rest_id": "1597720345934721025",
        "like_count": 11,
        "quote_count": 0,
        "reply_count": 0,
        "retweet_count": 0,
        "bookmark_count": 0,
        "content": "@supermariomovie Wow, Nintendo and Illumination\u2026this trailer was spectacular!",
        "hashtags": []
    },
    {
        "rest_id": "1597764718223331333",
        "like_count": 0,
        "quote_count": 0,
        "reply_count": 1,
        "retweet_count": 0,
        "bookmark_count": 0,
        "content": "@supermariomovie I will always hate Mario and Luigi's voices but this movie is absolutely amazing and I am so excited for it.v \ud83d\ude2d \u2764\ufe0f",
        "hashtags": []
    },
    {
        "rest_id": "1599630841780441088",
        "like_count": 0,
        "quote_count": 0,
        "reply_count": 0,
        "retweet_count": 0,
        "bookmark_count": 0,
        "content": "@supermariomovie why doesnt mario have an Hispanic voice like the games?",
        "hashtags": []
    },
    {
        "rest_id": "1598108650903842816",
        "like_count": 0,
        "quote_count": 0,
        "reply_count": 0,
        "retweet_count": 0,
        "bookmark_count": 0,
        "content": "@supermariomovie goddam, is this real life finally \ud83d\ude0d",
        "hashtags": []
    },
    {
        "rest_id": "1597714856823918593",
        "like_count": 0,
        "quote_count": 0,
        "reply_count": 0,
        "retweet_count": 0,
        "bookmark_count": 0,
        "content": "@supermariomovie @MichaelLeahy26 awful",
        "hashtags": []
    },
    {
        "rest_id": "1597715915809837057",
        "like_count": 7206,
        "quote_count": 92,
        "reply_count": 45,
        "retweet_count": 801,
        "bookmark_count": 165,
        "content": "@supermariomovie SHE LOOKS SO GOOD I LOVE HER SM https://t.co/c0IJHpDnW6",
        "hashtags": []
    },
    {
        "rest_id": "1597981643931021313",
        "like_count": 0,
        "quote_count": 0,
        "reply_count": 0,
        "retweet_count": 0,
        "bookmark_count": 0,
        "content": "@supermariomovie \ud83d\ude0d\ud83d\ude0d\ud83d\ude0d\ud83d\ude0d",
        "hashtags": []
    },
    {
        "rest_id": "1597717117197254657",
        "like_count": 2,
        "quote_count": 0,
        "reply_count": 2,
        "retweet_count": 0,
        "bookmark_count": 0,
        "content": "@supermariomovie Not sure on Chris Pratt voicing Mario and person who voices Peach somehow doesn\u2019t sound like her, she\u2019s normally got a \u2018sweeter\u2019 feel to her. Hopefully the film will be good",
        "hashtags": []
    },
    {
        "rest_id": "1597719991377227776",
        "like_count": 27,
        "quote_count": 0,
        "reply_count": 0,
        "retweet_count": 0,
        "bookmark_count": 0,
        "content": "@supermariomovie Anya Taylor-Joy as Princess Peach \ud83d\ude0d https://t.co/arWNIwskWO",
        "hashtags": []
    },
    {
        "rest_id": "1597715375403438082",
        "like_count": 129,
        "quote_count": 0,
        "reply_count": 8,
        "retweet_count": 0,
        "bookmark_count": 2,
        "content": "@supermariomovie where is yoshi",
        "hashtags": []
    },
    {
        "rest_id": "1597743956183633920",
        "like_count": 41,
        "quote_count": 0,
        "reply_count": 9,
        "retweet_count": 1,
        "bookmark_count": 0,
        "content": "@supermariomovie Looks great but Mario just sounds like Chris Pratt talking regularly. For the love of all that is holy get Mario's original VA to do the lines, or hire one of the million Mario impersonators out there. WHY would you go with Pratt? Madness.",
        "hashtags": []
    },
    {
        "rest_id": "1637826809239867392",
        "like_count": 1,
        "quote_count": 0,
        "reply_count": 0,
        "retweet_count": 0,
        "bookmark_count": 0,
        "content": "@supermariomovie @AMCTheatres is going to make so much money.\n\n@CEOAdam #AMC #AMCNOTLEAVING",
        "hashtags": [
            {
                "indices": [72, 76],
                "text": "AMC"
            },
            {
                "indices": [77, 91],
                "text": "AMCNOTLEAVING"
            }
        ]
    },
    {
        "rest_id": "1597717770044481537",
        "like_count": 466,
        "quote_count": 1,
        "reply_count": 9,
        "retweet_count": 32,
        "bookmark_count": 4,
        "content": "@supermariomovie He\u2019s finally returning https://t.co/UyLf6x71Rn",
        "hashtags": []
    },
    {
        "rest_id": "1761853139869634814",
        "like_count": 1,
        "quote_count": 0,
        "reply_count": 0,
        "retweet_count": 0,
        "bookmark_count": 0,
        "content": "@supermariomovie @SAF_Sonic Is your next video coming out today?",
        "hashtags": []
    },
    {
        "rest_id": "1597715268343857152",
        "like_count": 83,
        "quote_count": 0,
        "reply_count": 1,
        "retweet_count": 3,
        "bookmark_count": 0,
        "content": "@supermariomovie MARIO KART MARIO KART MARIO KART https://t.co/4slFN7GpjN",
        "hashtags": []
    },
    {
        "rest_id": "1597787066200301568",
        "like_count": 9,
        "quote_count": 0,
        "reply_count": 6,
        "retweet_count": 0,
        "bookmark_count": 0,
        "content": "@supermariomovie It's not too late to recast most of the actors voices Because they feel off and please don't make Princess Peach this bad ass female don't need no man crap",
        "hashtags": []
    },
    {
        "rest_id": "1597714937589411840",
        "like_count": 1309,
        "quote_count": 3,
        "reply_count": 17,
        "retweet_count": 91,
        "bookmark_count": 33,
        "content": "@supermariomovie With the Mario movie we are one step closer \n\nI love to see a Nintendo Cinematic Universe https://t.co/pa0HTJXtKy",
        "hashtags": []
    },
    {
        "rest_id": "1597718160484229120",
        "like_count": 33,
        "quote_count": 0,
        "reply_count": 1,
        "retweet_count": 6,
        "bookmark_count": 0,
        "content": "@supermariomovie Smash bros, Mario kart, 3D World, Maybe Mario Galaxy so many winks in this video \ud83e\udd79\u2764\ufe0f\u2728 awesome https://t.co/rU7sAzITyL",
        "hashtags": []
    },
    {
        "rest_id": "1597737320446578688",
        "like_count": 36,
        "quote_count": 0,
        "reply_count": 3,
        "retweet_count": 0,
        "bookmark_count": 0,
        "content": "@supermariomovie @fanciest_tuna monkey kong my favourite character from smash brothers brawl",
        "hashtags": []
    },
    {
        "rest_id": "1597714969490952192",
        "like_count": 933,
        "quote_count": 1,
        "reply_count": 5,
        "retweet_count": 27,
        "bookmark_count": 5,
        "content": "@supermariomovie Yo cranky made an appearance https://t.co/qKizWSkKmK",
        "hashtags": []
    },
    {
        "rest_id": "1597717819151745024",
        "like_count": 109,
        "quote_count": 0,
        "reply_count": 1,
        "retweet_count": 4,
        "bookmark_count": 0,
        "content": "@supermariomovie When you get to see Donkey Kong, Peach, Cranky, more Toads, Funky and an entire Mario Kart segment on a rainbow, but you couldn't find Foreman Spike https://t.co/UKJPtGij7c",
        "hashtags": []
    },
    {
        "rest_id": "1597716172002430976",
        "like_count": 222,
        "quote_count": 1,
        "reply_count": 10,
        "retweet_count": 11,
        "bookmark_count": 3,
        "content": "@supermariomovie @DashieXP did you catch this part? https://t.co/XhKvrqgfdY",
        "hashtags": []
    },
    {
        "rest_id": "1597718787494940672",
        "like_count": 604,
        "quote_count": 3,
        "reply_count": 13,
        "retweet_count": 108,
        "bookmark_count": 56,
        "content": "@supermariomovie Couldn't resist https://t.co/sG8Vmxbr2l",
        "hashtags": []
    },
    {
        "rest_id": "1597732411911307264",
        "like_count": 215,
        "quote_count": 0,
        "reply_count": 3,
        "retweet_count": 8,
        "bookmark_count": 4,
        "content": "@supermariomovie https://t.co/9d5ZwL4ukY",
        "hashtags": []
    },
    {
        "rest_id": "1597830697057910784",
        "like_count": 0,
        "quote_count": 0,
        "reply_count": 0,
        "retweet_count": 0,
        "bookmark_count": 0,
        "content": "@supermariomovie Dang. @jackblack sounds like Pete from Mickey Mouse",
        "hashtags": []
    },
    {
        "rest_id": "1597951160476119041",
        "like_count": 0,
        "quote_count": 0,
        "reply_count": 0,
        "retweet_count": 0,
        "bookmark_count": 0,
        "content": "@supermariomovie Tbh it looks great.",
        "hashtags": []
    },
    {
        "rest_id": "1597723316286279680",
        "like_count": 15,
        "quote_count": 0,
        "reply_count": 2,
        "retweet_count": 1,
        "bookmark_count": 1,
        "content": "@supermariomovie Ratio \ud83c\uddeb\ud83c\uddf7",
        "hashtags": []
    },
    {
        "rest_id": "1600740642594095104",
        "like_count": 16,
        "quote_count": 0,
        "reply_count": 3,
        "retweet_count": 3,
        "bookmark_count": 0,
        "content": "@supermariomovie You get Quest Packs instead of \ud83c\udf44mushrooms in LUXON! \ud83d\udd17 https://t.co/DkygkbCVGb\n\n#LUXON @DESPERADOB218 #Web3 #gaming https://t.co/9xPnL6hJcf",
        "hashtags": [
            {
                "indices": [96, 102],
                "text": "LUXON"
            },
            {
                "indices": [118, 123],
                "text": "Web3"
            },
            {
                "indices": [124, 131],
                "text": "gaming"
            }
        ]
    },
    {
        "rest_id": "1597718756591276032",
        "like_count": 0,
        "quote_count": 0,
        "reply_count": 1,
        "retweet_count": 0,
        "bookmark_count": 0,
        "content": "@supermariomovie @snowsval SO WE\u2019RE WATCHING THIS NO??",
        "hashtags": []
    },
    {
        "rest_id": "1598148892100800512",
        "like_count": 0,
        "quote_count": 0,
        "reply_count": 1,
        "retweet_count": 0,
        "bookmark_count": 0,
        "content": "@supermariomovie @shipinbot",
        "hashtags": []
    },
    {
        "rest_id": "1597714630977388545",
        "like_count": 452,
        "quote_count": 0,
        "reply_count": 5,
        "retweet_count": 13,
        "bookmark_count": 3,
        "content": "@supermariomovie Donkey Kong better say this in the movie https://t.co/x81Pa7crs3",
        "hashtags": []
    },
    {
        "rest_id": "1597734077532364800",
        "like_count": 101,
        "quote_count": 0,
        "reply_count": 2,
        "retweet_count": 21,
        "bookmark_count": 8,
        "content": "@supermariomovie DK really said to Mario: https://t.co/TUkTFRlJpp",
        "hashtags": []
    },
    {
        "rest_id": "1598853284424404992",
        "like_count": 0,
        "quote_count": 0,
        "reply_count": 0,
        "retweet_count": 0,
        "bookmark_count": 0,
        "content": "@supermariomovie Looks great!",
        "hashtags": []
    },
    {
        "rest_id": "1597714955499106305",
        "like_count": 454,
        "quote_count": 4,
        "reply_count": 7,
        "retweet_count": 34,
        "bookmark_count": 9,
        "content": "@supermariomovie Oh dang, Peach is ready for battle! https://t.co/G9Fnyb2clw",
        "hashtags": []
    },
    {
        "rest_id": "1597724053556457472",
        "like_count": 0,
        "quote_count": 0,
        "reply_count": 0,
        "retweet_count": 0,
        "bookmark_count": 0,
        "content": "@supermariomovie OMG",
        "hashtags": []
    },
    {
        "rest_id": "1597717121592852481",
        "like_count": 662,
        "quote_count": 0,
        "reply_count": 5,
        "retweet_count": 23,
        "bookmark_count": 7,
        "content": "@supermariomovie this movie will be peak i dont care what anyone says https://t.co/7KBhKTx1Jz",
        "hashtags": []
    },
    {
        "rest_id": "1597716534662959104",
        "like_count": 573,
        "quote_count": 1,
        "reply_count": 4,
        "retweet_count": 44,
        "bookmark_count": 19,
        "content": "@supermariomovie Princess Peach giving off MAJOR Super Mario Adventures Peach energy and I am ALL ABOUT IT https://t.co/iZvv75Zp2J",
        "hashtags": []
    },
    {
        "rest_id": "1598021344494436352",
        "like_count": 0,
        "quote_count": 0,
        "reply_count": 0,
        "retweet_count": 0,
        "bookmark_count": 0,
        "content": "@supermariomovie I\u2019m only going to this if my kids want to. I still think @CharlesMartinet should have been Mario.",
        "hashtags": []
    },
    {
        "rest_id": "1597722084490481664",
        "like_count": 1,
        "quote_count": 0,
        "reply_count": 1,
        "retweet_count": 0,
        "bookmark_count": 0,
        "content": "@supermariomovie Sana all @Dave_Draws \ud83c\udf44",
        "hashtags": []
    },
    {
        "rest_id": "1597734486179221504",
        "like_count": 222,
        "quote_count": 1,
        "reply_count": 2,
        "retweet_count": 32,
        "bookmark_count": 14,
        "content": "@supermariomovie Doing something different other than Wega https://t.co/4wQqm1OQx4",
        "hashtags": []
    },
    {
        "rest_id": "1597742874766213120",
        "like_count": 52,
        "quote_count": 0,
        "reply_count": 1,
        "retweet_count": 10,
        "bookmark_count": 4,
        "content": "@supermariomovie https://t.co/rnCV0jDIal",
        "hashtags": []
    },
    {
        "rest_id": "1597716950183919616",
        "like_count": 21,
        "quote_count": 0,
        "reply_count": 1,
        "retweet_count": 0,
        "bookmark_count": 1,
        "content": "@supermariomovie https://t.co/9upy8qSLCa",
        "hashtags": []
    },
    {
        "rest_id": "1597714904374730752",
        "like_count": 565,
        "quote_count": 1,
        "reply_count": 6,
        "retweet_count": 23,
        "bookmark_count": 13,
        "content": "@supermariomovie not sure about some of the relationship choices in this movie, but I ship it https://t.co/rjwMectvOe",
        "hashtags": []
    },
    {
        "rest_id": "1597718172119224320",
        "like_count": 294,
        "quote_count": 1,
        "reply_count": 9,
        "retweet_count": 41,
        "bookmark_count": 50,
        "content": "@supermariomovie Leak scene from the super mario bros movie https://t.co/iY3WCzioBi",
        "hashtags": []
    },
    {
        "rest_id": "1597728248703913984",
        "like_count": 18,
        "quote_count": 0,
        "reply_count": 1,
        "retweet_count": 1,
        "bookmark_count": 1,
        "content": "@supermariomovie From a visual standpoint this movie looks incredible but as soon as Mario opens his mouth I feel like I\u2019m gonna lose my mind https://t.co/wr46LmP8EV",
        "hashtags": []
    },
    {
        "rest_id": "1597774873912565761",
        "like_count": 5,
        "quote_count": 0,
        "reply_count": 0,
        "retweet_count": 0,
        "bookmark_count": 0,
        "content": "@supermariomovie From this to that. Goodness gracious! https://t.co/V852GuDAtL",
        "hashtags": []
    },
    {
        "rest_id": "1597858328985862146",
        "like_count": 0,
        "quote_count": 0,
        "reply_count": 0,
        "retweet_count": 0,
        "bookmark_count": 0,
        "content": "@90sNostalgiaGuy @supermariomovie Mario in the games doesn't even have a Brooklyn accent, he does an exaggerated Italian one. Your point doesn't land.",
        "hashtags": []
    },
    {
        "rest_id": "1597715747979276289",
        "like_count": 36,
        "quote_count": 0,
        "reply_count": 0,
        "retweet_count": 3,
        "bookmark_count": 1,
        "content": "@supermariomovie https://t.co/cxYMXxIjJ1",
        "hashtags": []
    },
    {
        "rest_id": "1597758348845539328",
        "like_count": 1,
        "quote_count": 0,
        "reply_count": 1,
        "retweet_count": 0,
        "bookmark_count": 0,
        "content": "@supermariomovie The kids and I are stoked for this one!",
        "hashtags": []
    },
    {
        "rest_id": "1597743253570273280",
        "like_count": 5,
        "quote_count": 0,
        "reply_count": 1,
        "retweet_count": 2,
        "bookmark_count": 0,
        "content": "@supermariomovie They did a better job on Luigi\u2019s voice then they did Mario\u2019s",
        "hashtags": []
    },
    {
        "rest_id": "1597720345934721025",
        "like_count": 11,
        "quote_count": 0,
        "reply_count": 0,
        "retweet_count": 0,
        "bookmark_count": 0,
        "content": "@supermariomovie Wow, Nintendo and Illumination\u2026this trailer was spectacular!",
        "hashtags": []
    },
    {
        "rest_id": "1597764718223331333",
        "like_count": 0,
        "quote_count": 0,
        "reply_count": 1,
        "retweet_count": 0,
        "bookmark_count": 0,
        "content": "@supermariomovie I will always hate Mario and Luigi's voices but this movie is absolutely amazing and I am so excited for it.v \ud83d\ude2d \u2764\ufe0f",
        "hashtags": []
    },
    {
        "rest_id": "1599630841780441088",
        "like_count": 0,
        "quote_count": 0,
        "reply_count": 0,
        "retweet_count": 0,
        "bookmark_count": 0,
        "content": "@supermariomovie why doesnt mario have an Hispanic voice like the games?",
        "hashtags": []
    },
    {
        "rest_id": "1598108650903842816",
        "like_count": 0,
        "quote_count": 0,
        "reply_count": 0,
        "retweet_count": 0,
        "bookmark_count": 0,
        "content": "@supermariomovie goddam, is this real life finally \ud83d\ude0d",
        "hashtags": []
    },
    {
        "rest_id": "1597714856823918593",
        "like_count": 0,
        "quote_count": 0,
        "reply_count": 0,
        "retweet_count": 0,
        "bookmark_count": 0,
        "content": "@supermariomovie @MichaelLeahy26 awful",
        "hashtags": []
    },
    {
        "rest_id": "1597715915809837057",
        "like_count": 7206,
        "quote_count": 92,
        "reply_count": 45,
        "retweet_count": 801,
        "bookmark_count": 165,
        "content": "@supermariomovie SHE LOOKS SO GOOD I LOVE HER SM https://t.co/c0IJHpDnW6",
        "hashtags": []
    },
    {
        "rest_id": "1597981643931021313",
        "like_count": 0,
        "quote_count": 0,
        "reply_count": 0,
        "retweet_count": 0,
        "bookmark_count": 0,
        "content": "@supermariomovie \ud83d\ude0d\ud83d\ude0d\ud83d\ude0d\ud83d\ude0d",
        "hashtags": []
    },
    {
        "rest_id": "1597717117197254657",
        "like_count": 2,
        "quote_count": 0,
        "reply_count": 2,
        "retweet_count": 0,
        "bookmark_count": 0,
        "content": "@supermariomovie Not sure on Chris Pratt voicing Mario and person who voices Peach somehow doesn\u2019t sound like her, she\u2019s normally got a \u2018sweeter\u2019 feel to her. Hopefully the film will be good",
        "hashtags": []
    },
    {
        "rest_id": "1597719991377227776",
        "like_count": 27,
        "quote_count": 0,
        "reply_count": 0,
        "retweet_count": 0,
        "bookmark_count": 0,
        "content": "@supermariomovie Anya Taylor-Joy as Princess Peach \ud83d\ude0d https://t.co/arWNIwskWO",
        "hashtags": []
    },
    {
        "rest_id": "1597715375403438082",
        "like_count": 129,
        "quote_count": 0,
        "reply_count": 8,
        "retweet_count": 0,
        "bookmark_count": 2,
        "content": "@supermariomovie where is yoshi",
        "hashtags": []
    },
    {
        "rest_id": "1597743956183633920",
        "like_count": 41,
        "quote_count": 0,
        "reply_count": 9,
        "retweet_count": 1,
        "bookmark_count": 0,
        "content": "@supermariomovie Looks great but Mario just sounds like Chris Pratt talking regularly. For the love of all that is holy get Mario's original VA to do the lines, or hire one of the million Mario impersonators out there. WHY would you go with Pratt? Madness.",
        "hashtags": []
    },
    {
        "rest_id": "1637826809239867392",
        "like_count": 1,
        "quote_count": 0,
        "reply_count": 0,
        "retweet_count": 0,
        "bookmark_count": 0,
        "content": "@supermariomovie @AMCTheatres is going to make so much money.\n\n@CEOAdam #AMC #AMCNOTLEAVING",
        "hashtags": [
            {
                "indices": [72, 76],
                "text": "AMC"
            },
            {
                "indices": [77, 91],
                "text": "AMCNOTLEAVING"
            }
        ]
    },
    {
        "rest_id": "1597717770044481537",
        "like_count": 466,
        "quote_count": 1,
        "reply_count": 9,
        "retweet_count": 32,
        "bookmark_count": 4,
        "content": "@supermariomovie He\u2019s finally returning https://t.co/UyLf6x71Rn",
        "hashtags": []
    },
    {
        "rest_id": "1761853139869634814",
        "like_count": 1,
        "quote_count": 0,
        "reply_count": 0,
        "retweet_count": 0,
        "bookmark_count": 0,
        "content": "@supermariomovie @SAF_Sonic Is your next video coming out today?",
        "hashtags": []
    },
    {
        "rest_id": "1597715268343857152",
        "like_count": 83,
        "quote_count": 0,
        "reply_count": 1,
        "retweet_count": 3,
        "bookmark_count": 0,
        "content": "@supermariomovie MARIO KART MARIO KART MARIO KART https://t.co/4slFN7GpjN",
        "hashtags": []
    },
    {
        "rest_id": "1597787066200301568",
        "like_count": 9,
        "quote_count": 0,
        "reply_count": 6,
        "retweet_count": 0,
        "bookmark_count": 0,
        "content": "@supermariomovie It's not too late to recast most of the actors voices Because they feel off and please don't make Princess Peach this bad ass female don't need no man crap",
        "hashtags": []
    },
    {
        "rest_id": "1597714937589411840",
        "like_count": 1309,
        "quote_count": 3,
        "reply_count": 17,
        "retweet_count": 91,
        "bookmark_count": 33,
        "content": "@supermariomovie With the Mario movie we are one step closer \n\nI love to see a Nintendo Cinematic Universe https://t.co/pa0HTJXtKy",
        "hashtags": []
    },
    {
        "rest_id": "1597718160484229120",
        "like_count": 33,
        "quote_count": 0,
        "reply_count": 1,
        "retweet_count": 6,
        "bookmark_count": 0,
        "content": "@supermariomovie Smash bros, Mario kart, 3D World, Maybe Mario Galaxy so many winks in this video \ud83e\udd79\u2764\ufe0f\u2728 awesome https://t.co/rU7sAzITyL",
        "hashtags": []
    },
    {
        "rest_id": "1597737320446578688",
        "like_count": 36,
        "quote_count": 0,
        "reply_count": 3,
        "retweet_count": 0,
        "bookmark_count": 0,
        "content": "@supermariomovie @fanciest_tuna monkey kong my favourite character from smash brothers brawl",
        "hashtags": []
    },
    {
        "rest_id": "1597714969490952192",
        "like_count": 933,
        "quote_count": 1,
        "reply_count": 5,
        "retweet_count": 27,
        "bookmark_count": 5,
        "content": "@supermariomovie Yo cranky made an appearance https://t.co/qKizWSkKmK",
        "hashtags": []
    },
    {
        "rest_id": "1597717819151745024",
        "like_count": 109,
        "quote_count": 0,
        "reply_count": 1,
        "retweet_count": 4,
        "bookmark_count": 0,
        "content": "@supermariomovie When you get to see Donkey Kong, Peach, Cranky, more Toads, Funky and an entire Mario Kart segment on a rainbow, but you couldn't find Foreman Spike https://t.co/UKJPtGij7c",
        "hashtags": []
    },
    {
        "rest_id": "1597716172002430976",
        "like_count": 222,
        "quote_count": 1,
        "reply_count": 10,
        "retweet_count": 11,
        "bookmark_count": 3,
        "content": "@supermariomovie @DashieXP did you catch this part? https://t.co/XhKvrqgfdY",
        "hashtags": []
    },
    {
        "rest_id": "1597718787494940672",
        "like_count": 604,
        "quote_count": 3,
        "reply_count": 13,
        "retweet_count": 108,
        "bookmark_count": 56,
        "content": "@supermariomovie Couldn't resist https://t.co/sG8Vmxbr2l",
        "hashtags": []
    },
    {
        "rest_id": "1597732411911307264",
        "like_count": 215,
        "quote_count": 0,
        "reply_count": 3,
        "retweet_count": 8,
        "bookmark_count": 4,
        "content": "@supermariomovie https://t.co/9d5ZwL4ukY",
        "hashtags": []
    },
    {
        "rest_id": "1597830697057910784",
        "like_count": 0,
        "quote_count": 0,
        "reply_count": 0,
        "retweet_count": 0,
        "bookmark_count": 0,
        "content": "@supermariomovie Dang. @jackblack sounds like Pete from Mickey Mouse",
        "hashtags": []
    },
    {
        "rest_id": "1597951160476119041",
        "like_count": 0,
        "quote_count": 0,
        "reply_count": 0,
        "retweet_count": 0,
        "bookmark_count": 0,
        "content": "@supermariomovie Tbh it looks great.",
        "hashtags": []
    },
    {
        "rest_id": "1597723316286279680",
        "like_count": 15,
        "quote_count": 0,
        "reply_count": 2,
        "retweet_count": 1,
        "bookmark_count": 1,
        "content": "@supermariomovie Ratio \ud83c\uddeb\ud83c\uddf7",
        "hashtags": []
    },
    {
        "rest_id": "1600740642594095104",
        "like_count": 16,
        "quote_count": 0,
        "reply_count": 3,
        "retweet_count": 3,
        "bookmark_count": 0,
        "content": "@supermariomovie You get Quest Packs instead of \ud83c\udf44mushrooms in LUXON! \ud83d\udd17 https://t.co/DkygkbCVGb\n\n#LUXON @DESPERADOB218 #Web3 #gaming https://t.co/9xPnL6hJcf",
        "hashtags": [
            {
                "indices": [96, 102],
                "text": "LUXON"
            },
            {
                "indices": [118, 123],
                "text": "Web3"
            },
            {
                "indices": [124, 131],
                "text": "gaming"
            }
        ]
    },
    {
        "rest_id": "1597718756591276032",
        "like_count": 0,
        "quote_count": 0,
        "reply_count": 1,
        "retweet_count": 0,
        "bookmark_count": 0,
        "content": "@supermariomovie @snowsval SO WE\u2019RE WATCHING THIS NO??",
        "hashtags": []
    },
    {
        "rest_id": "1598148892100800512",
        "like_count": 0,
        "quote_count": 0,
        "reply_count": 1,
        "retweet_count": 0,
        "bookmark_count": 0,
        "content": "@supermariomovie @shipinbot",
        "hashtags": []
    },
    {
        "rest_id": "1597714630977388545",
        "like_count": 452,
        "quote_count": 0,
        "reply_count": 5,
        "retweet_count": 13,
        "bookmark_count": 3,
        "content": "@supermariomovie Donkey Kong better say this in the movie https://t.co/x81Pa7crs3",
        "hashtags": []
    },
    {
        "rest_id": "1597734077532364800",
        "like_count": 101,
        "quote_count": 0,
        "reply_count": 2,
        "retweet_count": 21,
        "bookmark_count": 8,
        "content": "@supermariomovie DK really said to Mario: https://t.co/TUkTFRlJpp",
        "hashtags": []
    },
    {
        "rest_id": "1598853284424404992",
        "like_count": 0,
        "quote_count": 0,
        "reply_count": 0,
        "retweet_count": 0,
        "bookmark_count": 0,
        "content": "@supermariomovie Looks great!",
        "hashtags": []
    },
    {
        "rest_id": "1597714955499106305",
        "like_count": 454,
        "quote_count": 4,
        "reply_count": 7,
        "retweet_count": 34,
        "bookmark_count": 9,
        "content": "@supermariomovie Oh dang, Peach is ready for battle! https://t.co/G9Fnyb2clw",
        "hashtags": []
    },
    {
        "rest_id": "1597724053556457472",
        "like_count": 0,
        "quote_count": 0,
        "reply_count": 0,
        "retweet_count": 0,
        "bookmark_count": 0,
        "content": "@supermariomovie OMG",
        "hashtags": []
    },
    {
        "rest_id": "1597717121592852481",
        "like_count": 662,
        "quote_count": 0,
        "reply_count": 5,
        "retweet_count": 23,
        "bookmark_count": 7,
        "content": "@supermariomovie this movie will be peak i dont care what anyone says https://t.co/7KBhKTx1Jz",
        "hashtags": []
    },
    {
        "rest_id": "1597716534662959104",
        "like_count": 573,
        "quote_count": 1,
        "reply_count": 4,
        "retweet_count": 44,
        "bookmark_count": 19,
        "content": "@supermariomovie Princess Peach giving off MAJOR Super Mario Adventures Peach energy and I am ALL ABOUT IT https://t.co/iZvv75Zp2J",
        "hashtags": []
    },
    {
        "rest_id": "1598021344494436352",
        "like_count": 0,
        "quote_count": 0,
        "reply_count": 0,
        "retweet_count": 0,
        "bookmark_count": 0,
        "content": "@supermariomovie I\u2019m only going to this if my kids want to. I still think @CharlesMartinet should have been Mario.",
        "hashtags": []
    },
    {
        "rest_id": "1597722084490481664",
        "like_count": 1,
        "quote_count": 0,
        "reply_count": 1,
        "retweet_count": 0,
        "bookmark_count": 0,
        "content": "@supermariomovie Sana all @Dave_Draws \ud83c\udf44",
        "hashtags": []
    },
    {
        "rest_id": "1597734486179221504",
        "like_count": 222,
        "quote_count": 1,
        "reply_count": 2,
        "retweet_count": 32,
        "bookmark_count": 14,
        "content": "@supermariomovie Doing something different other than Wega https://t.co/4wQqm1OQx4",
        "hashtags": []
    },
    {
        "rest_id": "1597742874766213120",
        "like_count": 52,
        "quote_count": 0,
        "reply_count": 1,
        "retweet_count": 10,
        "bookmark_count": 4,
        "content": "@supermariomovie https://t.co/rnCV0jDIal",
        "hashtags": []
    },
    {
        "rest_id": "1597716950183919616",
        "like_count": 21,
        "quote_count": 0,
        "reply_count": 1,
        "retweet_count": 0,
        "bookmark_count": 1,
        "content": "@supermariomovie https://t.co/9upy8qSLCa",
        "hashtags": []
    },
    {
        "rest_id": "1597714904374730752",
        "like_count": 565,
        "quote_count": 1,
        "reply_count": 6,
        "retweet_count": 23,
        "bookmark_count": 13,
        "content": "@supermariomovie not sure about some of the relationship choices in this movie, but I ship it https://t.co/rjwMectvOe",
        "hashtags": []
    },
    {
        "rest_id": "1597718172119224320",
        "like_count": 294,
        "quote_count": 1,
        "reply_count": 9,
        "retweet_count": 41,
        "bookmark_count": 50,
        "content": "@supermariomovie Leak scene from the super mario bros movie https://t.co/iY3WCzioBi",
        "hashtags": []
    },
    {
        "rest_id": "1597728248703913984",
        "like_count": 18,
        "quote_count": 0,
        "reply_count": 1,
        "retweet_count": 1,
        "bookmark_count": 1,
        "content": "@supermariomovie From a visual standpoint this movie looks incredible but as soon as Mario opens his mouth I feel like I\u2019m gonna lose my mind https://t.co/wr46LmP8EV",
        "hashtags": []
    },
    {
        "rest_id": "1597774873912565761",
        "like_count": 5,
        "quote_count": 0,
        "reply_count": 0,
        "retweet_count": 0,
        "bookmark_count": 0,
        "content": "@supermariomovie From this to that. Goodness gracious! https://t.co/V852GuDAtL",
        "hashtags": []
    },
    {
        "rest_id": "1597858328985862146",
        "like_count": 0,
        "quote_count": 0,
        "reply_count": 0,
        "retweet_count": 0,
        "bookmark_count": 0,
        "content": "@90sNostalgiaGuy @supermariomovie Mario in the games doesn't even have a Brooklyn accent, he does an exaggerated Italian one. Your point doesn't land.",
        "hashtags": []
    },
    {
        "rest_id": "1597715747979276289",
        "like_count": 36,
        "quote_count": 0,
        "reply_count": 0,
        "retweet_count": 3,
        "bookmark_count": 1,
        "content": "@supermariomovie https://t.co/cxYMXxIjJ1",
        "hashtags": []
    },
    {
        "rest_id": "1597758348845539328",
        "like_count": 1,
        "quote_count": 0,
        "reply_count": 1,
        "retweet_count": 0,
        "bookmark_count": 0,
        "content": "@supermariomovie The kids and I are stoked for this one!",
        "hashtags": []
    },
    {
        "rest_id": "1597743253570273280",
        "like_count": 5,
        "quote_count": 0,
        "reply_count": 1,
        "retweet_count": 2,
        "bookmark_count": 0,
        "content": "@supermariomovie They did a better job on Luigi\u2019s voice then they did Mario\u2019s",
        "hashtags": []
    },
    {
        "rest_id": "1597720345934721025",
        "like_count": 11,
        "quote_count": 0,
        "reply_count": 0,
        "retweet_count": 0,
        "bookmark_count": 0,
        "content": "@supermariomovie Wow, Nintendo and Illumination\u2026this trailer was spectacular!",
        "hashtags": []
    },
    {
        "rest_id": "1597764718223331333",
        "like_count": 0,
        "quote_count": 0,
        "reply_count": 1,
        "retweet_count": 0,
        "bookmark_count": 0,
        "content": "@supermariomovie I will always hate Mario and Luigi's voices but this movie is absolutely amazing and I am so excited for it.v \ud83d\ude2d \u2764\ufe0f",
        "hashtags": []
    },
    {
        "rest_id": "1599630841780441088",
        "like_count": 0,
        "quote_count": 0,
        "reply_count": 0,
        "retweet_count": 0,
        "bookmark_count": 0,
        "content": "@supermariomovie why doesnt mario have an Hispanic voice like the games?",
        "hashtags": []
    },
    {
        "rest_id": "1598108650903842816",
        "like_count": 0,
        "quote_count": 0,
        "reply_count": 0,
        "retweet_count": 0,
        "bookmark_count": 0,
        "content": "@supermariomovie goddam, is this real life finally \ud83d\ude0d",
        "hashtags": []
    },
    {
        "rest_id": "1597714856823918593",
        "like_count": 0,
        "quote_count": 0,
        "reply_count": 0,
        "retweet_count": 0,
        "bookmark_count": 0,
        "content": "@supermariomovie @MichaelLeahy26 awful",
        "hashtags": []
    },
    {
        "rest_id": "1597715915809837057",
        "like_count": 7206,
        "quote_count": 92,
        "reply_count": 45,
        "retweet_count": 801,
        "bookmark_count": 165,
        "content": "@supermariomovie SHE LOOKS SO GOOD I LOVE HER SM https://t.co/c0IJHpDnW6",
        "hashtags": []
    },
    {
        "rest_id": "1597981643931021313",
        "like_count": 0,
        "quote_count": 0,
        "reply_count": 0,
        "retweet_count": 0,
        "bookmark_count": 0,
        "content": "@supermariomovie \ud83d\ude0d\ud83d\ude0d\ud83d\ude0d\ud83d\ude0d",
        "hashtags": []
    },
    {
        "rest_id": "1597717117197254657",
        "like_count": 2,
        "quote_count": 0,
        "reply_count": 2,
        "retweet_count": 0,
        "bookmark_count": 0,
        "content": "@supermariomovie Not sure on Chris Pratt voicing Mario and person who voices Peach somehow doesn\u2019t sound like her, she\u2019s normally got a \u2018sweeter\u2019 feel to her. Hopefully the film will be good",
        "hashtags": []
    },
    {
        "rest_id": "1597719991377227776",
        "like_count": 27,
        "quote_count": 0,
        "reply_count": 0,
        "retweet_count": 0,
        "bookmark_count": 0,
        "content": "@supermariomovie Anya Taylor-Joy as Princess Peach \ud83d\ude0d https://t.co/arWNIwskWO",
        "hashtags": []
    },
    {
        "rest_id": "1597715375403438082",
        "like_count": 129,
        "quote_count": 0,
        "reply_count": 8,
        "retweet_count": 0,
        "bookmark_count": 2,
        "content": "@supermariomovie where is yoshi",
        "hashtags": []
    },
    {
        "rest_id": "1597743956183633920",
        "like_count": 41,
        "quote_count": 0,
        "reply_count": 9,
        "retweet_count": 1,
        "bookmark_count": 0,
        "content": "@supermariomovie Looks great but Mario just sounds like Chris Pratt talking regularly. For the love of all that is holy get Mario's original VA to do the lines, or hire one of the million Mario impersonators out there. WHY would you go with Pratt? Madness.",
        "hashtags": []
    },
    {
        "rest_id": "1637826809239867392",
        "like_count": 1,
        "quote_count": 0,
        "reply_count": 0,
        "retweet_count": 0,
        "bookmark_count": 0,
        "content": "@supermariomovie @AMCTheatres is going to make so much money.\n\n@CEOAdam #AMC #AMCNOTLEAVING",
        "hashtags": [
            {
                "indices": [72, 76],
                "text": "AMC"
            },
            {
                "indices": [77, 91],
                "text": "AMCNOTLEAVING"
            }
        ]
    },
    {
        "rest_id": "1597717770044481537",
        "like_count": 466,
        "quote_count": 1,
        "reply_count": 9,
        "retweet_count": 32,
        "bookmark_count": 4,
        "content": "@supermariomovie He\u2019s finally returning https://t.co/UyLf6x71Rn",
        "hashtags": []
    },
    {
        "rest_id": "1761853139869634814",
        "like_count": 1,
        "quote_count": 0,
        "reply_count": 0,
        "retweet_count": 0,
        "bookmark_count": 0,
        "content": "@supermariomovie @SAF_Sonic Is your next video coming out today?",
        "hashtags": []
    },
    {
        "rest_id": "1597715268343857152",
        "like_count": 83,
        "quote_count": 0,
        "reply_count": 1,
        "retweet_count": 3,
        "bookmark_count": 0,
        "content": "@supermariomovie MARIO KART MARIO KART MARIO KART https://t.co/4slFN7GpjN",
        "hashtags": []
    },
    {
        "rest_id": "1597787066200301568",
        "like_count": 9,
        "quote_count": 0,
        "reply_count": 6,
        "retweet_count": 0,
        "bookmark_count": 0,
        "content": "@supermariomovie It's not too late to recast most of the actors voices Because they feel off and please don't make Princess Peach this bad ass female don't need no man crap",
        "hashtags": []
    },
    {
        "rest_id": "1597714937589411840",
        "like_count": 1309,
        "quote_count": 3,
        "reply_count": 17,
        "retweet_count": 91,
        "bookmark_count": 33,
        "content": "@supermariomovie With the Mario movie we are one step closer \n\nI love to see a Nintendo Cinematic Universe https://t.co/pa0HTJXtKy",
        "hashtags": []
    },
    {
        "rest_id": "1597718160484229120",
        "like_count": 33,
        "quote_count": 0,
        "reply_count": 1,
        "retweet_count": 6,
        "bookmark_count": 0,
        "content": "@supermariomovie Smash bros, Mario kart, 3D World, Maybe Mario Galaxy so many winks in this video \ud83e\udd79\u2764\ufe0f\u2728 awesome https://t.co/rU7sAzITyL",
        "hashtags": []
    },
    {
        "rest_id": "1597737320446578688",
        "like_count": 36,
        "quote_count": 0,
        "reply_count": 3,
        "retweet_count": 0,
        "bookmark_count": 0,
        "content": "@supermariomovie @fanciest_tuna monkey kong my favourite character from smash brothers brawl",
        "hashtags": []
    },
    {
        "rest_id": "1597714969490952192",
        "like_count": 933,
        "quote_count": 1,
        "reply_count": 5,
        "retweet_count": 27,
        "bookmark_count": 5,
        "content": "@supermariomovie Yo cranky made an appearance https://t.co/qKizWSkKmK",
        "hashtags": []
    },
    {
        "rest_id": "1597717819151745024",
        "like_count": 109,
        "quote_count": 0,
        "reply_count": 1,
        "retweet_count": 4,
        "bookmark_count": 0,
        "content": "@supermariomovie When you get to see Donkey Kong, Peach, Cranky, more Toads, Funky and an entire Mario Kart segment on a rainbow, but you couldn't find Foreman Spike https://t.co/UKJPtGij7c",
        "hashtags": []
    },
    {
        "rest_id": "1597716172002430976",
        "like_count": 222,
        "quote_count": 1,
        "reply_count": 10,
        "retweet_count": 11,
        "bookmark_count": 3,
        "content": "@supermariomovie @DashieXP did you catch this part? https://t.co/XhKvrqgfdY",
        "hashtags": []
    },
    {
        "rest_id": "1597718787494940672",
        "like_count": 604,
        "quote_count": 3,
        "reply_count": 13,
        "retweet_count": 108,
        "bookmark_count": 56,
        "content": "@supermariomovie Couldn't resist https://t.co/sG8Vmxbr2l",
        "hashtags": []
    },
    {
        "rest_id": "1597732411911307264",
        "like_count": 215,
        "quote_count": 0,
        "reply_count": 3,
        "retweet_count": 8,
        "bookmark_count": 4,
        "content": "@supermariomovie https://t.co/9d5ZwL4ukY",
        "hashtags": []
    },
    {
        "rest_id": "1597830697057910784",
        "like_count": 0,
        "quote_count": 0,
        "reply_count": 0,
        "retweet_count": 0,
        "bookmark_count": 0,
        "content": "@supermariomovie Dang. @jackblack sounds like Pete from Mickey Mouse",
        "hashtags": []
    },
    {
        "rest_id": "1597951160476119041",
        "like_count": 0,
        "quote_count": 0,
        "reply_count": 0,
        "retweet_count": 0,
        "bookmark_count": 0,
        "content": "@supermariomovie Tbh it looks great.",
        "hashtags": []
    },
    {
        "rest_id": "1597723316286279680",
        "like_count": 15,
        "quote_count": 0,
        "reply_count": 2,
        "retweet_count": 1,
        "bookmark_count": 1,
        "content": "@supermariomovie Ratio \ud83c\uddeb\ud83c\uddf7",
        "hashtags": []
    },
    {
        "rest_id": "1600740642594095104",
        "like_count": 16,
        "quote_count": 0,
        "reply_count": 3,
        "retweet_count": 3,
        "bookmark_count": 0,
        "content": "@supermariomovie You get Quest Packs instead of \ud83c\udf44mushrooms in LUXON! \ud83d\udd17 https://t.co/DkygkbCVGb\n\n#LUXON @DESPERADOB218 #Web3 #gaming https://t.co/9xPnL6hJcf",
        "hashtags": [
            {
                "indices": [96, 102],
                "text": "LUXON"
            },
            {
                "indices": [118, 123],
                "text": "Web3"
            },
            {
                "indices": [124, 131],
                "text": "gaming"
            }
        ]
    },
    {
        "rest_id": "1597718756591276032",
        "like_count": 0,
        "quote_count": 0,
        "reply_count": 1,
        "retweet_count": 0,
        "bookmark_count": 0,
        "content": "@supermariomovie @snowsval SO WE\u2019RE WATCHING THIS NO??",
        "hashtags": []
    },
    {
        "rest_id": "1598148892100800512",
        "like_count": 0,
        "quote_count": 0,
        "reply_count": 1,
        "retweet_count": 0,
        "bookmark_count": 0,
        "content": "@supermariomovie @shipinbot",
        "hashtags": []
    },
    {
        "rest_id": "1597714630977388545",
        "like_count": 452,
        "quote_count": 0,
        "reply_count": 5,
        "retweet_count": 13,
        "bookmark_count": 3,
        "content": "@supermariomovie Donkey Kong better say this in the movie https://t.co/x81Pa7crs3",
        "hashtags": []
    },
    {
        "rest_id": "1597734077532364800",
        "like_count": 101,
        "quote_count": 0,
        "reply_count": 2,
        "retweet_count": 21,
        "bookmark_count": 8,
        "content": "@supermariomovie DK really said to Mario: https://t.co/TUkTFRlJpp",
        "hashtags": []
    },
    {
        "rest_id": "1598853284424404992",
        "like_count": 0,
        "quote_count": 0,
        "reply_count": 0,
        "retweet_count": 0,
        "bookmark_count": 0,
        "content": "@supermariomovie Looks great!",
        "hashtags": []
    },
    {
        "rest_id": "1597714955499106305",
        "like_count": 454,
        "quote_count": 4,
        "reply_count": 7,
        "retweet_count": 34,
        "bookmark_count": 9,
        "content": "@supermariomovie Oh dang, Peach is ready for battle! https://t.co/G9Fnyb2clw",
        "hashtags": []
    },
    {
        "rest_id": "1597724053556457472",
        "like_count": 0,
        "quote_count": 0,
        "reply_count": 0,
        "retweet_count": 0,
        "bookmark_count": 0,
        "content": "@supermariomovie OMG",
        "hashtags": []
    },
    {
        "rest_id": "1597717121592852481",
        "like_count": 662,
        "quote_count": 0,
        "reply_count": 5,
        "retweet_count": 23,
        "bookmark_count": 7,
        "content": "@supermariomovie this movie will be peak i dont care what anyone says https://t.co/7KBhKTx1Jz",
        "hashtags": []
    },
    {
        "rest_id": "1597716534662959104",
        "like_count": 573,
        "quote_count": 1,
        "reply_count": 4,
        "retweet_count": 44,
        "bookmark_count": 19,
        "content": "@supermariomovie Princess Peach giving off MAJOR Super Mario Adventures Peach energy and I am ALL ABOUT IT https://t.co/iZvv75Zp2J",
        "hashtags": []
    },
    {
        "rest_id": "1598021344494436352",
        "like_count": 0,
        "quote_count": 0,
        "reply_count": 0,
        "retweet_count": 0,
        "bookmark_count": 0,
        "content": "@supermariomovie I\u2019m only going to this if my kids want to. I still think @CharlesMartinet should have been Mario.",
        "hashtags": []
    }
]
