[
    {
        "rest_id": "1508861504426283008",
        "like_count": 15,
        "quote_count": 0,
        "reply_count": 1,
        "retweet_count": 1,
        "bookmark_count": 1,
        "content": "@mellodoo @TopGunMovie The Top Gun: Maverick expansion for Microsoft Flight Simulator is set to launch alongside the release of Top Gun: Maverick in theatres!",
        "hashtags": []
    },
    {
        "rest_id": "1509163253338984452",
        "like_count": 6,
        "quote_count": 0,
        "reply_count": 1,
        "retweet_count": 0,
        "bookmark_count": 0,
        "content": "@TopGunMovie @AV8intheblue @LFredenhall @counterchekist @starree @DeMelaatse @WebCoderz @JarBomb @john_sipher NGL this looks boss, h/t @DavidLarter :)",
        "hashtags": []
    },
    {
        "rest_id": "1508796932583571460",
        "like_count": 0,
        "quote_count": 0,
        "reply_count": 0,
        "retweet_count": 0,
        "bookmark_count": 0,
        "content": "@TopGunMovie \u2764\ufe0f\u2764\ufe0f\u2764\ufe0f\u2764\ufe0f\u2764\ufe0fYES",
        "hashtags": []
    },
    {
        "rest_id": "1508791994432339968",
        "like_count": 2,
        "quote_count": 0,
        "reply_count": 0,
        "retweet_count": 0,
        "bookmark_count": 0,
        "content": "@TopGunMovie This was the one at CinemaCon. It's pretty neat :)",
        "hashtags": []
    },
    {
        "rest_id": "1508805775434698760",
        "like_count": 3,
        "quote_count": 0,
        "reply_count": 0,
        "retweet_count": 0,
        "bookmark_count": 0,
        "content": "@TopGunMovie Can y\u2019all pls just confirm or deny  abt the Gaga song? I\u2019m so tired.. we\u2019ve been waiting for ages..",
        "hashtags": []
    },
    {
        "rest_id": "1508800635784810504",
        "like_count": 7,
        "quote_count": 0,
        "reply_count": 0,
        "retweet_count": 0,
        "bookmark_count": 0,
        "content": "@TopGunMovie understand that without Gaga's song promoting, this will be a flop for all the delays :(",
        "hashtags": []
    },
    {
        "rest_id": "1508840633833775108",
        "like_count": 0,
        "quote_count": 0,
        "reply_count": 0,
        "retweet_count": 0,
        "bookmark_count": 0,
        "content": "@TopGunMovie \"Because I was inverted...\"\ud83d\ude43",
        "hashtags": []
    },
    {
        "rest_id": "1508868961408008194",
        "like_count": 0,
        "quote_count": 0,
        "reply_count": 0,
        "retweet_count": 0,
        "bookmark_count": 0,
        "content": "@TopGunMovie we have had a trailer for a while now don't really need another, we need a release date this year will it be released on May 27th who knows",
        "hashtags": []
    },
    {
        "rest_id": "1508800260038180877",
        "like_count": 1,
        "quote_count": 0,
        "reply_count": 0,
        "retweet_count": 1,
        "bookmark_count": 0,
        "content": "@TopGunMovie is there the theme song by @ladygaga\uff1f",
        "hashtags": []
    },
    {
        "rest_id": "1508795426367053833",
        "like_count": 12,
        "quote_count": 0,
        "reply_count": 0,
        "retweet_count": 1,
        "bookmark_count": 0,
        "content": "@TopGunMovie Gaga?",
        "hashtags": []
    },
    {
        "rest_id": "1508797529609097227",
        "like_count": 62,
        "quote_count": 0,
        "reply_count": 0,
        "retweet_count": 0,
        "bookmark_count": 0,
        "content": "@TopGunMovie Come on now. Atleast let us know if we are grtting the gaga song\ud83d\ude29",
        "hashtags": []
    },
    {
        "rest_id": "1508796130481614849",
        "like_count": 0,
        "quote_count": 0,
        "reply_count": 0,
        "retweet_count": 0,
        "bookmark_count": 0,
        "content": "@TopGunMovie Best movie ever? @kirkmin",
        "hashtags": []
    },
    {
        "rest_id": "1508798908226547718",
        "like_count": 16,
        "quote_count": 0,
        "reply_count": 0,
        "retweet_count": 1,
        "bookmark_count": 0,
        "content": "@TopGunMovie WE WANT GAGA",
        "hashtags": []
    },
    {
        "rest_id": "1509015628165881859",
        "like_count": 16,
        "quote_count": 0,
        "reply_count": 5,
        "retweet_count": 1,
        "bookmark_count": 0,
        "content": "@TopGunMovie Unless the plot is Tom Cruise fighting Russians to save Ukraine, I've kind of lost interest. Make a movie about the Ghost of KYIV. That's what happens when you release a movie 2 years late.",
        "hashtags": []
    },
    {
        "rest_id": "1508984303555948552",
        "like_count": 0,
        "quote_count": 0,
        "reply_count": 0,
        "retweet_count": 0,
        "bookmark_count": 0,
        "content": "@TopGunMovie NO ONE CARE ABOUT LADY GAGA SINGING IN THE MOVIE.\nGEEZ, STOP CRYING BECAUSE YOU DIDN'T HEAR IT THE TRAILER, AND JUST APPRECIATE THE DANGER ZONE",
        "hashtags": []
    },
    {
        "rest_id": "1508855822847143937",
        "like_count": 1,
        "quote_count": 0,
        "reply_count": 1,
        "retweet_count": 0,
        "bookmark_count": 0,
        "content": "@TopGunMovie @RockyTopSkiBum @SoupOrSizemore",
        "hashtags": []
    },
    {
        "rest_id": "1508820656363778053",
        "like_count": 0,
        "quote_count": 0,
        "reply_count": 0,
        "retweet_count": 0,
        "bookmark_count": 0,
        "content": "@TopGunMovie \ud83c\udff4\u200d\u2620\ufe0f",
        "hashtags": []
    },
    {
        "rest_id": "1508883255919054860",
        "like_count": 0,
        "quote_count": 0,
        "reply_count": 0,
        "retweet_count": 0,
        "bookmark_count": 0,
        "content": "@TopGunMovie Oh my god I can\u2019t wait!!!!",
        "hashtags": []
    },
    {
        "rest_id": "1509206950130569217",
        "like_count": 0,
        "quote_count": 0,
        "reply_count": 1,
        "retweet_count": 0,
        "bookmark_count": 0,
        "content": "@TopGunMovie @ianlapham",
        "hashtags": []
    },
    {
        "rest_id": "1508801017277779975",
        "like_count": 22,
        "quote_count": 0,
        "reply_count": 2,
        "retweet_count": 0,
        "bookmark_count": 0,
        "content": "@TopGunMovie Finally \ud83d\ude2d\ud83d\ude2d\ud83d\ude2d https://t.co/NEoDGxm5Jz",
        "hashtags": []
    },
    {
        "rest_id": "1508814174381613072",
        "like_count": 10,
        "quote_count": 0,
        "reply_count": 2,
        "retweet_count": 0,
        "bookmark_count": 1,
        "content": "@TopGunMovie @MajorAimless The \u201cMy dad believed in you\u2026\u201d statement hit the feels a bit.",
        "hashtags": []
    },
    {
        "rest_id": "1509015987936534532",
        "like_count": 0,
        "quote_count": 0,
        "reply_count": 0,
        "retweet_count": 0,
        "bookmark_count": 0,
        "content": "@TopGunMovie Children. \ud83d\uded1 https://t.co/8WDL5fT1LP",
        "hashtags": []
    },
    {
        "rest_id": "1508813489158201354",
        "like_count": 2,
        "quote_count": 0,
        "reply_count": 0,
        "retweet_count": 1,
        "bookmark_count": 0,
        "content": "@TopGunMovie @vishnu_dir go get official remake rights .. get #AjithKumar  for it  @thisisysr  @SureshChandraa",
        "hashtags": [
            {
                "indices": [62, 73],
                "text": "AjithKumar"
            }
        ]
    },
    {
        "rest_id": "1508805682404995072",
        "like_count": 2,
        "quote_count": 0,
        "reply_count": 0,
        "retweet_count": 0,
        "bookmark_count": 0,
        "content": "@TopGunMovie I need the Gaga ' song",
        "hashtags": []
    },
    {
        "rest_id": "1508812365537681424",
        "like_count": 5,
        "quote_count": 0,
        "reply_count": 0,
        "retweet_count": 0,
        "bookmark_count": 0,
        "content": "@TopGunMovie I think the piano is Gaga song",
        "hashtags": []
    },
    {
        "rest_id": "1508798777674641416",
        "like_count": 1,
        "quote_count": 0,
        "reply_count": 1,
        "retweet_count": 0,
        "bookmark_count": 0,
        "content": "@TopGunMovie @Jimproducer",
        "hashtags": []
    },
    {
        "rest_id": "1508847938386239494",
        "like_count": 1,
        "quote_count": 2,
        "reply_count": 6,
        "retweet_count": 0,
        "bookmark_count": 0,
        "content": "@TopGunMovie I came here for the gaga's song. Give it to us if she is not singing the song we won't see the movie",
        "hashtags": []
    },
    {
        "rest_id": "1508793042215792645",
        "like_count": 0,
        "quote_count": 0,
        "reply_count": 0,
        "retweet_count": 0,
        "bookmark_count": 0,
        "content": "@TopGunMovie https://t.co/v4XsdmxuNO",
        "hashtags": []
    },
    {
        "rest_id": "1508800335309123597",
        "like_count": 0,
        "quote_count": 0,
        "reply_count": 0,
        "retweet_count": 0,
        "bookmark_count": 0,
        "content": "@TopGunMovie @discolando @NASPCOLA \ud83d\udc40",
        "hashtags": []
    },
    {
        "rest_id": "1508805883895205897",
        "like_count": 1,
        "quote_count": 0,
        "reply_count": 0,
        "retweet_count": 0,
        "bookmark_count": 0,
        "content": "@TopGunMovie \ud83d\udd25\ud83d\udd25\ud83d\udd25\ud83d\udd25\ud83d\udd25\ud83d\udd25\ud83d\udd25\ud83d\udd25\ud83d\udd25\ud83d\udd25\ud83d\udd25\ud83d\udd25\ud83d\udd25\ud83d\udd25\ud83d\udd25\ud83d\udd25\ud83d\udd25\ud83d\udd25\ud83d\udd25\ud83d\udd25\ud83e\uddbe",
        "hashtags": []
    },
    {
        "rest_id": "1508795162566217729",
        "like_count": 1,
        "quote_count": 0,
        "reply_count": 1,
        "retweet_count": 0,
        "bookmark_count": 0,
        "content": "@TopGunMovie @Mrwaterbiscuit  i feel the need.....",
        "hashtags": []
    },
    {
        "rest_id": "1508800455391989766",
        "like_count": 0,
        "quote_count": 0,
        "reply_count": 1,
        "retweet_count": 0,
        "bookmark_count": 0,
        "content": "@TopGunMovie @LuisEdu95223459 @LuisEdu95223459 no habr\u00e1 mejor momento para usar tu gorra de Top Gun que viendo la peli",
        "hashtags": []
    },
    {
        "rest_id": "1508796292947980289",
        "like_count": 47,
        "quote_count": 0,
        "reply_count": 0,
        "retweet_count": 1,
        "bookmark_count": 0,
        "content": "@TopGunMovie Gaga?",
        "hashtags": []
    },
    {
        "rest_id": "1508830003580096515",
        "like_count": 1,
        "quote_count": 0,
        "reply_count": 2,
        "retweet_count": 0,
        "bookmark_count": 0,
        "content": "@TopGunMovie @TaytheMechanic",
        "hashtags": []
    },
    {
        "rest_id": "1508793599307173904",
        "like_count": 0,
        "quote_count": 0,
        "reply_count": 0,
        "retweet_count": 0,
        "bookmark_count": 0,
        "content": "@TopGunMovie https://t.co/bZI56FJism",
        "hashtags": []
    },
    {
        "rest_id": "1508797245566726148",
        "like_count": 14,
        "quote_count": 0,
        "reply_count": 0,
        "retweet_count": 0,
        "bookmark_count": 0,
        "content": "@TopGunMovie Admiral Iceman! https://t.co/3jJfIjgQin",
        "hashtags": []
    },
    {
        "rest_id": "1509036419293007874",
        "like_count": 0,
        "quote_count": 0,
        "reply_count": 0,
        "retweet_count": 0,
        "bookmark_count": 0,
        "content": "@TopGunMovie \ud83d\udd25\ud83d\udd25\ud83d\udd25\ud83d\udd25\ud83d\udd25great balls of fire",
        "hashtags": []
    },
    {
        "rest_id": "1509023096476471301",
        "like_count": 0,
        "quote_count": 0,
        "reply_count": 0,
        "retweet_count": 0,
        "bookmark_count": 0,
        "content": "@TopGunMovie Looking forward to it. Love the glimpse of the hypersonic stealth aircraft.",
        "hashtags": []
    },
    {
        "rest_id": "1508805788340477957",
        "like_count": 4,
        "quote_count": 0,
        "reply_count": 0,
        "retweet_count": 0,
        "bookmark_count": 0,
        "content": "@TopGunMovie Put Gaga song in next promo",
        "hashtags": []
    },
    {
        "rest_id": "1508834328138194957",
        "like_count": 2,
        "quote_count": 0,
        "reply_count": 0,
        "retweet_count": 0,
        "bookmark_count": 0,
        "content": "@TopGunMovie https://t.co/3FcKZ4VIiM",
        "hashtags": []
    },
    {
        "rest_id": "1508797194630959104",
        "like_count": 14,
        "quote_count": 0,
        "reply_count": 1,
        "retweet_count": 3,
        "bookmark_count": 0,
        "content": "@TopGunMovie \ud83d\udc4f",
        "hashtags": []
    },
    {
        "rest_id": "1508804042536931335",
        "like_count": 1,
        "quote_count": 0,
        "reply_count": 0,
        "retweet_count": 0,
        "bookmark_count": 0,
        "content": "@TopGunMovie @CaitlinReynol17",
        "hashtags": []
    },
    {
        "rest_id": "1508821845100793856",
        "like_count": 2,
        "quote_count": 0,
        "reply_count": 0,
        "retweet_count": 0,
        "bookmark_count": 0,
        "content": "@TopGunMovie @SamBenjaminNow \ud83e\udd2f\ud83e\udd2f\ud83e\udd2f",
        "hashtags": []
    },
    {
        "rest_id": "1508816550580604931",
        "like_count": 93,
        "quote_count": 0,
        "reply_count": 8,
        "retweet_count": 5,
        "bookmark_count": 1,
        "content": "@TopGunMovie For those who wanna rewatch the original film, it\u2019s currently on @netflix. #TopGun https://t.co/O3w2vfUCqd",
        "hashtags": [
            {
                "indices": [88, 95],
                "text": "TopGun"
            }
        ]
    },
    {
        "rest_id": "1508822195543236611",
        "like_count": 2,
        "quote_count": 0,
        "reply_count": 0,
        "retweet_count": 0,
        "bookmark_count": 0,
        "content": "@TopGunMovie Yeah",
        "hashtags": []
    },
    {
        "rest_id": "1509274992449576960",
        "like_count": 7,
        "quote_count": 0,
        "reply_count": 3,
        "retweet_count": 0,
        "bookmark_count": 0,
        "content": "@TopGunMovie I've watched this 15 times already...\n\nGOOSEbumps every time.",
        "hashtags": []
    },
    {
        "rest_id": "1508811222522732555",
        "like_count": 0,
        "quote_count": 0,
        "reply_count": 0,
        "retweet_count": 0,
        "bookmark_count": 0,
        "content": "@TopGunMovie fyi;\n@guidoolimpio",
        "hashtags": []
    },
    {
        "rest_id": "1508795242304184321",
        "like_count": 31,
        "quote_count": 0,
        "reply_count": 0,
        "retweet_count": 1,
        "bookmark_count": 0,
        "content": "@TopGunMovie we dont care we just want the song",
        "hashtags": []
    },
    {
        "rest_id": "1508797371722965007",
        "like_count": 0,
        "quote_count": 0,
        "reply_count": 0,
        "retweet_count": 0,
        "bookmark_count": 0,
        "content": "@TopGunMovie TO THE DANGER ZONE",
        "hashtags": []
    },
    {
        "rest_id": "1508798088726683651",
        "like_count": 1,
        "quote_count": 0,
        "reply_count": 0,
        "retweet_count": 0,
        "bookmark_count": 0,
        "content": "@TopGunMovie @chartsladygaga \u2026",
        "hashtags": []
    },
    {
        "rest_id": "1508816178986328068",
        "like_count": 1,
        "quote_count": 0,
        "reply_count": 1,
        "retweet_count": 0,
        "bookmark_count": 0,
        "content": "@TopGunMovie I can't wait to see this on the big screen (my Apple Watch)",
        "hashtags": []
    },
    {
        "rest_id": "1508799385974587417",
        "like_count": 1,
        "quote_count": 0,
        "reply_count": 0,
        "retweet_count": 0,
        "bookmark_count": 0,
        "content": "@TopGunMovie Top Gun: Maverick \"The was was all worth it...\ud83d\udc4d\ud83d\udc4f\ud83d\udc4f\u2764 https://t.co/V26LGX03z4",
        "hashtags": []
    },
    {
        "rest_id": "1508802785193730048",
        "like_count": 5,
        "quote_count": 0,
        "reply_count": 1,
        "retweet_count": 0,
        "bookmark_count": 0,
        "content": "@TopGunMovie Yaaaassssssssss! FINALLY!\ud83d\ude4c\ud83d\ude4c\ud83d\ude4c https://t.co/qdFLK0KGjf",
        "hashtags": []
    },
    {
        "rest_id": "1508803042711379976",
        "like_count": 3,
        "quote_count": 0,
        "reply_count": 0,
        "retweet_count": 0,
        "bookmark_count": 0,
        "content": "@TopGunMovie Everybody's talking bout Gaga's song",
        "hashtags": []
    },
    {
        "rest_id": "1508814446986149905",
        "like_count": 3,
        "quote_count": 0,
        "reply_count": 0,
        "retweet_count": 0,
        "bookmark_count": 0,
        "content": "@TopGunMovie 59 d\u00edas y contando!!!",
        "hashtags": []
    },
    {
        "rest_id": "1508797109713129472",
        "like_count": 0,
        "quote_count": 0,
        "reply_count": 0,
        "retweet_count": 0,
        "bookmark_count": 0,
        "content": "@TopGunMovie https://t.co/lYLgJks1oL",
        "hashtags": []
    },
    {
        "rest_id": "1508793448601911298",
        "like_count": 0,
        "quote_count": 0,
        "reply_count": 0,
        "retweet_count": 0,
        "bookmark_count": 0,
        "content": "@TopGunMovie The wait is over \u2708\ufe0f https://t.co/NPom20a6Es",
        "hashtags": []
    },
    {
        "rest_id": "1508824159094202369",
        "like_count": 35,
        "quote_count": 0,
        "reply_count": 4,
        "retweet_count": 0,
        "bookmark_count": 1,
        "content": "@TopGunMovie anyone else literally have chills watching this trailer?",
        "hashtags": []
    },
    {
        "rest_id": "1508971864516968450",
        "like_count": 1,
        "quote_count": 0,
        "reply_count": 1,
        "retweet_count": 0,
        "bookmark_count": 0,
        "content": "@TopGunMovie @tcSoUP22",
        "hashtags": []
    },
    {
        "rest_id": "1508846241228423169",
        "like_count": 2,
        "quote_count": 0,
        "reply_count": 1,
        "retweet_count": 0,
        "bookmark_count": 0,
        "content": "@TopGunMovie So we will get the Top Gun Expansion Pack @MSFSofficial ? \ud83d\udc40",
        "hashtags": []
    },
    {
        "rest_id": "1508837975848730624",
        "like_count": 2,
        "quote_count": 0,
        "reply_count": 1,
        "retweet_count": 0,
        "bookmark_count": 2,
        "content": "@TopGunMovie Is there really a gaga song for this movie plsss i need confirmation QUICKKK https://t.co/B5n9b0qhzf",
        "hashtags": []
    },
    {
        "rest_id": "1508803001569493004",
        "like_count": 9,
        "quote_count": 0,
        "reply_count": 0,
        "retweet_count": 1,
        "bookmark_count": 0,
        "content": "@TopGunMovie Gaga's song when?",
        "hashtags": []
    },
    {
        "rest_id": "1508802728465772550",
        "like_count": 1,
        "quote_count": 0,
        "reply_count": 0,
        "retweet_count": 0,
        "bookmark_count": 0,
        "content": "@TopGunMovie Vem amigooooo acho q no pr\u00f3ximo trailer j\u00e1 sai a m\u00fasica da mami @RogerLabel",
        "hashtags": []
    },
    {
        "rest_id": "1508800081276944385",
        "like_count": 43,
        "quote_count": 0,
        "reply_count": 0,
        "retweet_count": 1,
        "bookmark_count": 1,
        "content": "@TopGunMovie gaga song soon pls?? https://t.co/pJPRJhJhdr",
        "hashtags": []
    },
    {
        "rest_id": "1508803967903539210",
        "like_count": 9,
        "quote_count": 0,
        "reply_count": 0,
        "retweet_count": 0,
        "bookmark_count": 0,
        "content": "@TopGunMovie the gaga song when?",
        "hashtags": []
    },
    {
        "rest_id": "1509066325607718913",
        "like_count": 2,
        "quote_count": 0,
        "reply_count": 0,
        "retweet_count": 0,
        "bookmark_count": 0,
        "content": "@TopGunMovie This gives me a hard on.\nhttps://t.co/Gy0kbaP0dj",
        "hashtags": []
    },
    {
        "rest_id": "1508798709664002053",
        "like_count": 3,
        "quote_count": 0,
        "reply_count": 0,
        "retweet_count": 0,
        "bookmark_count": 0,
        "content": "@TopGunMovie Give us the song already!!",
        "hashtags": []
    },
    {
        "rest_id": "1508799634470313985",
        "like_count": 0,
        "quote_count": 0,
        "reply_count": 0,
        "retweet_count": 0,
        "bookmark_count": 0,
        "content": "@TopGunMovie https://t.co/irWlBlQ6I0",
        "hashtags": []
    },
    {
        "rest_id": "1508806041898782737",
        "like_count": 4,
        "quote_count": 0,
        "reply_count": 0,
        "retweet_count": 1,
        "bookmark_count": 0,
        "content": "@TopGunMovie No @ladygaga, no like! \ud83d\ude18",
        "hashtags": []
    },
    {
        "rest_id": "1508797153623298060",
        "like_count": 0,
        "quote_count": 0,
        "reply_count": 0,
        "retweet_count": 0,
        "bookmark_count": 0,
        "content": "@TopGunMovie https://t.co/YB0JfchGGy",
        "hashtags": []
    },
    {
        "rest_id": "1508798199519227919",
        "like_count": 5,
        "quote_count": 0,
        "reply_count": 0,
        "retweet_count": 1,
        "bookmark_count": 0,
        "content": "@TopGunMovie Lady Gaga's song when??",
        "hashtags": []
    },
    {
        "rest_id": "1508803344239845381",
        "like_count": 57,
        "quote_count": 0,
        "reply_count": 1,
        "retweet_count": 5,
        "bookmark_count": 1,
        "content": "@KatiePhang @roybelly We'll see you all there. #TopGun https://t.co/FzX0zoOGWY",
        "hashtags": [
            {
                "indices": [47, 54],
                "text": "TopGun"
            }
        ]
    },
    {
        "rest_id": "1508801424209190920",
        "like_count": 2,
        "quote_count": 0,
        "reply_count": 0,
        "retweet_count": 0,
        "bookmark_count": 0,
        "content": "@TopGunMovie Watching this trailer- I almost forgot I was sitting in a grocery store parking lot. \ud83e\udd23",
        "hashtags": []
    },
    {
        "rest_id": "1508799658302361608",
        "like_count": 15,
        "quote_count": 0,
        "reply_count": 5,
        "retweet_count": 0,
        "bookmark_count": 0,
        "content": "@TopGunMovie Glad Gaga\u2019s song isn\u2019t in this",
        "hashtags": []
    },
    {
        "rest_id": "1508810634359709696",
        "like_count": 1,
        "quote_count": 0,
        "reply_count": 0,
        "retweet_count": 0,
        "bookmark_count": 0,
        "content": "@TopGunMovie Oh. Em. Gee. \ud83e\udd2f",
        "hashtags": []
    },
    {
        "rest_id": "1508794176200130570",
        "like_count": 76,
        "quote_count": 0,
        "reply_count": 6,
        "retweet_count": 0,
        "bookmark_count": 0,
        "content": "@TopGunMovie \ud83e\udd2f\ud83e\udd2f\ud83e\udd2f\ud83e\udd2f\ud83e\udd2f\ud83e\udd2f\ud83e\udd2f",
        "hashtags": []
    },
    {
        "rest_id": "1508791856909455363",
        "like_count": 0,
        "quote_count": 0,
        "reply_count": 0,
        "retweet_count": 0,
        "bookmark_count": 0,
        "content": "@TopGunMovie @ParamountPics https://t.co/gSnomYUQdJ",
        "hashtags": []
    },
    {
        "rest_id": "1508839160190279687",
        "like_count": 2,
        "quote_count": 0,
        "reply_count": 2,
        "retweet_count": 0,
        "bookmark_count": 0,
        "content": "@TopGunMovie @37smadAmaS it\u2019s happening!!",
        "hashtags": []
    },
    {
        "rest_id": "1508817901423366154",
        "like_count": 3,
        "quote_count": 0,
        "reply_count": 1,
        "retweet_count": 0,
        "bookmark_count": 0,
        "content": "@TopGunMovie @1savasansahin",
        "hashtags": []
    },
    {
        "rest_id": "1508865212870381573",
        "like_count": 7,
        "quote_count": 0,
        "reply_count": 3,
        "retweet_count": 0,
        "bookmark_count": 1,
        "content": "@TopGunMovie We\u2019ve got the NEED the need to speed the nearest theater on May 27th! So stoked \ud83d\ude0d",
        "hashtags": []
    },
    {
        "rest_id": "1508798968267829250",
        "like_count": 3,
        "quote_count": 0,
        "reply_count": 0,
        "retweet_count": 1,
        "bookmark_count": 0,
        "content": "@TopGunMovie gaga song??",
        "hashtags": []
    },
    {
        "rest_id": "1508794368727035904",
        "like_count": 0,
        "quote_count": 0,
        "reply_count": 0,
        "retweet_count": 0,
        "bookmark_count": 0,
        "content": "@TopGunMovie Me vuelvo loco!",
        "hashtags": []
    },
    {
        "rest_id": "1508793622577168388",
        "like_count": 0,
        "quote_count": 0,
        "reply_count": 0,
        "retweet_count": 0,
        "bookmark_count": 0,
        "content": "@TopGunMovie @KhaleBernik",
        "hashtags": []
    },
    {
        "rest_id": "1508839589397803009",
        "like_count": 0,
        "quote_count": 0,
        "reply_count": 0,
        "retweet_count": 0,
        "bookmark_count": 0,
        "content": "@TopGunMovie Maverick \ud83d\ude01",
        "hashtags": []
    },
    {
        "rest_id": "1508802331021881351",
        "like_count": 39,
        "quote_count": 0,
        "reply_count": 0,
        "retweet_count": 1,
        "bookmark_count": 0,
        "content": "@TopGunMovie WHERE IS THE GAGA SONG https://t.co/guhB1EFvNT",
        "hashtags": []
    },
    {
        "rest_id": "1508805970247524364",
        "like_count": 16,
        "quote_count": 0,
        "reply_count": 0,
        "retweet_count": 0,
        "bookmark_count": 0,
        "content": "@TopGunMovie ok but maybe tease the song Gaga wrote for the movie\ud83d\udc80are yah sIow",
        "hashtags": []
    },
    {
        "rest_id": "1508817417581248520",
        "like_count": 86,
        "quote_count": 1,
        "reply_count": 1,
        "retweet_count": 1,
        "bookmark_count": 1,
        "content": "@TopGunMovie me increasing the volume to max waiting for Gaga to sing along the soundtrack: https://t.co/E65P8KM3bi",
        "hashtags": []
    },
    {
        "rest_id": "1508818254583799808",
        "like_count": 1,
        "quote_count": 0,
        "reply_count": 1,
        "retweet_count": 0,
        "bookmark_count": 0,
        "content": "@TopGunMovie What\u2019s this trailer gonna tell me about this film that the other ones haven\u2019t?",
        "hashtags": []
    },
    {
        "rest_id": "1508796148336713733",
        "like_count": 19,
        "quote_count": 0,
        "reply_count": 0,
        "retweet_count": 1,
        "bookmark_count": 0,
        "content": "@TopGunMovie Where\u2019s the gaga song?",
        "hashtags": []
    },
    {
        "rest_id": "1508848813712175108",
        "like_count": 35,
        "quote_count": 0,
        "reply_count": 4,
        "retweet_count": 0,
        "bookmark_count": 0,
        "content": "@TopGunMovie Whomsoever watch this movie in age of 8-18 during 1986-2000.. for once had dreamed to be An Air Force Pilot... this movie had influenced a generation to fly high above the sky...",
        "hashtags": []
    },
    {
        "rest_id": "1508795144786661380",
        "like_count": 0,
        "quote_count": 0,
        "reply_count": 0,
        "retweet_count": 0,
        "bookmark_count": 0,
        "content": "@TopGunMovie I've been waiting way too long for this, may 27th can't come quick enough.",
        "hashtags": []
    },
    {
        "rest_id": "1508957003254620164",
        "like_count": 28,
        "quote_count": 0,
        "reply_count": 1,
        "retweet_count": 4,
        "bookmark_count": 0,
        "content": "@TopGunMovie Adrenaline is my middle name.",
        "hashtags": []
    },
    {
        "rest_id": "1508792310355660809",
        "like_count": 111,
        "quote_count": 0,
        "reply_count": 0,
        "retweet_count": 1,
        "bookmark_count": 0,
        "content": "@TopGunMovie And the Gaga song? \ud83d\udc40",
        "hashtags": []
    },
    {
        "rest_id": "1508794587149742081",
        "like_count": 44,
        "quote_count": 0,
        "reply_count": 0,
        "retweet_count": 2,
        "bookmark_count": 0,
        "content": "@TopGunMovie Where's Lady Gaga",
        "hashtags": []
    },
    {
        "rest_id": "1508822937733840899",
        "like_count": 5,
        "quote_count": 0,
        "reply_count": 0,
        "retweet_count": 0,
        "bookmark_count": 0,
        "content": "@TopGunMovie We were all here for the lady gaga song",
        "hashtags": []
    },
    {
        "rest_id": "1508798030966927367",
        "like_count": 21,
        "quote_count": 0,
        "reply_count": 0,
        "retweet_count": 1,
        "bookmark_count": 0,
        "content": "@TopGunMovie It's getting annoying. Where's Gaga's song?",
        "hashtags": []
    },
    {
        "rest_id": "1509015798802751488",
        "like_count": 0,
        "quote_count": 0,
        "reply_count": 0,
        "retweet_count": 0,
        "bookmark_count": 0,
        "content": "@TopGunMovie A super bug v a cat still sad @dickcheney hated America enough to kill the F-14D tomcat/bombcat",
        "hashtags": []
    },
    {
        "rest_id": "1509004514350743553",
        "like_count": 14,
        "quote_count": 0,
        "reply_count": 6,
        "retweet_count": 0,
        "bookmark_count": 0,
        "content": "@TopGunMovie Nope. I've fallen for this like 4 times already. I won't believe this movie actually exists and is coming out when I'm in the theater watching the credits roll. Until then you can take these fake trailers and shove it.",
        "hashtags": []
    },
    {
        "rest_id": "1508796003046014984",
        "like_count": 24,
        "quote_count": 0,
        "reply_count": 0,
        "retweet_count": 1,
        "bookmark_count": 0,
        "content": "@TopGunMovie where\u2019s the gaga song from the movie? pls, give to us a tip about this",
        "hashtags": []
    },
    {
        "rest_id": "1508812285065768967",
        "like_count": 10,
        "quote_count": 1,
        "reply_count": 6,
        "retweet_count": 0,
        "bookmark_count": 1,
        "content": "@TopGunMovie @TopGunMovie Is the theme song by Lady Gaga coming or not? Know that some of us are watching the movie for that song. Could you please tell us something???",
        "hashtags": []
    },
    {
        "rest_id": "1508843276249579535",
        "like_count": 72,
        "quote_count": 1,
        "reply_count": 11,
        "retweet_count": 1,
        "bookmark_count": 1,
        "content": "@TopGunMovie \u26a0\ufe0fSpoiler: The girl in the film is the best pilot and in the end the main villains will be defeated by her",
        "hashtags": []
    },
    {
        "rest_id": "1508809276319584263",
        "like_count": 5,
        "quote_count": 0,
        "reply_count": 0,
        "retweet_count": 0,
        "bookmark_count": 0,
        "content": "@TopGunMovie I'll believe it when I actually see it on a marquee.\n\nIn the meantime, you've burned us on this so fucking many times I'm having a hard time mustering up a ton of enthusiasm.",
        "hashtags": []
    },
    {
        "rest_id": "1508898147556368385",
        "like_count": 0,
        "quote_count": 0,
        "reply_count": 1,
        "retweet_count": 0,
        "bookmark_count": 0,
        "content": "@TopGunMovie @koojababy Actually looks pretty cool! Is Miles supposed to be Goose's kid?",
        "hashtags": []
    },
    {
        "rest_id": "1508866701672202240",
        "like_count": 1,
        "quote_count": 0,
        "reply_count": 0,
        "retweet_count": 0,
        "bookmark_count": 0,
        "content": "@TopGunMovie Eh gonna wait for streaming at this point waited 2 years can wait the extra 45 days.",
        "hashtags": []
    },
    {
        "rest_id": "1508803569994145797",
        "like_count": 81,
        "quote_count": 0,
        "reply_count": 2,
        "retweet_count": 9,
        "bookmark_count": 2,
        "content": "@RexChapman Get ready. #TopGun https://t.co/2ZMfOrftU9",
        "hashtags": [
            {
                "indices": [23, 30],
                "text": "TopGun"
            }
        ]
    },
    {
        "rest_id": "1508877546209046528",
        "like_count": 0,
        "quote_count": 0,
        "reply_count": 0,
        "retweet_count": 0,
        "bookmark_count": 0,
        "content": "@TopGunMovie \u2764\u2764\u2764",
        "hashtags": []
    },
    {
        "rest_id": "1509181873595076617",
        "like_count": 0,
        "quote_count": 0,
        "reply_count": 0,
        "retweet_count": 0,
        "bookmark_count": 0,
        "content": "@TopGunMovie https://t.co/dJp5xJ1p6K",
        "hashtags": []
    },
    {
        "rest_id": "1508796045760901128",
        "like_count": 36,
        "quote_count": 0,
        "reply_count": 0,
        "retweet_count": 1,
        "bookmark_count": 0,
        "content": "@TopGunMovie WE want lady Gaga FFS",
        "hashtags": []
    },
    {
        "rest_id": "1508797766834733063",
        "like_count": 2,
        "quote_count": 0,
        "reply_count": 0,
        "retweet_count": 0,
        "bookmark_count": 0,
        "content": "@TopGunMovie Gaga ..?",
        "hashtags": []
    },
    {
        "rest_id": "1508946093987569671",
        "like_count": 0,
        "quote_count": 0,
        "reply_count": 0,
        "retweet_count": 0,
        "bookmark_count": 0,
        "content": "@TopGunMovie Man, can't wait to see this. I remember watching the original multiple times when growing up",
        "hashtags": []
    },
    {
        "rest_id": "1508827054820667397",
        "like_count": 18,
        "quote_count": 0,
        "reply_count": 0,
        "retweet_count": 0,
        "bookmark_count": 0,
        "content": "@TopGunMovie Whatever\ud83d\ude12\n\nWhere is the gaga song\ud83d\ude03",
        "hashtags": []
    },
    {
        "rest_id": "1508836551958188035",
        "like_count": 1,
        "quote_count": 0,
        "reply_count": 0,
        "retweet_count": 0,
        "bookmark_count": 0,
        "content": "@TopGunMovie Top Gun is my favorite movie! Been waiting what seems like forever for this movie to come out! I am so excited! I feel the need, the need for speed!",
        "hashtags": []
    },
    {
        "rest_id": "1508796693126561807",
        "like_count": 3,
        "quote_count": 0,
        "reply_count": 0,
        "retweet_count": 0,
        "bookmark_count": 0,
        "content": "@TopGunMovie https://t.co/E3fBOvufKN",
        "hashtags": []
    },
    {
        "rest_id": "1508936625627181059",
        "like_count": 6,
        "quote_count": 0,
        "reply_count": 0,
        "retweet_count": 0,
        "bookmark_count": 0,
        "content": "@TopGunMovie F\u2708\ufe0fI\u2708\ufe0fN\u2708\ufe0fA\u2708\ufe0fL\u2708\ufe0fL\u2708\ufe0fY\u2708\ufe0f!\u2708\ufe0f",
        "hashtags": []
    },
    {
        "rest_id": "1508827663284252673",
        "like_count": 0,
        "quote_count": 0,
        "reply_count": 0,
        "retweet_count": 0,
        "bookmark_count": 0,
        "content": "@TopGunMovie where's the rah rah bitch",
        "hashtags": []
    },
    {
        "rest_id": "1508806245415014401",
        "like_count": 3,
        "quote_count": 0,
        "reply_count": 0,
        "retweet_count": 0,
        "bookmark_count": 0,
        "content": "@TopGunMovie LADY GAGA SOUNDTRACK PIANO TEASE WHERE??? https://t.co/hc4PcUBj5z",
        "hashtags": []
    },
    {
        "rest_id": "1508947727576567808",
        "like_count": 0,
        "quote_count": 0,
        "reply_count": 0,
        "retweet_count": 0,
        "bookmark_count": 0,
        "content": "@TopGunMovie @AMCTheatres \ud83d\ude09",
        "hashtags": []
    },
    {
        "rest_id": "1508946966251773952",
        "like_count": 0,
        "quote_count": 0,
        "reply_count": 0,
        "retweet_count": 0,
        "bookmark_count": 0,
        "content": "@TopGunMovie \ud83c\udfb5 Highway tooooo https://t.co/UUmtKfqh2N",
        "hashtags": []
    },
    {
        "rest_id": "1508831235040239620",
        "like_count": 0,
        "quote_count": 0,
        "reply_count": 2,
        "retweet_count": 0,
        "bookmark_count": 0,
        "content": "@TopGunMovie @SendMeThisVideo",
        "hashtags": []
    },
    {
        "rest_id": "1508793870364160001",
        "like_count": 11,
        "quote_count": 0,
        "reply_count": 0,
        "retweet_count": 0,
        "bookmark_count": 0,
        "content": "@TopGunMovie I can\u2019t wait to finally return to the Danger Zone as #TopGunMaverick will definitely Take My Breath Away in IMAX in May! https://t.co/F7oaMXshKu",
        "hashtags": [
            {
                "indices": [66, 81],
                "text": "TopGunMaverick"
            }
        ]
    },
    {
        "rest_id": "1508867926979452941",
        "like_count": 17,
        "quote_count": 0,
        "reply_count": 1,
        "retweet_count": 1,
        "bookmark_count": 0,
        "content": "@TopGunMovie No one talk to us on May 27th, we're booked and busy! \ud83d\ude0d",
        "hashtags": []
    },
    {
        "rest_id": "1508807653778202642",
        "like_count": 2,
        "quote_count": 0,
        "reply_count": 1,
        "retweet_count": 0,
        "bookmark_count": 0,
        "content": "@TopGunMovie \u039c\u03b1\u03c2 \u03b3\u03ba\u03b1\u03c3\u03c4\u03c1\u03ce\u03c3\u03b1\u03c4\u03b5!",
        "hashtags": []
    },
    {
        "rest_id": "1508802654717235207",
        "like_count": 3,
        "quote_count": 0,
        "reply_count": 0,
        "retweet_count": 1,
        "bookmark_count": 0,
        "content": "@TopGunMovie We want Gaga\u2019s song",
        "hashtags": []
    },
    {
        "rest_id": "1508798901951905803",
        "like_count": 37,
        "quote_count": 0,
        "reply_count": 1,
        "retweet_count": 1,
        "bookmark_count": 0,
        "content": "@TopGunMovie We want the GAGA song!!!!",
        "hashtags": []
    },
    {
        "rest_id": "1508803245514309639",
        "like_count": 4,
        "quote_count": 0,
        "reply_count": 0,
        "retweet_count": 0,
        "bookmark_count": 0,
        "content": "@TopGunMovie we want gaga's song https://t.co/vRlJRlNuDR",
        "hashtags": []
    },
    {
        "rest_id": "1508816083809181714",
        "like_count": 1,
        "quote_count": 0,
        "reply_count": 1,
        "retweet_count": 0,
        "bookmark_count": 0,
        "content": "@TopGunMovie @aplantonista",
        "hashtags": []
    },
    {
        "rest_id": "1508794102015438853",
        "like_count": 52,
        "quote_count": 1,
        "reply_count": 20,
        "retweet_count": 1,
        "bookmark_count": 1,
        "content": "@TopGunMovie Umm F-14 vs SU-57??? https://t.co/eh9rjC9bqH",
        "hashtags": []
    },
    {
        "rest_id": "1508794245788094468",
        "like_count": 0,
        "quote_count": 0,
        "reply_count": 0,
        "retweet_count": 0,
        "bookmark_count": 0,
        "content": "@TopGunMovie Peak cinema incoming",
        "hashtags": []
    },
    {
        "rest_id": "1508795980489101319",
        "like_count": 5,
        "quote_count": 0,
        "reply_count": 0,
        "retweet_count": 0,
        "bookmark_count": 0,
        "content": "@TopGunMovie @RexChapman https://t.co/J2c8r5tqn8",
        "hashtags": []
    },
    {
        "rest_id": "1508892764146221066",
        "like_count": 1,
        "quote_count": 0,
        "reply_count": 0,
        "retweet_count": 0,
        "bookmark_count": 0,
        "content": "@TopGunMovie This is absolutely begging to be seen in @IMAX",
        "hashtags": []
    },
    {
        "rest_id": "1508796806532116480",
        "like_count": 16,
        "quote_count": 0,
        "reply_count": 2,
        "retweet_count": 1,
        "bookmark_count": 1,
        "content": "@TopGunMovie @roybelly Hey @roybelly: I say we do a field trip to the movies.",
        "hashtags": []
    },
    {
        "rest_id": "1508793579778441216",
        "like_count": 0,
        "quote_count": 0,
        "reply_count": 0,
        "retweet_count": 0,
        "bookmark_count": 0,
        "content": "@TopGunMovie Tom Cruise",
        "hashtags": []
    },
    {
        "rest_id": "1508876782967087106",
        "like_count": 1,
        "quote_count": 0,
        "reply_count": 1,
        "retweet_count": 0,
        "bookmark_count": 0,
        "content": "@TopGunMovie @DFS_Almanac @DevoKnevo tell me ur gonna watch it guys!..",
        "hashtags": []
    },
    {
        "rest_id": "1508795905742417933",
        "like_count": 27,
        "quote_count": 0,
        "reply_count": 2,
        "retweet_count": 1,
        "bookmark_count": 0,
        "content": "@TopGunMovie we all want to hear gaga's song",
        "hashtags": []
    },
    {
        "rest_id": "1508798096305799169",
        "like_count": 21,
        "quote_count": 0,
        "reply_count": 0,
        "retweet_count": 1,
        "bookmark_count": 0,
        "content": "@TopGunMovie we need gaga\u2019s song.",
        "hashtags": []
    },
    {
        "rest_id": "1508795914143649800",
        "like_count": 0,
        "quote_count": 0,
        "reply_count": 0,
        "retweet_count": 0,
        "bookmark_count": 0,
        "content": "@TopGunMovie https://t.co/Z49s5iIiNY",
        "hashtags": []
    },
    {
        "rest_id": "1508798437994729475",
        "like_count": 2,
        "quote_count": 0,
        "reply_count": 0,
        "retweet_count": 0,
        "bookmark_count": 0,
        "content": "@TopGunMovie Hold My Hand please \ud83d\ude01",
        "hashtags": []
    },
    {
        "rest_id": "1508809642725498886",
        "like_count": 3,
        "quote_count": 0,
        "reply_count": 0,
        "retweet_count": 0,
        "bookmark_count": 0,
        "content": "@TopGunMovie Movie going to be awesome no one gives a crap if Gaga has a song in it.",
        "hashtags": []
    },
    {
        "rest_id": "1508800570613813256",
        "like_count": 4,
        "quote_count": 0,
        "reply_count": 0,
        "retweet_count": 0,
        "bookmark_count": 0,
        "content": "@TopGunMovie Wow \ud83d\ude2e\ud83d\ude2e\ud83e\udd29\ud83e\udd29 #TopGunMaverick #TomCruise https://t.co/BuIEiuZzdn",
        "hashtags": [
            {
                "indices": [22, 37],
                "text": "TopGunMaverick"
            },
            {
                "indices": [38, 48],
                "text": "TomCruise"
            }
        ]
    },
    {
        "rest_id": "1508915965307723777",
        "like_count": 0,
        "quote_count": 0,
        "reply_count": 0,
        "retweet_count": 0,
        "bookmark_count": 0,
        "content": "@TopGunMovie Time to cash in now that the lock down is over",
        "hashtags": []
    },
    {
        "rest_id": "1508794466554957832",
        "like_count": 0,
        "quote_count": 0,
        "reply_count": 0,
        "retweet_count": 0,
        "bookmark_count": 0,
        "content": "@TopGunMovie finally .. good god",
        "hashtags": []
    },
    {
        "rest_id": "1508802438366650380",
        "like_count": 62,
        "quote_count": 0,
        "reply_count": 0,
        "retweet_count": 0,
        "bookmark_count": 0,
        "content": "@TopGunMovie Apparently, there\u2019s a Gaga song https://t.co/fNR93a5YQT",
        "hashtags": []
    },
    {
        "rest_id": "1508825596083970052",
        "like_count": 10,
        "quote_count": 0,
        "reply_count": 1,
        "retweet_count": 0,
        "bookmark_count": 0,
        "content": "@TopGunMovie Finally! Thank you!\n\nCould it have been inspiration from the Greek Airforce, one of the best Airforce in the world.\n\nHAF \ud83d\udd18\ud83c\uddec\ud83c\uddf7\ud83e\udd85\ud83c\uddfa\ud83c\uddf8\ud83c\uddea\ud83c\uddfa https://t.co/r2ZKqZDCE9",
        "hashtags": []
    },
    {
        "rest_id": "1509051698131603460",
        "like_count": 1,
        "quote_count": 0,
        "reply_count": 1,
        "retweet_count": 0,
        "bookmark_count": 0,
        "content": "@TopGunMovie @uberstoic72 \ud83c\udf7f\ud83c\udf6b\ud83e\udd64",
        "hashtags": []
    },
    {
        "rest_id": "1508807592247709710",
        "like_count": 2,
        "quote_count": 0,
        "reply_count": 0,
        "retweet_count": 0,
        "bookmark_count": 0,
        "content": "@TopGunMovie https://t.co/u5fsJzcfDL",
        "hashtags": []
    },
    {
        "rest_id": "1509367813244428294",
        "like_count": 0,
        "quote_count": 0,
        "reply_count": 0,
        "retweet_count": 0,
        "bookmark_count": 0,
        "content": "@TopGunMovie Not falling for this again",
        "hashtags": []
    },
    {
        "rest_id": "1508795303905968128",
        "like_count": 2,
        "quote_count": 0,
        "reply_count": 2,
        "retweet_count": 0,
        "bookmark_count": 0,
        "content": "@TopGunMovie @KevinMcCarthyTV I want to see this more than just about any movie coming I can think of",
        "hashtags": []
    },
    {
        "rest_id": "1508795346050330627",
        "like_count": 0,
        "quote_count": 0,
        "reply_count": 0,
        "retweet_count": 0,
        "bookmark_count": 0,
        "content": "@TopGunMovie damn.",
        "hashtags": []
    },
    {
        "rest_id": "1508816012430479374",
        "like_count": 12,
        "quote_count": 0,
        "reply_count": 1,
        "retweet_count": 0,
        "bookmark_count": 0,
        "content": "@TopGunMovie I thought we'd get the song in the trailer the way we lost https://t.co/3Q04323MJx",
        "hashtags": []
    },
    {
        "rest_id": "1508797220887347200",
        "like_count": 7,
        "quote_count": 0,
        "reply_count": 0,
        "retweet_count": 1,
        "bookmark_count": 0,
        "content": "@TopGunMovie https://t.co/3srPVD0Ynt",
        "hashtags": []
    },
    {
        "rest_id": "1508879538322919432",
        "like_count": 1,
        "quote_count": 0,
        "reply_count": 1,
        "retweet_count": 0,
        "bookmark_count": 0,
        "content": "@TopGunMovie @Haciproductions ko\u015f maverick geliyor.",
        "hashtags": []
    },
    {
        "rest_id": "1508794448142114823",
        "like_count": 49,
        "quote_count": 0,
        "reply_count": 0,
        "retweet_count": 1,
        "bookmark_count": 0,
        "content": "@TopGunMovie Ugh we want Gaga theme song",
        "hashtags": []
    },
    {
        "rest_id": "1508793573508014081",
        "like_count": 0,
        "quote_count": 0,
        "reply_count": 0,
        "retweet_count": 0,
        "bookmark_count": 0,
        "content": "@TopGunMovie \ud83d\udd25\ud83d\udd25\ud83d\udd25",
        "hashtags": []
    },
    {
        "rest_id": "1509023192463069186",
        "like_count": 0,
        "quote_count": 0,
        "reply_count": 0,
        "retweet_count": 0,
        "bookmark_count": 0,
        "content": "@TopGunMovie @sfalcon5139 @DimitriFalcon FINALLLY! #TopGun  You were in a 4G inverted dive with a Mig 28?",
        "hashtags": [
            {
                "indices": [51, 58],
                "text": "TopGun"
            }
        ]
    },
    {
        "rest_id": "1508800601223843841",
        "like_count": 14,
        "quote_count": 0,
        "reply_count": 0,
        "retweet_count": 1,
        "bookmark_count": 0,
        "content": "@TopGunMovie I don\u2019t hear Gaga",
        "hashtags": []
    },
    {
        "rest_id": "1508795943692480518",
        "like_count": 138,
        "quote_count": 0,
        "reply_count": 0,
        "retweet_count": 3,
        "bookmark_count": 0,
        "content": "@TopGunMovie Lady Gaga's song when??",
        "hashtags": []
    },
    {
        "rest_id": "1509004950977847299",
        "like_count": 0,
        "quote_count": 0,
        "reply_count": 0,
        "retweet_count": 0,
        "bookmark_count": 0,
        "content": "@TopGunMovie With or without the #Taiwan flag?",
        "hashtags": [
            {
                "indices": [33, 40],
                "text": "Taiwan"
            }
        ]
    },
    {
        "rest_id": "1508952107210231811",
        "like_count": 0,
        "quote_count": 0,
        "reply_count": 0,
        "retweet_count": 0,
        "bookmark_count": 0,
        "content": "@TopGunMovie Looks insane!",
        "hashtags": []
    },
    {
        "rest_id": "1508818108177338382",
        "like_count": 16,
        "quote_count": 0,
        "reply_count": 4,
        "retweet_count": 2,
        "bookmark_count": 0,
        "content": "@TopGunMovie Hoping there is a way to watch outside of theaters. This is moms favorite movie of all time but she is no longer able to leave home due to rapid health decline. \ud83e\udd1e\ud83c\udffb we can watch together. She was so excited when they made the movie announcement before Covid.",
        "hashtags": []
    },
    {
        "rest_id": "1508932982010175492",
        "like_count": 0,
        "quote_count": 0,
        "reply_count": 0,
        "retweet_count": 0,
        "bookmark_count": 0,
        "content": "@TopGunMovie \ud83c\uddf9\ud83c\uddfc \ud83c\uddef\ud83c\uddf5",
        "hashtags": []
    },
    {
        "rest_id": "1508796468341182469",
        "like_count": 0,
        "quote_count": 0,
        "reply_count": 0,
        "retweet_count": 0,
        "bookmark_count": 0,
        "content": "@TopGunMovie https://t.co/mCZeLabzz6",
        "hashtags": []
    },
    {
        "rest_id": "1509010606371659776",
        "like_count": 0,
        "quote_count": 0,
        "reply_count": 0,
        "retweet_count": 0,
        "bookmark_count": 0,
        "content": "@TopGunMovie Def gonna be in the theater for this one",
        "hashtags": []
    },
    {
        "rest_id": "1508935866156261379",
        "like_count": 0,
        "quote_count": 0,
        "reply_count": 0,
        "retweet_count": 0,
        "bookmark_count": 0,
        "content": "@TopGunMovie i HAVE BEEN WAITING FOR THIS MY WHOLE LIFE",
        "hashtags": []
    },
    {
        "rest_id": "1508796522749640720",
        "like_count": 0,
        "quote_count": 0,
        "reply_count": 0,
        "retweet_count": 0,
        "bookmark_count": 0,
        "content": "@TopGunMovie Oh, damn. I can't wait!",
        "hashtags": []
    },
    {
        "rest_id": "1508802655354867719",
        "like_count": 1,
        "quote_count": 0,
        "reply_count": 1,
        "retweet_count": 0,
        "bookmark_count": 0,
        "content": "@TopGunMovie Veio a\u00ed @lucassantanaor",
        "hashtags": []
    },
    {
        "rest_id": "1508849588882472965",
        "like_count": 14,
        "quote_count": 0,
        "reply_count": 3,
        "retweet_count": 1,
        "bookmark_count": 0,
        "content": "@TopGunMovie This is wonderful! I\u2019d personally speculated that Ice Man would be CNO or SECNAV because Maverick would have to have a senior high powered ally in order to still be on active duty as a Captain after 30 years of service. Ice is his ally.",
        "hashtags": []
    },
    {
        "rest_id": "1508795674254618624",
        "like_count": 79,
        "quote_count": 0,
        "reply_count": 1,
        "retweet_count": 1,
        "bookmark_count": 0,
        "content": "@TopGunMovie Where is Gaga's song?????",
        "hashtags": []
    },
    {
        "rest_id": "1508825548805615618",
        "like_count": 1,
        "quote_count": 0,
        "reply_count": 1,
        "retweet_count": 0,
        "bookmark_count": 0,
        "content": "@TopGunMovie @II412NelloII @Burgaliciousdef",
        "hashtags": []
    },
    {
        "rest_id": "1508798043625332741",
        "like_count": 360,
        "quote_count": 3,
        "reply_count": 32,
        "retweet_count": 8,
        "bookmark_count": 4,
        "content": "@TopGunMovie LETS FUCKING GOOOOOO https://t.co/rFMsiETHP9",
        "hashtags": []
    },
    {
        "rest_id": "1508804207410913281",
        "like_count": 3,
        "quote_count": 0,
        "reply_count": 0,
        "retweet_count": 0,
        "bookmark_count": 0,
        "content": "@TopGunMovie Did I just spot me a Su-57?",
        "hashtags": []
    },
    {
        "rest_id": "1508796133262434313",
        "like_count": 37,
        "quote_count": 0,
        "reply_count": 0,
        "retweet_count": 1,
        "bookmark_count": 0,
        "content": "@TopGunMovie WHERE IS GAGAS SONG",
        "hashtags": []
    },
    {
        "rest_id": "1508796376561463300",
        "like_count": 12,
        "quote_count": 0,
        "reply_count": 0,
        "retweet_count": 0,
        "bookmark_count": 0,
        "content": "@TopGunMovie where's the song",
        "hashtags": []
    },
    {
        "rest_id": "1508793278321278985",
        "like_count": 0,
        "quote_count": 0,
        "reply_count": 0,
        "retweet_count": 0,
        "bookmark_count": 0,
        "content": "@TopGunMovie So pumped for this!!!!!",
        "hashtags": []
    },
    {
        "rest_id": "1508793336869519361",
        "like_count": 113,
        "quote_count": 0,
        "reply_count": 0,
        "retweet_count": 0,
        "bookmark_count": 0,
        "content": "@TopGunMovie is there or isn\u2019t there a gaga song can y\u2019all confirm or deny once and for all?? i\u2019m tired\u2026.",
        "hashtags": []
    },
    {
        "rest_id": "1508797291104280583",
        "like_count": 57,
        "quote_count": 0,
        "reply_count": 1,
        "retweet_count": 1,
        "bookmark_count": 0,
        "content": "@TopGunMovie We want Gaga\u2019s song",
        "hashtags": []
    },
    {
        "rest_id": "1508794879895293963",
        "like_count": 0,
        "quote_count": 0,
        "reply_count": 0,
        "retweet_count": 0,
        "bookmark_count": 0,
        "content": "@TopGunMovie I hear at the end of the movie they give the jets to Ukraine",
        "hashtags": []
    },
    {
        "rest_id": "1508793589668749320",
        "like_count": 1,
        "quote_count": 0,
        "reply_count": 0,
        "retweet_count": 0,
        "bookmark_count": 0,
        "content": "@TopGunMovie https://t.co/SMEXNSUvub",
        "hashtags": []
    },
    {
        "rest_id": "1508803354805346311",
        "like_count": 7,
        "quote_count": 0,
        "reply_count": 0,
        "retweet_count": 0,
        "bookmark_count": 0,
        "content": "@TopGunMovie And Gaga's song?",
        "hashtags": []
    },
    {
        "rest_id": "1508805425369600003",
        "like_count": 1,
        "quote_count": 0,
        "reply_count": 1,
        "retweet_count": 0,
        "bookmark_count": 0,
        "content": "@TopGunMovie @Andreadn34 \ud83e\udd70",
        "hashtags": []
    },
    {
        "rest_id": "1508808584540430348",
        "like_count": 1,
        "quote_count": 0,
        "reply_count": 0,
        "retweet_count": 0,
        "bookmark_count": 0,
        "content": "@TopGunMovie @Beverle76995527 mum/daughter date to watch this please \ud83d\ude4f \ud83d\ude2c\ud83d\ude0d\ud83d\ude0d\ud83d\ude0d",
        "hashtags": []
    },
    {
        "rest_id": "1508795192848969733",
        "like_count": 42,
        "quote_count": 0,
        "reply_count": 0,
        "retweet_count": 1,
        "bookmark_count": 0,
        "content": "@TopGunMovie Where is Lady Gaga\u2019s Song?",
        "hashtags": []
    },
    {
        "rest_id": "1508795307081060356",
        "like_count": 0,
        "quote_count": 0,
        "reply_count": 1,
        "retweet_count": 0,
        "bookmark_count": 0,
        "content": "@TopGunMovie @DReager1Blog",
        "hashtags": []
    },
    {
        "rest_id": "1508882574772342786",
        "like_count": 8,
        "quote_count": 0,
        "reply_count": 7,
        "retweet_count": 0,
        "bookmark_count": 0,
        "content": "@TopGunMovie never seen the original but i want to now",
        "hashtags": []
    },
    {
        "rest_id": "1508823462248595456",
        "like_count": 4,
        "quote_count": 0,
        "reply_count": 0,
        "retweet_count": 0,
        "bookmark_count": 0,
        "content": "@TopGunMovie I'm hoping that Cheap Trick's Mighty Wings is gonna play at one point in this movie. It's in the first film after all. A man can dream.",
        "hashtags": []
    },
    {
        "rest_id": "1508822012113870855",
        "like_count": 2,
        "quote_count": 0,
        "reply_count": 0,
        "retweet_count": 0,
        "bookmark_count": 0,
        "content": "@TopGunMovie I feel the need for speed !!",
        "hashtags": []
    },
    {
        "rest_id": "1508937295033888768",
        "like_count": 49,
        "quote_count": 0,
        "reply_count": 0,
        "retweet_count": 3,
        "bookmark_count": 0,
        "content": "@TopGunMovie running to grab our aviator glasses",
        "hashtags": []
    },
    {
        "rest_id": "1508792145028825093",
        "like_count": 41,
        "quote_count": 0,
        "reply_count": 0,
        "retweet_count": 1,
        "bookmark_count": 0,
        "content": "@TopGunMovie where's the soundtrack???",
        "hashtags": []
    },
    {
        "rest_id": "1508904145356353536",
        "like_count": 0,
        "quote_count": 0,
        "reply_count": 1,
        "retweet_count": 0,
        "bookmark_count": 0,
        "content": "@TopGunMovie My obligation to tag @BikeMan whenever Top Gun is involved",
        "hashtags": []
    },
    {
        "rest_id": "1508797071138369537",
        "like_count": 7,
        "quote_count": 0,
        "reply_count": 0,
        "retweet_count": 0,
        "bookmark_count": 0,
        "content": "@TopGunMovie Ok but where\u2019s the Gaga song??????",
        "hashtags": []
    },
    {
        "rest_id": "1508799511107616787",
        "like_count": 0,
        "quote_count": 0,
        "reply_count": 0,
        "retweet_count": 0,
        "bookmark_count": 0,
        "content": "@TopGunMovie @ParamountPics Actor who is waiting, movie is waiting",
        "hashtags": []
    },
    {
        "rest_id": "1508837956244709383",
        "like_count": 7,
        "quote_count": 0,
        "reply_count": 0,
        "retweet_count": 0,
        "bookmark_count": 0,
        "content": "@TopGunMovie Call little monsters clowns directly it\u2019s better !! Is Gaga\u2019s song coming yes or no \ud83d\ude12",
        "hashtags": []
    },
    {
        "rest_id": "1508795569086607362",
        "like_count": 0,
        "quote_count": 0,
        "reply_count": 1,
        "retweet_count": 0,
        "bookmark_count": 0,
        "content": "@TopGunMovie @mikejones83",
        "hashtags": []
    },
    {
        "rest_id": "1508794919770591247",
        "like_count": 0,
        "quote_count": 0,
        "reply_count": 0,
        "retweet_count": 0,
        "bookmark_count": 0,
        "content": "@TopGunMovie I\u2019m so happy I will finally see it! \ud83d\udc96\u2708\ufe0f",
        "hashtags": []
    },
    {
        "rest_id": "1508794160605802498",
        "like_count": 80,
        "quote_count": 0,
        "reply_count": 0,
        "retweet_count": 1,
        "bookmark_count": 0,
        "content": "@TopGunMovie We want a sneak peak of the TOP GUN SONG NOWWWWW",
        "hashtags": []
    },
    {
        "rest_id": "1508944284657106947",
        "like_count": 0,
        "quote_count": 0,
        "reply_count": 0,
        "retweet_count": 0,
        "bookmark_count": 0,
        "content": "@TopGunMovie OMG!",
        "hashtags": []
    },
    {
        "rest_id": "1508804455722016770",
        "like_count": 5,
        "quote_count": 0,
        "reply_count": 0,
        "retweet_count": 0,
        "bookmark_count": 0,
        "content": "@TopGunMovie Drop the Gaga song or we don't care",
        "hashtags": []
    },
    {
        "rest_id": "1508798075153883143",
        "like_count": 4,
        "quote_count": 0,
        "reply_count": 1,
        "retweet_count": 0,
        "bookmark_count": 0,
        "content": "@TopGunMovie Top Gun: Maverick \"See you soon\"...\u2764 https://t.co/K7e6EUdcX4",
        "hashtags": []
    },
    {
        "rest_id": "1509183324841033736",
        "like_count": 0,
        "quote_count": 0,
        "reply_count": 0,
        "retweet_count": 0,
        "bookmark_count": 0,
        "content": "@TopGunMovie I am not sure about the \u201cMy dad believed in you plot\u201d - I see it speaks to some in the earlier comment and I respect that\u2026 for me it\u2019s just a bit much.   Looks fun overall though!",
        "hashtags": []
    },
    {
        "rest_id": "1508794429825499140",
        "like_count": 2,
        "quote_count": 0,
        "reply_count": 1,
        "retweet_count": 0,
        "bookmark_count": 0,
        "content": "@TopGunMovie @RexChapman @HossSauced @thepapaSMARK I know you two have been waiting for this",
        "hashtags": []
    }
]
