[
    {
        "rest_id": "1151960948413911041",
        "like_count": 1,
        "quote_count": 0,
        "reply_count": 0,
        "retweet_count": 1,
        "bookmark_count": 0,
        "content": "@TopGunMovie @TomCruise https://t.co/NLiyfmvSOJ",
        "hashtags": []
    },
    {
        "rest_id": "1152019396371443712",
        "like_count": 0,
        "quote_count": 0,
        "reply_count": 1,
        "retweet_count": 0,
        "bookmark_count": 0,
        "content": "@TopGunMovie @TomCruise I'm down for this. #TopGun still hold up even today.",
        "hashtags": [
            {
                "indices": [43, 50],
                "text": "TopGun"
            }
        ]
    },
    {
        "rest_id": "1151958599834460172",
        "like_count": 1,
        "quote_count": 0,
        "reply_count": 1,
        "retweet_count": 0,
        "bookmark_count": 0,
        "content": "@TopGunMovie @TomCruise @spikedyer86 \u2708\ufe0f \ud83c\udfcd",
        "hashtags": []
    },
    {
        "rest_id": "1151994163585376256",
        "like_count": 0,
        "quote_count": 0,
        "reply_count": 0,
        "retweet_count": 0,
        "bookmark_count": 0,
        "content": "@TopGunMovie @TomCruise I love it. My favourite things are diving and flying - as I\u2019m quite ill now   and unable to support my adrenaline habit- I\u2019m going to enjoy the hell out the movie.",
        "hashtags": []
    },
    {
        "rest_id": "1151955446091145218",
        "like_count": 57,
        "quote_count": 1,
        "reply_count": 3,
        "retweet_count": 1,
        "bookmark_count": 0,
        "content": "@TopGunMovie @TomCruise Take all my money now. #allthefeels #topgunmaverick #topgun #dangerzone @TomCruise",
        "hashtags": [
            {
                "indices": [47, 59],
                "text": "allthefeels"
            },
            {
                "indices": [60, 75],
                "text": "topgunmaverick"
            },
            {
                "indices": [76, 83],
                "text": "topgun"
            },
            {
                "indices": [84, 95],
                "text": "dangerzone"
            }
        ]
    },
    {
        "rest_id": "1151938776672952322",
        "like_count": 6,
        "quote_count": 0,
        "reply_count": 0,
        "retweet_count": 0,
        "bookmark_count": 0,
        "content": "@TopGunMovie @TomCruise @JadeHelm15Texas @dirtytorta https://t.co/2DH0lcWm1w",
        "hashtags": []
    },
    {
        "rest_id": "1152118487109816321",
        "like_count": 1,
        "quote_count": 0,
        "reply_count": 0,
        "retweet_count": 0,
        "bookmark_count": 0,
        "content": "@TopGunMovie @TomCruise I can't wait !!!!!\ud83d\ude2d\ud83d\ude2d\ud83d\ude2d\ud83d\ude2d\ud83d\ude2d",
        "hashtags": []
    },
    {
        "rest_id": "1151948288213573635",
        "like_count": 16,
        "quote_count": 0,
        "reply_count": 0,
        "retweet_count": 0,
        "bookmark_count": 0,
        "content": "@TopGunMovie @TomCruise I do love Tom Cruise \ud83d\ude0e https://t.co/CW0JZ9KH8k",
        "hashtags": []
    },
    {
        "rest_id": "1151938177772527622",
        "like_count": 0,
        "quote_count": 0,
        "reply_count": 1,
        "retweet_count": 0,
        "bookmark_count": 0,
        "content": "@TopGunMovie @TomCruise Bet this has made you all moist @mattselliott",
        "hashtags": []
    },
    {
        "rest_id": "1151964542345236481",
        "like_count": 1,
        "quote_count": 0,
        "reply_count": 1,
        "retweet_count": 0,
        "bookmark_count": 0,
        "content": "@TopGunMovie @TomCruise @matty_c3",
        "hashtags": []
    },
    {
        "rest_id": "1151946225752694793",
        "like_count": 36,
        "quote_count": 0,
        "reply_count": 5,
        "retweet_count": 3,
        "bookmark_count": 0,
        "content": "@TopGunMovie @TomCruise La moto, la moto, la moto\u2661 \nEsta pel\u00edcula tiene la culpa de mi adicci\u00f3n por las Motos\u2661",
        "hashtags": []
    },
    {
        "rest_id": "1152035220503199744",
        "like_count": 0,
        "quote_count": 0,
        "reply_count": 0,
        "retweet_count": 0,
        "bookmark_count": 0,
        "content": "@TopGunMovie @TomCruise Phoenix is going to be gooses kid..has to be",
        "hashtags": []
    },
    {
        "rest_id": "1151985022175469568",
        "like_count": 0,
        "quote_count": 0,
        "reply_count": 0,
        "retweet_count": 0,
        "bookmark_count": 0,
        "content": "@TopGunMovie @TomCruise Let's go!",
        "hashtags": []
    },
    {
        "rest_id": "1151940085824262144",
        "like_count": 1,
        "quote_count": 0,
        "reply_count": 1,
        "retweet_count": 0,
        "bookmark_count": 0,
        "content": "@TopGunMovie @TomCruise @emmamcgough \ud83d\ude0d",
        "hashtags": []
    },
    {
        "rest_id": "1163318426963566592",
        "like_count": 1,
        "quote_count": 0,
        "reply_count": 0,
        "retweet_count": 1,
        "bookmark_count": 0,
        "content": "@TopGunMovie @TomCruise https://t.co/whH2LBcgHR",
        "hashtags": []
    },
    {
        "rest_id": "1151962537241534474",
        "like_count": 1,
        "quote_count": 0,
        "reply_count": 1,
        "retweet_count": 0,
        "bookmark_count": 0,
        "content": "@TopGunMovie @TomCruise Is it Summer 2020 yet?. Cannot wait for this \ud83d\udc4f\ud83d\udc4f",
        "hashtags": []
    },
    {
        "rest_id": "1151939032445784064",
        "like_count": 0,
        "quote_count": 0,
        "reply_count": 1,
        "retweet_count": 0,
        "bookmark_count": 0,
        "content": "@TopGunMovie @TomCruise @Joe_Hallenbeck",
        "hashtags": []
    },
    {
        "rest_id": "1151955590748487680",
        "like_count": 351,
        "quote_count": 9,
        "reply_count": 13,
        "retweet_count": 62,
        "bookmark_count": 6,
        "content": "@TopGunMovie @TomCruise Maverick is back. Time to go back to the Danger Zone...Thanks Kenny Loggins. A look back at Top Gun that was released back in 1986, 33 years ago. #topgun2 #TopGun #Maverick #topgunmaverick       https://t.co/iQcvxniKas",
        "hashtags": [
            {
                "indices": [170, 178],
                "text": "topgun2"
            },
            {
                "indices": [179, 186],
                "text": "TopGun"
            },
            {
                "indices": [187, 196],
                "text": "Maverick"
            },
            {
                "indices": [197, 212],
                "text": "topgunmaverick"
            }
        ]
    },
    {
        "rest_id": "1151949570101796864",
        "like_count": 64,
        "quote_count": 0,
        "reply_count": 1,
        "retweet_count": 0,
        "bookmark_count": 0,
        "content": "@TopGunMovie @TomCruise Fuck yes",
        "hashtags": []
    },
    {
        "rest_id": "1151997044988338176",
        "like_count": 1,
        "quote_count": 0,
        "reply_count": 0,
        "retweet_count": 0,
        "bookmark_count": 0,
        "content": "@TopGunMovie @TomCruise Can wait for this one \u261d\ufe0f",
        "hashtags": []
    },
    {
        "rest_id": "1151957159804067847",
        "like_count": 0,
        "quote_count": 0,
        "reply_count": 1,
        "retweet_count": 0,
        "bookmark_count": 0,
        "content": "@TopGunMovie @TomCruise @danielafanatic",
        "hashtags": []
    },
    {
        "rest_id": "1155604360124076032",
        "like_count": 0,
        "quote_count": 0,
        "reply_count": 0,
        "retweet_count": 0,
        "bookmark_count": 0,
        "content": "@TopGunMovie @TomCruise Wow a single seat Hornet. Now how will he kill his friend?",
        "hashtags": []
    },
    {
        "rest_id": "1151964252044976148",
        "like_count": 0,
        "quote_count": 0,
        "reply_count": 0,
        "retweet_count": 0,
        "bookmark_count": 0,
        "content": "@TopGunMovie @TomCruise @Justin_Chandler what\u2019s up!!!!",
        "hashtags": []
    },
    {
        "rest_id": "1151942227389640704",
        "like_count": 199,
        "quote_count": 0,
        "reply_count": 12,
        "retweet_count": 4,
        "bookmark_count": 0,
        "content": "@TopGunMovie @TomCruise The F-14 at the end!",
        "hashtags": []
    },
    {
        "rest_id": "1151946941535784961",
        "like_count": 13,
        "quote_count": 0,
        "reply_count": 1,
        "retweet_count": 0,
        "bookmark_count": 0,
        "content": "@TopGunMovie @TomCruise I am literally in tears. This is so great. I can\u2019t wait! Well done! Yes!!",
        "hashtags": []
    },
    {
        "rest_id": "1152040075112226817",
        "like_count": 0,
        "quote_count": 0,
        "reply_count": 0,
        "retweet_count": 0,
        "bookmark_count": 0,
        "content": "@TopGunMovie @TomCruise Wow. WOW!  Why wait a year. Wow",
        "hashtags": []
    },
    {
        "rest_id": "1151962384644419584",
        "like_count": 2,
        "quote_count": 0,
        "reply_count": 1,
        "retweet_count": 0,
        "bookmark_count": 0,
        "content": "@TopGunMovie @TomCruise Gavin. Gav. GAAAV... GAAAVVVIIINNNN \ud83d\udc40\ud83d\udc40\ud83d\ude33\ud83d\ude33\ud83d\ude33 @GavinCoffey",
        "hashtags": []
    },
    {
        "rest_id": "1151945236693889025",
        "like_count": 0,
        "quote_count": 0,
        "reply_count": 1,
        "retweet_count": 0,
        "bookmark_count": 0,
        "content": "@TopGunMovie @TomCruise .@BrianDH28",
        "hashtags": []
    },
    {
        "rest_id": "1155194029795172352",
        "like_count": 0,
        "quote_count": 0,
        "reply_count": 0,
        "retweet_count": 0,
        "bookmark_count": 0,
        "content": "@TopGunMovie @TomCruise https://t.co/zfGqu0oEnc",
        "hashtags": []
    },
    {
        "rest_id": "1151959769646850048",
        "like_count": 1,
        "quote_count": 0,
        "reply_count": 1,
        "retweet_count": 0,
        "bookmark_count": 0,
        "content": "@TopGunMovie @Miles_Teller @TomCruise @SpartaPee",
        "hashtags": []
    },
    {
        "rest_id": "1152001136540282880",
        "like_count": 0,
        "quote_count": 0,
        "reply_count": 0,
        "retweet_count": 0,
        "bookmark_count": 0,
        "content": "@TopGunMovie @TomCruise Works for me \ud83c\uddfa\ud83c\uddf8",
        "hashtags": []
    },
    {
        "rest_id": "1151954822700183552",
        "like_count": 0,
        "quote_count": 0,
        "reply_count": 1,
        "retweet_count": 0,
        "bookmark_count": 0,
        "content": "@TopGunMovie @TomCruise @murray_eugene",
        "hashtags": []
    },
    {
        "rest_id": "1152066566122381314",
        "like_count": 0,
        "quote_count": 0,
        "reply_count": 0,
        "retweet_count": 0,
        "bookmark_count": 0,
        "content": "@TopGunMovie @TomCruise He can still rock those shades ......!!!!!",
        "hashtags": []
    },
    {
        "rest_id": "1151983143412330496",
        "like_count": 0,
        "quote_count": 0,
        "reply_count": 0,
        "retweet_count": 0,
        "bookmark_count": 0,
        "content": "@TopGunMovie @TomCruise I don\u2019t know what it means but I like it!",
        "hashtags": []
    },
    {
        "rest_id": "1155193716539383815",
        "like_count": 0,
        "quote_count": 0,
        "reply_count": 0,
        "retweet_count": 0,
        "bookmark_count": 0,
        "content": "@TopGunMovie @TomCruise https://t.co/drdCflVTPQ",
        "hashtags": []
    },
    {
        "rest_id": "1151950229530300416",
        "like_count": 3,
        "quote_count": 0,
        "reply_count": 1,
        "retweet_count": 0,
        "bookmark_count": 0,
        "content": "@TopGunMovie @TomCruise I feel the need ... @katyscarlett_ @mcjunkin_colin @TreyMcJunkin @C_Lulu3 #TopGun",
        "hashtags": [
            {
                "indices": [98, 105],
                "text": "TopGun"
            }
        ]
    },
    {
        "rest_id": "1151956578360287233",
        "like_count": 0,
        "quote_count": 0,
        "reply_count": 3,
        "retweet_count": 0,
        "bookmark_count": 0,
        "content": "@TopGunMovie @TomCruise @R08BO Another movie to not watch...!! \ud83d\ude43",
        "hashtags": []
    },
    {
        "rest_id": "1152119247243341824",
        "like_count": 0,
        "quote_count": 0,
        "reply_count": 0,
        "retweet_count": 0,
        "bookmark_count": 0,
        "content": "@TopGunMovie @TomCruise agghh, hellz yeah...",
        "hashtags": []
    },
    {
        "rest_id": "1151967584398532611",
        "like_count": 1,
        "quote_count": 0,
        "reply_count": 1,
        "retweet_count": 0,
        "bookmark_count": 0,
        "content": "@TopGunMovie @ryanhxc @TomCruise How\u2019d they get Tom Cruise to look soo old?!? #Faceapp",
        "hashtags": [
            {
                "indices": [78, 86],
                "text": "Faceapp"
            }
        ]
    },
    {
        "rest_id": "1153497729429049345",
        "like_count": 0,
        "quote_count": 0,
        "reply_count": 0,
        "retweet_count": 0,
        "bookmark_count": 0,
        "content": "@TopGunMovie @TomCruise Sponsored by China.",
        "hashtags": []
    },
    {
        "rest_id": "1151986613481639938",
        "like_count": 0,
        "quote_count": 0,
        "reply_count": 0,
        "retweet_count": 0,
        "bookmark_count": 0,
        "content": "@TopGunMovie @TomCruise Boom::.. can\u2019t wait",
        "hashtags": []
    },
    {
        "rest_id": "1151978630299435013",
        "like_count": 1,
        "quote_count": 0,
        "reply_count": 0,
        "retweet_count": 0,
        "bookmark_count": 0,
        "content": "@TopGunMovie @TomCruise @LRI44",
        "hashtags": []
    },
    {
        "rest_id": "1151944122443415552",
        "like_count": 19,
        "quote_count": 0,
        "reply_count": 8,
        "retweet_count": 1,
        "bookmark_count": 0,
        "content": "@TopGunMovie @ExtremeZollar @TomCruise Shoulda made that deal with the devil Kelly. https://t.co/xagCJ8OCSC",
        "hashtags": []
    },
    {
        "rest_id": "1151970885676310528",
        "like_count": 11,
        "quote_count": 0,
        "reply_count": 1,
        "retweet_count": 2,
        "bookmark_count": 0,
        "content": "@TopGunMovie @TomCruise If I don't hear that Tom Cruise learned to fly the F18 Super Hornet I am not going...... https://t.co/27V2ebZnSx",
        "hashtags": []
    },
    {
        "rest_id": "1151949428305092610",
        "like_count": 2,
        "quote_count": 0,
        "reply_count": 0,
        "retweet_count": 0,
        "bookmark_count": 0,
        "content": "@TopGunMovie @TomCruise \u201ccall Kenny Loggins, cause you\u2019re in the DANGER ZONE\u201d https://t.co/IZ5RjA65ip",
        "hashtags": []
    },
    {
        "rest_id": "1151965154923438080",
        "like_count": 0,
        "quote_count": 0,
        "reply_count": 1,
        "retweet_count": 0,
        "bookmark_count": 0,
        "content": "@TopGunMovie @TomCruise @kfish0711",
        "hashtags": []
    },
    {
        "rest_id": "1151973619909713920",
        "like_count": 1,
        "quote_count": 0,
        "reply_count": 0,
        "retweet_count": 0,
        "bookmark_count": 0,
        "content": "@TopGunMovie @TomCruise @frankievolved",
        "hashtags": []
    },
    {
        "rest_id": "1151946852100714496",
        "like_count": 1,
        "quote_count": 0,
        "reply_count": 1,
        "retweet_count": 0,
        "bookmark_count": 0,
        "content": "@TopGunMovie @TomCruise @hol_bens",
        "hashtags": []
    },
    {
        "rest_id": "1151935143503962113",
        "like_count": 0,
        "quote_count": 0,
        "reply_count": 1,
        "retweet_count": 0,
        "bookmark_count": 0,
        "content": "@TopGunMovie @Skydance @TomCruise YES!!!!!! \ud83e\udd17\ud83e\udd17\ud83e\udd17\ud83e\udd17",
        "hashtags": []
    },
    {
        "rest_id": "1152034860401192962",
        "like_count": 0,
        "quote_count": 0,
        "reply_count": 0,
        "retweet_count": 0,
        "bookmark_count": 0,
        "content": "@TopGunMovie @TomCruise Looks great on a 56 inch display!",
        "hashtags": []
    },
    {
        "rest_id": "1151963589818761216",
        "like_count": 2,
        "quote_count": 0,
        "reply_count": 1,
        "retweet_count": 0,
        "bookmark_count": 0,
        "content": "@TopGunMovie @TomCruise @SievertMike hmmm you think the @USSMidwayMuseum will be hosting a release party?!? \ud83d\ude0e\ud83e\udd1e\ud83c\udffc\ud83d\ude0e\ud83e\udd1e\ud83c\udffc\ud83d\ude0e\ud83e\udd1e\ud83c\udffc",
        "hashtags": []
    },
    {
        "rest_id": "1151961118006546432",
        "like_count": 37,
        "quote_count": 0,
        "reply_count": 3,
        "retweet_count": 4,
        "bookmark_count": 0,
        "content": "@TopGunMovie @TomCruise Me .... literally https://t.co/zBZOaGLxN9",
        "hashtags": []
    },
    {
        "rest_id": "1151966358550171648",
        "like_count": 55,
        "quote_count": 0,
        "reply_count": 0,
        "retweet_count": 15,
        "bookmark_count": 0,
        "content": "@AJASONLENAR @TomCruise Grab your gear, the trailer is here. #TopGun https://t.co/jmciL75PYC",
        "hashtags": [
            {
                "indices": [61, 68],
                "text": "TopGun"
            }
        ]
    },
    {
        "rest_id": "1151938577074479105",
        "like_count": 11,
        "quote_count": 0,
        "reply_count": 1,
        "retweet_count": 1,
        "bookmark_count": 0,
        "content": "@TopGunMovie @TomCruise YESSSSS this looks AWESOME \ud83d\ude0e\u2708\ufe0f https://t.co/8SlOR3UrkD",
        "hashtags": []
    },
    {
        "rest_id": "1151965790582845440",
        "like_count": 2,
        "quote_count": 0,
        "reply_count": 1,
        "retweet_count": 0,
        "bookmark_count": 0,
        "content": "@TopGunMovie @TomCruise 55 and bossing the F-14 bruh \ud83d\ude4c hope ICEMAN still in it \ud83d\udd25\ud83d\udd25",
        "hashtags": []
    },
    {
        "rest_id": "1151944166407991296",
        "like_count": 33,
        "quote_count": 0,
        "reply_count": 1,
        "retweet_count": 1,
        "bookmark_count": 1,
        "content": "@TopGunMovie @TomCruise https://t.co/HO2WJef5Gp",
        "hashtags": []
    },
    {
        "rest_id": "1151948897704644609",
        "like_count": 1,
        "quote_count": 0,
        "reply_count": 1,
        "retweet_count": 0,
        "bookmark_count": 0,
        "content": "@TopGunMovie @TomCruise @jago9139",
        "hashtags": []
    },
    {
        "rest_id": "1153989302503845888",
        "like_count": 0,
        "quote_count": 0,
        "reply_count": 0,
        "retweet_count": 0,
        "bookmark_count": 0,
        "content": "@TopGunMovie @TomCruise Kick-Ass",
        "hashtags": []
    },
    {
        "rest_id": "1151976353870286854",
        "like_count": 148,
        "quote_count": 1,
        "reply_count": 1,
        "retweet_count": 4,
        "bookmark_count": 0,
        "content": "@TopGunMovie @TomCruise You\u2019re missing about 2.5 minutes of Kenny Loggins",
        "hashtags": []
    },
    {
        "rest_id": "1151940319442800642",
        "like_count": 37,
        "quote_count": 1,
        "reply_count": 21,
        "retweet_count": 2,
        "bookmark_count": 1,
        "content": "@TopGunMovie @TomCruise Is Maverick gonna tap this again? https://t.co/Swbs0T4Hbn",
        "hashtags": []
    },
    {
        "rest_id": "1151958010366795776",
        "like_count": 1,
        "quote_count": 0,
        "reply_count": 1,
        "retweet_count": 0,
        "bookmark_count": 0,
        "content": "@TopGunMovie @TomCruise @Kells47",
        "hashtags": []
    },
    {
        "rest_id": "1151936717533929472",
        "like_count": 20,
        "quote_count": 0,
        "reply_count": 4,
        "retweet_count": 9,
        "bookmark_count": 0,
        "content": "@TopGunMovie @TomCruise .\nRate the #TopGunMaverick trailer? \ud83d\udc40\ud83d\udd76\ufe0f\u261d\ufe0f",
        "hashtags": [
            {
                "indices": [35, 50],
                "text": "TopGunMaverick"
            }
        ]
    },
    {
        "rest_id": "1151960690619555841",
        "like_count": 2,
        "quote_count": 0,
        "reply_count": 0,
        "retweet_count": 0,
        "bookmark_count": 0,
        "content": "@TopGunMovie @TomCruise Rt \ud83c\uddfa\ud83c\uddf8\ud83c\uddfa\ud83c\uddf8\ud83c\uddfa\ud83c\uddf8 Watch the official trailer for #TopGun: Maverick starring @TomCruise. In theatres 2020. https://t.co/BBlQnnYDBT",
        "hashtags": [
            {
                "indices": [65, 72],
                "text": "TopGun"
            }
        ]
    },
    {
        "rest_id": "1151965651814244357",
        "like_count": 1,
        "quote_count": 0,
        "reply_count": 0,
        "retweet_count": 0,
        "bookmark_count": 0,
        "content": "@TopGunMovie @TomCruise @CFinch22 @Colewells88  inject this straight into my veins.",
        "hashtags": []
    },
    {
        "rest_id": "1151947080488902657",
        "like_count": 1,
        "quote_count": 0,
        "reply_count": 1,
        "retweet_count": 0,
        "bookmark_count": 0,
        "content": "@TopGunMovie @TomCruise That actually looks superb",
        "hashtags": []
    },
    {
        "rest_id": "1151949890219597825",
        "like_count": 0,
        "quote_count": 0,
        "reply_count": 0,
        "retweet_count": 0,
        "bookmark_count": 0,
        "content": "@TopGunMovie @TomCruise *looking around to see who asked for this* https://t.co/F2gb3GCPUN",
        "hashtags": []
    },
    {
        "rest_id": "1151934942034706433",
        "like_count": 2,
        "quote_count": 0,
        "reply_count": 0,
        "retweet_count": 0,
        "bookmark_count": 0,
        "content": "@TopGunMovie @TomCruise Let's go! #TopGun https://t.co/msPJWXz0XU",
        "hashtags": [
            {
                "indices": [34, 41],
                "text": "TopGun"
            }
        ]
    },
    {
        "rest_id": "1151979532150353921",
        "like_count": 3,
        "quote_count": 0,
        "reply_count": 1,
        "retweet_count": 0,
        "bookmark_count": 0,
        "content": "@TopGunMovie @TomCruise @kmoncol are you ready for this #ifeeltheneed",
        "hashtags": [
            {
                "indices": [56, 69],
                "text": "ifeeltheneed"
            }
        ]
    },
    {
        "rest_id": "1151953575679070210",
        "like_count": 2,
        "quote_count": 0,
        "reply_count": 1,
        "retweet_count": 0,
        "bookmark_count": 0,
        "content": "@TopGunMovie @TomCruise What made the original was the real footage. Blatantly obvious CGI has already ruined it before I've even seen it.",
        "hashtags": []
    },
    {
        "rest_id": "1151938770805170176",
        "like_count": 36,
        "quote_count": 0,
        "reply_count": 1,
        "retweet_count": 3,
        "bookmark_count": 0,
        "content": "@TopGunMovie @TomCruise Beach volleyball and karaoke ok I\u2019m down https://t.co/sFGDeSqtNL",
        "hashtags": []
    },
    {
        "rest_id": "1151965095833956352",
        "like_count": 0,
        "quote_count": 0,
        "reply_count": 1,
        "retweet_count": 0,
        "bookmark_count": 0,
        "content": "@TopGunMovie @kevinfberthoud @TomCruise https://t.co/tURJatr1iI",
        "hashtags": []
    },
    {
        "rest_id": "1151965763210743808",
        "like_count": 30,
        "quote_count": 0,
        "reply_count": 2,
        "retweet_count": 1,
        "bookmark_count": 0,
        "content": "@TopGunMovie @TomCruise Take all my money and make this a National Holiday.",
        "hashtags": []
    },
    {
        "rest_id": "1151975367575506945",
        "like_count": 5,
        "quote_count": 0,
        "reply_count": 2,
        "retweet_count": 0,
        "bookmark_count": 0,
        "content": "@TopGunMovie @TomCruise When do we find out that Tom Cruise is actually flying the jet in this movie?",
        "hashtags": []
    },
    {
        "rest_id": "1151943210832412673",
        "like_count": 9,
        "quote_count": 0,
        "reply_count": 0,
        "retweet_count": 1,
        "bookmark_count": 0,
        "content": "@TopGunMovie @TomCruise WOW",
        "hashtags": []
    },
    {
        "rest_id": "1151985270721396736",
        "like_count": 4,
        "quote_count": 0,
        "reply_count": 2,
        "retweet_count": 0,
        "bookmark_count": 0,
        "content": "@TopGunMovie @TomCruise Ready! #TopGun",
        "hashtags": [
            {
                "indices": [31, 38],
                "text": "TopGun"
            }
        ]
    },
    {
        "rest_id": "1151939746551226370",
        "like_count": 0,
        "quote_count": 0,
        "reply_count": 1,
        "retweet_count": 0,
        "bookmark_count": 0,
        "content": "@TopGunMovie @TomCruise @ChrisRothweiler Get. Ready.",
        "hashtags": []
    },
    {
        "rest_id": "1157356002452430852",
        "like_count": 0,
        "quote_count": 0,
        "reply_count": 0,
        "retweet_count": 0,
        "bookmark_count": 0,
        "content": "@TopGunMovie @TomCruise Been a long time coming. Sure to be a huge hit https://t.co/xHE0mYNzG1",
        "hashtags": []
    },
    {
        "rest_id": "1152276529549758466",
        "like_count": 0,
        "quote_count": 0,
        "reply_count": 0,
        "retweet_count": 0,
        "bookmark_count": 0,
        "content": "@TopGunMovie @TomCruise \ud83c\udfb6 Highway to the danger zone\nI'll take you\nRidin' into the danger zone \ud83c\udfb6\n\nYES!! DO A BARREL ROLL!! Wrong franchise...",
        "hashtags": []
    },
    {
        "rest_id": "1151980993387147264",
        "like_count": 6,
        "quote_count": 0,
        "reply_count": 0,
        "retweet_count": 2,
        "bookmark_count": 0,
        "content": "@TopGunMovie @TomCruise What amazes me is, that Cruise ensured that no CGI was used at all for the flights and dog fights \ud83d\ude4c\nReal machines, real maneuvers\ud83d\udc4c",
        "hashtags": []
    },
    {
        "rest_id": "1151937373820870658",
        "like_count": 32,
        "quote_count": 0,
        "reply_count": 1,
        "retweet_count": 0,
        "bookmark_count": 0,
        "content": "@TopGunMovie @TomCruise https://t.co/uYeGCdPVUr",
        "hashtags": []
    },
    {
        "rest_id": "1151942178605850624",
        "like_count": 2,
        "quote_count": 0,
        "reply_count": 0,
        "retweet_count": 0,
        "bookmark_count": 0,
        "content": "@TopGunMovie @TomCruise Gotta watch the first ASAP but looks awesome ! https://t.co/tdCQtCCCMg",
        "hashtags": []
    },
    {
        "rest_id": "1151976084575051776",
        "like_count": 8,
        "quote_count": 0,
        "reply_count": 0,
        "retweet_count": 0,
        "bookmark_count": 0,
        "content": "@TopGunMovie @TomCruise I was seven when the original came out. My daughter will be 6 when this comes out. I wonder if Mav will spark a twenty year career in the military for her too.",
        "hashtags": []
    },
    {
        "rest_id": "1151970473514799104",
        "like_count": 2,
        "quote_count": 0,
        "reply_count": 1,
        "retweet_count": 0,
        "bookmark_count": 0,
        "content": "@TopGunMovie @sparkysuperbike @TomCruise Oh my fucking god.... he\u2019s inverted!!!!! \ud83d\ude31\ud83e\udd23 I CAN NOT WAIT \ud83d\ude4c\ud83c\udffb\ud83d\ude4c\ud83c\udffb\ud83d\ude4c\ud83c\udffb\ud83d\ude4c\ud83c\udffb\ud83d\ude4c\ud83c\udffb\ud83d\ude4c\ud83c\udffb\ud83d\ude4c\ud83c\udffb\ud83d\ude4c\ud83c\udffb",
        "hashtags": []
    },
    {
        "rest_id": "1151979283226562560",
        "like_count": 0,
        "quote_count": 0,
        "reply_count": 0,
        "retweet_count": 0,
        "bookmark_count": 0,
        "content": "@TopGunMovie @TomCruise Can't wait for this! #TopGunMaverick #TopGun2 #Maverick",
        "hashtags": [
            {
                "indices": [45, 60],
                "text": "TopGunMaverick"
            },
            {
                "indices": [61, 69],
                "text": "TopGun2"
            },
            {
                "indices": [70, 79],
                "text": "Maverick"
            }
        ]
    },
    {
        "rest_id": "1151949932410101760",
        "like_count": 9,
        "quote_count": 0,
        "reply_count": 0,
        "retweet_count": 0,
        "bookmark_count": 0,
        "content": "@TopGunMovie @L0wfive @TomCruise https://t.co/pXGk9Rq4ky",
        "hashtags": []
    },
    {
        "rest_id": "1151940399101034497",
        "like_count": 232,
        "quote_count": 2,
        "reply_count": 34,
        "retweet_count": 3,
        "bookmark_count": 2,
        "content": "@TopGunMovie @TomCruise Also one of life\u2019s mysteries: \nHow at the age of 55 he is still actively flying fighter jets.",
        "hashtags": []
    },
    {
        "rest_id": "1151969144868343809",
        "like_count": 3,
        "quote_count": 0,
        "reply_count": 0,
        "retweet_count": 1,
        "bookmark_count": 0,
        "content": "@TopGunMovie @TomCruise Nostalgia checklist\u2714\ufe0fDressing down by senior\u2714\ufe0fMotorbike next to runway at sunset\u2714\ufe0f Pensive Maverick in silhouette on carrier\u2714\ufe0f bar singalong\u2714\ufe0f bro-mantic beach scene",
        "hashtags": []
    },
    {
        "rest_id": "1155193572678885378",
        "like_count": 0,
        "quote_count": 0,
        "reply_count": 0,
        "retweet_count": 0,
        "bookmark_count": 0,
        "content": "@TopGunMovie @TomCruise Yes yes yes!!!",
        "hashtags": []
    },
    {
        "rest_id": "1151936812073570304",
        "like_count": 1,
        "quote_count": 0,
        "reply_count": 0,
        "retweet_count": 0,
        "bookmark_count": 0,
        "content": "@TopGunMovie @roybelly @TomCruise I gotta wait a year for this? \ud83e\udd26\u200d\u2642\ufe0f  Something to look forward to I guess. #TopGun #Maverick https://t.co/kexkaAewAG",
        "hashtags": [
            {
                "indices": [108, 115],
                "text": "TopGun"
            },
            {
                "indices": [116, 125],
                "text": "Maverick"
            }
        ]
    },
    {
        "rest_id": "1151971772398493696",
        "like_count": 1,
        "quote_count": 0,
        "reply_count": 1,
        "retweet_count": 0,
        "bookmark_count": 0,
        "content": "@TopGunMovie @TomCruise @Ell_Mase11",
        "hashtags": []
    },
    {
        "rest_id": "1151939912184270849",
        "like_count": 6,
        "quote_count": 0,
        "reply_count": 1,
        "retweet_count": 0,
        "bookmark_count": 0,
        "content": "@TopGunMovie @TheDEWLine @TomCruise F-14 &gt;&gt;&gt;&gt;&gt;&gt; F/A-18",
        "hashtags": []
    },
    {
        "rest_id": "1151958169222037505",
        "like_count": 6,
        "quote_count": 0,
        "reply_count": 3,
        "retweet_count": 0,
        "bookmark_count": 0,
        "content": "@TopGunMovie @TomCruise Where is Goose?",
        "hashtags": []
    },
    {
        "rest_id": "1152026665045745664",
        "like_count": 1,
        "quote_count": 0,
        "reply_count": 1,
        "retweet_count": 0,
        "bookmark_count": 0,
        "content": "@TopGunMovie @TomCruise @bradynord yo your fav 80s movie is getting a sequel!  If the song danger zone isn\u2019t in it I\u2019m not interested",
        "hashtags": []
    },
    {
        "rest_id": "1151936201475141632",
        "like_count": 61,
        "quote_count": 0,
        "reply_count": 1,
        "retweet_count": 5,
        "bookmark_count": 1,
        "content": "@TopGunMovie @TomCruise https://t.co/ZjsVP4iovW",
        "hashtags": []
    },
    {
        "rest_id": "1151940537114644480",
        "like_count": 1,
        "quote_count": 0,
        "reply_count": 1,
        "retweet_count": 0,
        "bookmark_count": 0,
        "content": "@TopGunMovie @TomCruise @jackkenny5",
        "hashtags": []
    },
    {
        "rest_id": "1151954591853867008",
        "like_count": 0,
        "quote_count": 0,
        "reply_count": 1,
        "retweet_count": 0,
        "bookmark_count": 0,
        "content": "@TopGunMovie @TomCruise I am struggling over this. I do love the Mav, but I am on the fence on this one. But I still will give it a proper shot. #topgunmaverick",
        "hashtags": [
            {
                "indices": [145, 160],
                "text": "topgunmaverick"
            }
        ]
    },
    {
        "rest_id": "1151937526187331584",
        "like_count": 437,
        "quote_count": 2,
        "reply_count": 2,
        "retweet_count": 18,
        "bookmark_count": 0,
        "content": "@TopGunMovie @TomCruise https://t.co/iACNLWiymX",
        "hashtags": []
    },
    {
        "rest_id": "1151961165540388865",
        "like_count": 1,
        "quote_count": 0,
        "reply_count": 1,
        "retweet_count": 0,
        "bookmark_count": 0,
        "content": "@TopGunMovie @TomCruise @MaverickSchlief",
        "hashtags": []
    },
    {
        "rest_id": "1155194513801043968",
        "like_count": 0,
        "quote_count": 0,
        "reply_count": 0,
        "retweet_count": 0,
        "bookmark_count": 0,
        "content": "@TopGunMovie @TomCruise Me and my gf in jr high watched this movie so many times one summer.  We would play the volleyball scene in slow motion\ud83d\ude06\ud83d\ude09\ud83d\ude0a\ud83d\ude04 \ud83d\ude0e  #topgun",
        "hashtags": [
            {
                "indices": [151, 158],
                "text": "topgun"
            }
        ]
    },
    {
        "rest_id": "1151954549441064960",
        "like_count": 1,
        "quote_count": 0,
        "reply_count": 1,
        "retweet_count": 0,
        "bookmark_count": 0,
        "content": "@TopGunMovie @Garufox @TomCruise EtZigo un remake de Danger Zone de Kenny Loggins para que esta secuela sea perfecta :3",
        "hashtags": []
    },
    {
        "rest_id": "1151991344396509184",
        "like_count": 2,
        "quote_count": 0,
        "reply_count": 1,
        "retweet_count": 0,
        "bookmark_count": 0,
        "content": "@TopGunMovie @TheHungryFan @TomCruise https://t.co/DDqsRaV5j5",
        "hashtags": []
    },
    {
        "rest_id": "1152036402835574784",
        "like_count": 0,
        "quote_count": 0,
        "reply_count": 1,
        "retweet_count": 0,
        "bookmark_count": 0,
        "content": "@JoeSilverman7 @Zo_bo_fo_sho @TopGunMovie @TomCruise The hard deck for this hop was 10,000 feet. You knew it, you broke it. You followed Commander Heatherly below after he lost sight of you and called no joy....",
        "hashtags": []
    },
    {
        "rest_id": "1151966731260321808",
        "like_count": 1,
        "quote_count": 0,
        "reply_count": 1,
        "retweet_count": 0,
        "bookmark_count": 0,
        "content": "@TopGunMovie @TomCruise @S7OCKY I feel the need. The need for speed!!",
        "hashtags": []
    },
    {
        "rest_id": "1151961820871028736",
        "like_count": 62,
        "quote_count": 0,
        "reply_count": 1,
        "retweet_count": 16,
        "bookmark_count": 0,
        "content": "@barbara_gajardo @TomCruise Welcome back to Top Gun. #TopGun https://t.co/Gtw8abHVq5",
        "hashtags": [
            {
                "indices": [53, 60],
                "text": "TopGun"
            }
        ]
    },
    {
        "rest_id": "1151956001580572675",
        "like_count": 1,
        "quote_count": 0,
        "reply_count": 0,
        "retweet_count": 0,
        "bookmark_count": 0,
        "content": "@TopGunMovie @TomCruise https://t.co/dLWlt2ialY",
        "hashtags": []
    },
    {
        "rest_id": "1151986032365199367",
        "like_count": 0,
        "quote_count": 0,
        "reply_count": 0,
        "retweet_count": 0,
        "bookmark_count": 0,
        "content": "@TopGunMovie @TomCruise Can't wait.",
        "hashtags": []
    },
    {
        "rest_id": "1151982969600524288",
        "like_count": 3,
        "quote_count": 0,
        "reply_count": 1,
        "retweet_count": 2,
        "bookmark_count": 0,
        "content": "@TopGunMovie @YoSoyAlexLopez https://t.co/za6iUgeXSQ",
        "hashtags": []
    },
    {
        "rest_id": "1151955167295807488",
        "like_count": 1,
        "quote_count": 0,
        "reply_count": 1,
        "retweet_count": 1,
        "bookmark_count": 0,
        "content": "@TopGunMovie @TomCruise @t0phjelly it\u2019s happening dude, it\u2019s happening",
        "hashtags": []
    },
    {
        "rest_id": "1151956317965357056",
        "like_count": 1,
        "quote_count": 0,
        "reply_count": 1,
        "retweet_count": 0,
        "bookmark_count": 0,
        "content": "@TopGunMovie @TomCruise @9_J85",
        "hashtags": []
    },
    {
        "rest_id": "1151964583076225039",
        "like_count": 3,
        "quote_count": 0,
        "reply_count": 1,
        "retweet_count": 0,
        "bookmark_count": 0,
        "content": "@TopGunMovie @TomCruise https://t.co/X22wDHwTwm",
        "hashtags": []
    },
    {
        "rest_id": "1151960941178888192",
        "like_count": 0,
        "quote_count": 0,
        "reply_count": 1,
        "retweet_count": 0,
        "bookmark_count": 0,
        "content": "@TopGunMovie @TomCruise @BrianMogensen !!!!!!!!!",
        "hashtags": []
    },
    {
        "rest_id": "1152079069418151942",
        "like_count": 0,
        "quote_count": 0,
        "reply_count": 0,
        "retweet_count": 0,
        "bookmark_count": 0,
        "content": "@TopGunMovie @TomCruise I approve!",
        "hashtags": []
    },
    {
        "rest_id": "1152174548013465600",
        "like_count": 0,
        "quote_count": 0,
        "reply_count": 0,
        "retweet_count": 0,
        "bookmark_count": 0,
        "content": "@TopGunMovie @TomCruise @DownloaderBot",
        "hashtags": []
    },
    {
        "rest_id": "1151951008219717633",
        "like_count": 1,
        "quote_count": 0,
        "reply_count": 2,
        "retweet_count": 0,
        "bookmark_count": 0,
        "content": "@TopGunMovie @TomCruise @TheProduct410 @Joeybonzs94 @dwright0660 yes right?",
        "hashtags": []
    },
    {
        "rest_id": "1151970524781850625",
        "like_count": 0,
        "quote_count": 0,
        "reply_count": 2,
        "retweet_count": 0,
        "bookmark_count": 0,
        "content": "@TopGunMovie @TomCruise Jesus how fucking long is this ad...",
        "hashtags": []
    },
    {
        "rest_id": "1151967250976518144",
        "like_count": 1,
        "quote_count": 0,
        "reply_count": 1,
        "retweet_count": 0,
        "bookmark_count": 0,
        "content": "@TopGunMovie @TomCruise @JobmanAg Get the aviators out.",
        "hashtags": []
    },
    {
        "rest_id": "1152209021539168256",
        "like_count": 0,
        "quote_count": 0,
        "reply_count": 0,
        "retweet_count": 0,
        "bookmark_count": 0,
        "content": "@TopGunMovie @TomCruise Already looks better than any Star Wars movie in the past twenty years.",
        "hashtags": []
    },
    {
        "rest_id": "1151973663975104512",
        "like_count": 0,
        "quote_count": 0,
        "reply_count": 1,
        "retweet_count": 0,
        "bookmark_count": 0,
        "content": "@TopGunMovie @TomCruise @SkylorpWasHere",
        "hashtags": []
    },
    {
        "rest_id": "1151965056046915585",
        "like_count": 2,
        "quote_count": 0,
        "reply_count": 1,
        "retweet_count": 0,
        "bookmark_count": 0,
        "content": "@TopGunMovie @TomCruise Those flight scenes \ud83d\ude0d and is that the F14 at the very end \ud83e\udd14",
        "hashtags": []
    },
    {
        "rest_id": "1151986284665004032",
        "like_count": 0,
        "quote_count": 0,
        "reply_count": 0,
        "retweet_count": 0,
        "bookmark_count": 0,
        "content": "@TopGunMovie @TomCruise Goose comes back from the dead to settle the score in Top Gun Maverick part 2 https://t.co/aLcZ977fTQ",
        "hashtags": []
    },
    {
        "rest_id": "1151943896106246144",
        "like_count": 0,
        "quote_count": 0,
        "reply_count": 1,
        "retweet_count": 0,
        "bookmark_count": 0,
        "content": "@TopGunMovie @TomCruise She\u2019s lost that loving feeling @mikemcgee4",
        "hashtags": []
    },
    {
        "rest_id": "1151963756697702400",
        "like_count": 1,
        "quote_count": 0,
        "reply_count": 1,
        "retweet_count": 0,
        "bookmark_count": 0,
        "content": "@TopGunMovie @TomCruise @dkoakley1 @dkoakley1 @dkoakley1 @dkoakley1 @dkoakley1",
        "hashtags": []
    },
    {
        "rest_id": "1151982167552978944",
        "like_count": 0,
        "quote_count": 0,
        "reply_count": 0,
        "retweet_count": 0,
        "bookmark_count": 0,
        "content": "@TopGunMovie @TomCruise Because I was inverted....",
        "hashtags": []
    },
    {
        "rest_id": "1151965725348782080",
        "like_count": 3,
        "quote_count": 0,
        "reply_count": 0,
        "retweet_count": 1,
        "bookmark_count": 0,
        "content": "@TopGunMovie @TomCruise Anyone know where I can get my aviator leather jacket altered? Bought it after Top Gun. Damn thing must have shrunk.",
        "hashtags": []
    },
    {
        "rest_id": "1151977736715538432",
        "like_count": 8,
        "quote_count": 0,
        "reply_count": 1,
        "retweet_count": 1,
        "bookmark_count": 0,
        "content": "@TopGunMovie @TomCruise Let\u2019s freakin go",
        "hashtags": []
    },
    {
        "rest_id": "1151938501098840066",
        "like_count": 3,
        "quote_count": 0,
        "reply_count": 1,
        "retweet_count": 0,
        "bookmark_count": 0,
        "content": "@TopGunMovie @Nicolebelleca @TomCruise no Val Kilmer",
        "hashtags": []
    },
    {
        "rest_id": "1151952361402851329",
        "like_count": 1,
        "quote_count": 0,
        "reply_count": 1,
        "retweet_count": 0,
        "bookmark_count": 0,
        "content": "@TopGunMovie @TomCruise @csteedar @MickySillence",
        "hashtags": []
    },
    {
        "rest_id": "1151953648756363265",
        "like_count": 1,
        "quote_count": 0,
        "reply_count": 0,
        "retweet_count": 0,
        "bookmark_count": 0,
        "content": "@TopGunMovie @TomCruise Easily one of the BEST trailers of the year!\ud83d\ude2d\ud83d\ude0d #TopGun #SDCC",
        "hashtags": [
            {
                "indices": [71, 78],
                "text": "TopGun"
            },
            {
                "indices": [79, 84],
                "text": "SDCC"
            }
        ]
    },
    {
        "rest_id": "1151951601952808960",
        "like_count": 4,
        "quote_count": 0,
        "reply_count": 0,
        "retweet_count": 1,
        "bookmark_count": 0,
        "content": "@TopGunMovie @TomCruise \u201cThat\u2019s right! I am dangerous.\u201d https://t.co/71KHdMnJ3n",
        "hashtags": []
    },
    {
        "rest_id": "1151941833045336064",
        "like_count": 10,
        "quote_count": 0,
        "reply_count": 2,
        "retweet_count": 0,
        "bookmark_count": 0,
        "content": "@TopGunMovie @TomCruise Wasn't the first one bad enough?",
        "hashtags": []
    },
    {
        "rest_id": "1151960820219305984",
        "like_count": 0,
        "quote_count": 0,
        "reply_count": 1,
        "retweet_count": 0,
        "bookmark_count": 0,
        "content": "@TopGunMovie @TomCruise @VikeMought  duhhhhhh",
        "hashtags": []
    },
    {
        "rest_id": "1151968545988927488",
        "like_count": 1,
        "quote_count": 0,
        "reply_count": 2,
        "retweet_count": 0,
        "bookmark_count": 0,
        "content": "@TopGunMovie @TomCruise Wow",
        "hashtags": []
    },
    {
        "rest_id": "1151963949841158145",
        "like_count": 0,
        "quote_count": 0,
        "reply_count": 1,
        "retweet_count": 0,
        "bookmark_count": 0,
        "content": "@TopGunMovie @TomCruise @MatronDykes",
        "hashtags": []
    },
    {
        "rest_id": "1151967239127654401",
        "like_count": 1,
        "quote_count": 0,
        "reply_count": 0,
        "retweet_count": 0,
        "bookmark_count": 0,
        "content": "@TopGunMovie @TomCruise \ud83d\ude0e https://t.co/OpqBfKAs29",
        "hashtags": []
    },
    {
        "rest_id": "1151970076964327425",
        "like_count": 1,
        "quote_count": 0,
        "reply_count": 0,
        "retweet_count": 1,
        "bookmark_count": 0,
        "content": "@TopGunMovie @TomCruise Thank you for this https://t.co/qMDYt4UTuQ",
        "hashtags": []
    },
    {
        "rest_id": "1151940921199665154",
        "like_count": 3,
        "quote_count": 0,
        "reply_count": 1,
        "retweet_count": 0,
        "bookmark_count": 0,
        "content": "@TopGunMovie @TomCruise Whaaaaaaat???? \u2764\ufe0f\u2764\ufe0f\u2764\ufe0f\u2764\ufe0f\u2764\ufe0f\ud83e\udd70\ud83e\udd70\u2764\ufe0f",
        "hashtags": []
    },
    {
        "rest_id": "1151938449341071360",
        "like_count": 0,
        "quote_count": 0,
        "reply_count": 1,
        "retweet_count": 0,
        "bookmark_count": 0,
        "content": "@TopGunMovie @TomCruise @JustCallMeMav",
        "hashtags": []
    },
    {
        "rest_id": "1151967186703015959",
        "like_count": 1,
        "quote_count": 0,
        "reply_count": 0,
        "retweet_count": 0,
        "bookmark_count": 0,
        "content": "@TopGunMovie @TomCruise Watching this trailer and all I can think is how much stunt work did Tom Cruise do in the making of the film knowing what he\u2019s like. I wonder if he flew the jets or if it was cgi. Can\u2019t wait for the film release though.",
        "hashtags": []
    },
    {
        "rest_id": "1151935419933577216",
        "like_count": 10,
        "quote_count": 0,
        "reply_count": 1,
        "retweet_count": 0,
        "bookmark_count": 0,
        "content": "@TopGunMovie @Skydance @TomCruise I feel the need...",
        "hashtags": []
    },
    {
        "rest_id": "1151996880169005056",
        "like_count": 0,
        "quote_count": 0,
        "reply_count": 1,
        "retweet_count": 0,
        "bookmark_count": 0,
        "content": "@TopGunMovie @TomCruise @CoachTTrickett smh",
        "hashtags": []
    },
    {
        "rest_id": "1151981215483748352",
        "like_count": 36,
        "quote_count": 0,
        "reply_count": 0,
        "retweet_count": 2,
        "bookmark_count": 0,
        "content": "@TopGunMovie @TomCruise Beat up Justin Bieber before retirement.",
        "hashtags": []
    },
    {
        "rest_id": "1151959278095179776",
        "like_count": 40,
        "quote_count": 2,
        "reply_count": 19,
        "retweet_count": 6,
        "bookmark_count": 0,
        "content": "@TopGunMovie @TomCruise Ok Aviation Geeks.  I screencapped this from 1:24 in the trailer.  A: Mav clearly wearing a pressure suit not normal flight suit(and we see him with the neck ring two other scenes).  B: WTF is that cockpit? Assuming not made up. It\u2019s apparently not F-14, 18, 18E/F, 35, 22, 16. ?? https://t.co/kXxOf0UQmE",
        "hashtags": []
    },
    {
        "rest_id": "1151943714136350720",
        "like_count": 126,
        "quote_count": 0,
        "reply_count": 18,
        "retweet_count": 2,
        "bookmark_count": 0,
        "content": "@TopGunMovie @TomCruise WE WANT ICEMAN",
        "hashtags": []
    },
    {
        "rest_id": "1151952052253319169",
        "like_count": 11,
        "quote_count": 0,
        "reply_count": 1,
        "retweet_count": 0,
        "bookmark_count": 0,
        "content": "@TopGunMovie @TomCruise @RAF_Luton will you be showing this in the NAAFI?",
        "hashtags": []
    },
    {
        "rest_id": "1151973960021684225",
        "like_count": 2,
        "quote_count": 0,
        "reply_count": 3,
        "retweet_count": 0,
        "bookmark_count": 0,
        "content": "@TopGunMovie @TomCruise \ud83d\udca9 \ud83d\udecf",
        "hashtags": []
    },
    {
        "rest_id": "1152045196487659520",
        "like_count": 0,
        "quote_count": 0,
        "reply_count": 0,
        "retweet_count": 0,
        "bookmark_count": 0,
        "content": "@TopGunMovie @TomCruise Was Maverick never promoted because he\u2019s flying around without any flight gloves on? https://t.co/3UKuT2CMgg",
        "hashtags": []
    },
    {
        "rest_id": "1152052405103661056",
        "like_count": 0,
        "quote_count": 0,
        "reply_count": 0,
        "retweet_count": 0,
        "bookmark_count": 0,
        "content": "@TopGunMovie @TomCruise Yes!!!",
        "hashtags": []
    },
    {
        "rest_id": "1151956151321419778",
        "like_count": 1,
        "quote_count": 0,
        "reply_count": 1,
        "retweet_count": 0,
        "bookmark_count": 0,
        "content": "@TopGunMovie @TomCruise @matta3009 \ud83d\ude31",
        "hashtags": []
    },
    {
        "rest_id": "1151954825229361152",
        "like_count": 1,
        "quote_count": 0,
        "reply_count": 1,
        "retweet_count": 0,
        "bookmark_count": 0,
        "content": "@TopGunMovie @TomCruise @SJCasey5 @Andy_Webb @ryangreedy Keen??",
        "hashtags": []
    },
    {
        "rest_id": "1151965190650519552",
        "like_count": 1,
        "quote_count": 0,
        "reply_count": 0,
        "retweet_count": 1,
        "bookmark_count": 0,
        "content": "@TopGunMovie @TomCruise Anyone else disappointed there isn't a shot of Tom outrunning a jet on foot?",
        "hashtags": []
    },
    {
        "rest_id": "1151943452118175744",
        "like_count": 1,
        "quote_count": 0,
        "reply_count": 1,
        "retweet_count": 0,
        "bookmark_count": 0,
        "content": "@TopGunMovie @chippie83 @TomCruise i CAN'T FREAKING WAIT!!! Can we buy tix now\ud83d\ude09",
        "hashtags": []
    },
    {
        "rest_id": "1152102129332396032",
        "like_count": 1,
        "quote_count": 0,
        "reply_count": 0,
        "retweet_count": 0,
        "bookmark_count": 0,
        "content": "@voss749 @jmdgregory @TopGunMovie @TomCruise IDF pilot retired at 60 I think. Had such good vision they checked radar with it. Most kills of any jet pilot ever.",
        "hashtags": []
    },
    {
        "rest_id": "1151966181043179520",
        "like_count": 1,
        "quote_count": 0,
        "reply_count": 1,
        "retweet_count": 0,
        "bookmark_count": 0,
        "content": "@TopGunMovie @TomCruise @fifi11c",
        "hashtags": []
    },
    {
        "rest_id": "1152010555369984000",
        "like_count": 0,
        "quote_count": 0,
        "reply_count": 0,
        "retweet_count": 0,
        "bookmark_count": 0,
        "content": "@TopGunMovie @TomCruise That was really good",
        "hashtags": []
    },
    {
        "rest_id": "1151952187448352769",
        "like_count": 2,
        "quote_count": 0,
        "reply_count": 1,
        "retweet_count": 0,
        "bookmark_count": 0,
        "content": "@TopGunMovie @TomCruise @Liamjacko @gavsyjackson",
        "hashtags": []
    },
    {
        "rest_id": "1151944693980246016",
        "like_count": 0,
        "quote_count": 0,
        "reply_count": 1,
        "retweet_count": 0,
        "bookmark_count": 0,
        "content": "@TopGunMovie @TomCruise @Jobus_DFS",
        "hashtags": []
    },
    {
        "rest_id": "1151973168069992448",
        "like_count": 4,
        "quote_count": 0,
        "reply_count": 1,
        "retweet_count": 0,
        "bookmark_count": 0,
        "content": "@jmdgregory @TopGunMovie @TomCruise FYI the oldest active navy pilot retired in 2015 at age 54 so the idea is not implausible https://t.co/d6A2hn78Ge",
        "hashtags": []
    },
    {
        "rest_id": "1151982858749272064",
        "like_count": 0,
        "quote_count": 0,
        "reply_count": 0,
        "retweet_count": 0,
        "bookmark_count": 0,
        "content": "@SuperheroPOLL @TopGunMovie @TomCruise Should have used Jet emojis",
        "hashtags": []
    },
    {
        "rest_id": "1151966477181968386",
        "like_count": 1,
        "quote_count": 0,
        "reply_count": 1,
        "retweet_count": 0,
        "bookmark_count": 0,
        "content": "@TopGunMovie @TomCruise @colangelog \ud83d\udc4f\ud83c\udffc\ud83d\udc4f\ud83c\udffc\ud83d\udc4f\ud83c\udffc\ud83d\udc4f\ud83c\udffc",
        "hashtags": []
    },
    {
        "rest_id": "1151964786453819394",
        "like_count": 1,
        "quote_count": 0,
        "reply_count": 1,
        "retweet_count": 0,
        "bookmark_count": 0,
        "content": "@TopGunMovie @TomCruise aaaand time for a Top Gun rewatch I didn't know I needed to have ..",
        "hashtags": []
    },
    {
        "rest_id": "1151973575261327361",
        "like_count": 13,
        "quote_count": 0,
        "reply_count": 0,
        "retweet_count": 1,
        "bookmark_count": 1,
        "content": "@TopGunMovie @TomCruise Looks amazing!!! I am so emotional right now!! \ud83d\ude2d\u2764\ufe0f https://t.co/hSJ742jF1b",
        "hashtags": []
    },
    {
        "rest_id": "1154825631093284864",
        "like_count": 0,
        "quote_count": 0,
        "reply_count": 0,
        "retweet_count": 0,
        "bookmark_count": 0,
        "content": "@TopGunMovie @TomCruise Another Hollywood movie \ud83c\udfa5 douched. I will pass on it....\nFans on the internet quickly found the iconic jacket worn by Cruise in the film had been altered from its original look to remove two patches displaying the Japanese and Taiwanese flags to placate China \ud83c\udde8\ud83c\uddf3",
        "hashtags": []
    },
    {
        "rest_id": "1152286029270986752",
        "like_count": 0,
        "quote_count": 0,
        "reply_count": 0,
        "retweet_count": 0,
        "bookmark_count": 0,
        "content": "@TopGunMovie @TomCruise Rocky VII?",
        "hashtags": []
    },
    {
        "rest_id": "1152012197884600321",
        "like_count": 0,
        "quote_count": 0,
        "reply_count": 0,
        "retweet_count": 0,
        "bookmark_count": 0,
        "content": "@TopGunMovie @TomCruise If my friends and family can\u2019t find me, I\u2019m in line for #TopGun2...",
        "hashtags": [
            {
                "indices": [80, 88],
                "text": "TopGun2"
            }
        ]
    },
    {
        "rest_id": "1151952781755998209",
        "like_count": 0,
        "quote_count": 0,
        "reply_count": 1,
        "retweet_count": 0,
        "bookmark_count": 0,
        "content": "@TopGunMovie @TomCruise @frannymc09",
        "hashtags": []
    },
    {
        "rest_id": "1152001653442150401",
        "like_count": 8,
        "quote_count": 0,
        "reply_count": 0,
        "retweet_count": 1,
        "bookmark_count": 0,
        "content": "@TopGunMovie @TomCruise Every single hair on my body just stood on end watching that trailer! I am beyond pumped for this film! https://t.co/0bKWngi979",
        "hashtags": []
    },
    {
        "rest_id": "1151943424167202816",
        "like_count": 0,
        "quote_count": 0,
        "reply_count": 1,
        "retweet_count": 0,
        "bookmark_count": 0,
        "content": "@TopGunMovie @TomCruise @JoeSilverman7 gonna get some new GIFs to use from this one \ud83d\ude02",
        "hashtags": []
    },
    {
        "rest_id": "1151967968827445248",
        "like_count": 0,
        "quote_count": 0,
        "reply_count": 1,
        "retweet_count": 0,
        "bookmark_count": 0,
        "content": "@TopGunMovie @TomCruise @atkinson121",
        "hashtags": []
    },
    {
        "rest_id": "1151940013174734848",
        "like_count": 9,
        "quote_count": 0,
        "reply_count": 2,
        "retweet_count": 1,
        "bookmark_count": 0,
        "content": "@TopGunMovie @TomCruise Felt sad seeing all the super hornets flying... remembering \"Well the Tomcat has been retired for a while now...\" Then our old friend came out of to say hello. And this made me happy. https://t.co/Jo3AC1vW9t",
        "hashtags": []
    },
    {
        "rest_id": "1151969179332952069",
        "like_count": 24,
        "quote_count": 0,
        "reply_count": 1,
        "retweet_count": 5,
        "bookmark_count": 0,
        "content": "@TopGunMovie @TomCruise Kenny Loggins better be littered throughout this soundtrack https://t.co/7zaRGj5SRj",
        "hashtags": []
    },
    {
        "rest_id": "1151959664885686277",
        "like_count": 3,
        "quote_count": 0,
        "reply_count": 1,
        "retweet_count": 0,
        "bookmark_count": 0,
        "content": "@TopGunMovie @TomCruise @DubbyDoesIt omg omg omg",
        "hashtags": []
    },
    {
        "rest_id": "1151955563187539968",
        "like_count": 1,
        "quote_count": 0,
        "reply_count": 1,
        "retweet_count": 0,
        "bookmark_count": 0,
        "content": "@TopGunMovie @TomCruise @alicialaroque !!!!!!!!!",
        "hashtags": []
    },
    {
        "rest_id": "1151955245595025417",
        "like_count": 3,
        "quote_count": 0,
        "reply_count": 0,
        "retweet_count": 1,
        "bookmark_count": 0,
        "content": "@TopGunMovie @TomCruise Top Gun: Remastered https://t.co/hF2W4AUyL2",
        "hashtags": []
    },
    {
        "rest_id": "1151947450971824128",
        "like_count": 0,
        "quote_count": 0,
        "reply_count": 1,
        "retweet_count": 0,
        "bookmark_count": 0,
        "content": "@TopGunMovie @TomCruise @FarooqMaida don't dare watch it without me!",
        "hashtags": []
    },
    {
        "rest_id": "1151969767567298560",
        "like_count": 2,
        "quote_count": 0,
        "reply_count": 1,
        "retweet_count": 0,
        "bookmark_count": 0,
        "content": "@TopGunMovie @DimarcoRichard @TomCruise They can't even get the carrier take-off procedure right. A pilot in an F-18 keeps his hands off the controls as the launch is automatic. Slamming the throttles forward doesn't do a thing as the aircraft is launched by a catapault. #joke",
        "hashtags": [
            {
                "indices": [272, 277],
                "text": "joke"
            }
        ]
    },
    {
        "rest_id": "1151972271428395008",
        "like_count": 52,
        "quote_count": 0,
        "reply_count": 1,
        "retweet_count": 1,
        "bookmark_count": 0,
        "content": "@TopGunMovie @TomCruise https://t.co/dbG2j297JT",
        "hashtags": []
    },
    {
        "rest_id": "1151940491463843840",
        "like_count": 112,
        "quote_count": 0,
        "reply_count": 1,
        "retweet_count": 4,
        "bookmark_count": 0,
        "content": "@TopGunMovie @TomCruise https://t.co/8IFf3S5suf",
        "hashtags": []
    },
    {
        "rest_id": "1151959996298493952",
        "like_count": 1,
        "quote_count": 0,
        "reply_count": 1,
        "retweet_count": 0,
        "bookmark_count": 0,
        "content": "@TopGunMovie @TomCruise https://t.co/Lz9rGk0oRu",
        "hashtags": []
    },
    {
        "rest_id": "1151962171275747328",
        "like_count": 286,
        "quote_count": 0,
        "reply_count": 13,
        "retweet_count": 31,
        "bookmark_count": 0,
        "content": "@aal1008 @TomCruise Do you feel the need? #TopGun https://t.co/vsVP8uNAn1",
        "hashtags": [
            {
                "indices": [42, 49],
                "text": "TopGun"
            }
        ]
    },
    {
        "rest_id": "1151974191811350528",
        "like_count": 9,
        "quote_count": 0,
        "reply_count": 1,
        "retweet_count": 0,
        "bookmark_count": 0,
        "content": "@TopGunMovie @TomCruise I will not rest until Days of Thunder 2 makes it's way to the big screen",
        "hashtags": []
    },
    {
        "rest_id": "1151933656576823296",
        "like_count": 72408,
        "quote_count": 0,
        "reply_count": 3145,
        "retweet_count": 30205,
        "bookmark_count": 0,
        "content": "Watch the official trailer for #TopGun: Maverick starring @TomCruise. In theatres 2020. https://t.co/J698eUnakI",
        "hashtags": [
            {
                "indices": [31, 38],
                "text": "TopGun"
            }
        ]
    },
    {
        "rest_id": "1151952922055303168",
        "like_count": 1,
        "quote_count": 0,
        "reply_count": 1,
        "retweet_count": 0,
        "bookmark_count": 0,
        "content": "@TopGunMovie @TomCruise @Jfunnyblackguy",
        "hashtags": []
    },
    {
        "rest_id": "1151958802142519297",
        "like_count": 0,
        "quote_count": 0,
        "reply_count": 1,
        "retweet_count": 0,
        "bookmark_count": 0,
        "content": "@TopGunMovie @TomCruise @wildandrocky",
        "hashtags": []
    },
    {
        "rest_id": "1151965407173074962",
        "like_count": 0,
        "quote_count": 0,
        "reply_count": 1,
        "retweet_count": 0,
        "bookmark_count": 0,
        "content": "@TopGunMovie @TomCruise @bee_syrup",
        "hashtags": []
    },
    {
        "rest_id": "1151941562571612176",
        "like_count": 129,
        "quote_count": 0,
        "reply_count": 1,
        "retweet_count": 2,
        "bookmark_count": 0,
        "content": "@TopGunMovie @TomCruise Finally https://t.co/CjGfO025nX",
        "hashtags": []
    },
    {
        "rest_id": "1151971620866744322",
        "like_count": 1,
        "quote_count": 0,
        "reply_count": 1,
        "retweet_count": 0,
        "bookmark_count": 0,
        "content": "@TopGunMovie @TomCruise @Stephen_Nix",
        "hashtags": []
    },
    {
        "rest_id": "1151954843105419268",
        "like_count": 26,
        "quote_count": 0,
        "reply_count": 1,
        "retweet_count": 0,
        "bookmark_count": 0,
        "content": "@TopGunMovie @TomCruise https://t.co/XayZpiETzk",
        "hashtags": []
    },
    {
        "rest_id": "1151968315633520640",
        "like_count": 1,
        "quote_count": 0,
        "reply_count": 1,
        "retweet_count": 0,
        "bookmark_count": 0,
        "content": "@TopGunMovie @TomCruise @fernandabaug omggg ve",
        "hashtags": []
    },
    {
        "rest_id": "1151939679740203008",
        "like_count": 3,
        "quote_count": 0,
        "reply_count": 0,
        "retweet_count": 2,
        "bookmark_count": 0,
        "content": "@TopGunMovie @TomCruise Ok!!! I was not prepared for this!!! https://t.co/LL4sV4nflp",
        "hashtags": []
    },
    {
        "rest_id": "1151967677080068103",
        "like_count": 1,
        "quote_count": 0,
        "reply_count": 1,
        "retweet_count": 0,
        "bookmark_count": 0,
        "content": "@TopGunMovie @TomCruise @bceba23",
        "hashtags": []
    },
    {
        "rest_id": "1151941348364361728",
        "like_count": 1,
        "quote_count": 0,
        "reply_count": 2,
        "retweet_count": 0,
        "bookmark_count": 1,
        "content": "@TopGunMovie @TomCruise Sweet. A documentary about @TomCruise becoming an Air Force pilot.",
        "hashtags": []
    },
    {
        "rest_id": "1151936522997960704",
        "like_count": 217,
        "quote_count": 0,
        "reply_count": 2,
        "retweet_count": 4,
        "bookmark_count": 0,
        "content": "@TopGunMovie @TomCruise https://t.co/gnl9e4ARJz",
        "hashtags": []
    },
    {
        "rest_id": "1151935492633649153",
        "like_count": 6,
        "quote_count": 0,
        "reply_count": 0,
        "retweet_count": 0,
        "bookmark_count": 0,
        "content": "@TopGunMovie @ImAFilmEditor @TomCruise JAW ON THE FLOOR",
        "hashtags": []
    },
    {
        "rest_id": "1152148968832458753",
        "like_count": 0,
        "quote_count": 0,
        "reply_count": 0,
        "retweet_count": 0,
        "bookmark_count": 0,
        "content": "@TopGunMovie @SnowReaper @TomCruise https://t.co/TUqd9kRVhE",
        "hashtags": []
    },
    {
        "rest_id": "1151974763490959361",
        "like_count": 4,
        "quote_count": 0,
        "reply_count": 0,
        "retweet_count": 0,
        "bookmark_count": 0,
        "content": "@TopGunMovie @TomCruise https://t.co/BnJ4ijvYUZ",
        "hashtags": []
    },
    {
        "rest_id": "1151936216759013376",
        "like_count": 57,
        "quote_count": 0,
        "reply_count": 0,
        "retweet_count": 6,
        "bookmark_count": 0,
        "content": "@TopGunMovie @TomCruise \u2708\ufe0f",
        "hashtags": []
    },
    {
        "rest_id": "1152091633393029121",
        "like_count": 0,
        "quote_count": 0,
        "reply_count": 0,
        "retweet_count": 0,
        "bookmark_count": 0,
        "content": "@TopGunMovie @TomCruise I felt that Breeze, Thomas :)",
        "hashtags": []
    },
    {
        "rest_id": "1151938493452443648",
        "like_count": 130,
        "quote_count": 0,
        "reply_count": 3,
        "retweet_count": 4,
        "bookmark_count": 0,
        "content": "@TopGunMovie @TomCruise RIP Goose. #neverforget",
        "hashtags": [
            {
                "indices": [35, 47],
                "text": "neverforget"
            }
        ]
    },
    {
        "rest_id": "1152331937291350018",
        "like_count": 0,
        "quote_count": 0,
        "reply_count": 0,
        "retweet_count": 0,
        "bookmark_count": 0,
        "content": "@TopGunMovie @TomCruise Slider....(((sniff))) you stink.",
        "hashtags": []
    },
    {
        "rest_id": "1152006322746822657",
        "like_count": 0,
        "quote_count": 0,
        "reply_count": 0,
        "retweet_count": 0,
        "bookmark_count": 0,
        "content": "@TopGunMovie @TomCruise I\u2019m in, definitely!",
        "hashtags": []
    }
]
