﻿Link: https://twitter.com/OppenheimerFilm/status/1655467845571198978,,,,,,,
rest_id,like_count,quote_count,reply_count,retweet_count,bookmark_count,content,hashtags
1655469392262561797,181,0,3,3,1,@OppenheimerFilm I absolutely can’t wait to see this film. I’m ready to see this film.,[]
1655469352123240449,23,0,1,3,4,@OppenheimerFilm https://t.co/MsHqp2eBS7,[]
1655498405932572673,3,0,1,0,0,@OppenheimerFilm Einstein did a cameo ?,[]
1655467999464407041,0,0,0,0,0,@OppenheimerFilm Late watched the leak,[]
1655469997689565190,3,0,0,0,0,@OppenheimerFilm https://t.co/cd7h6IU7jt,[]
1655498543665401858,1,0,0,0,0,@OppenheimerFilm https://t.co/wJTMGaiolA,[]
1655608239499747329,69,0,1,4,0,@OppenheimerFilm The world waits and watches with tension.,[]
1655734547919654913,0,0,0,0,0,@OppenheimerFilm https://t.co/jl8JChq9zg,[]
1655470602621267970,0,0,0,0,0,@OppenheimerFilm HOLY SMOKES! SOOO GOOD!,[]
1655742526295273473,48,0,1,1,2,@OppenheimerFilm https://t.co/yVmMDh0U1y,[]
1655494821757456387,1,0,0,0,0,"@OppenheimerFilm I love how big directors like Nolan make movies on scientists, perhaps the most awaited movie ever",[]
1655471969599635457,1,0,0,0,0,@OppenheimerFilm https://t.co/Va4iU04jTE,[]
1655468273247371266,79,0,0,3,0,"@OppenheimerFilm Wake up Protagonist, new Oppenheimer trailer just dropped https://t.co/UlKLD2a2y1",[]
1655468607399419904,19,0,2,0,0,@OppenheimerFilm Can't wait,[]
1655467845571198978,88505,8654,1616,21523,3871,Watch the new trailer for #Oppenheimer - only in theaters 7 21 23. https://t.co/ZSrXov8Y3l,"[{'indices': [26, 38], 'text': 'Oppenheimer'}]"
1655468045135912960,10,0,0,0,0,@OppenheimerFilm https://t.co/d6QErRqJgD,[]
1655582150647848966,1,0,0,0,0,@OppenheimerFilm https://t.co/WRjZLqmyxZ,[]
1655469717136740355,21,0,0,1,1,@OppenheimerFilm https://t.co/RFwrdj7iQL,[]
1655468638588076035,9,0,0,1,3,@OppenheimerFilm We Will Be Watching. https://t.co/SjknEJ1ZtP,[]
1655566013939720193,36,0,4,1,0,@OppenheimerFilm Chance of this movie getting flop is ZERO.,[]
1655545242265833475,13,0,2,0,0,@OppenheimerFilm I saw this on the big screen preview before Guardians,[]
1674670172655812608,0,0,0,0,0,@OppenheimerFilm 🥂,[]
1657285158381428739,0,0,2,0,0,@OppenheimerFilm Oooo! Love this,[]
1655481061080715266,2,0,0,0,0,"@OppenheimerFilm This is just a wave of  fission(Movie).
#OppenheimerPresenta 
#Oppenheimer https://t.co/FBthNdaPWl","[{'indices': [57, 77], 'text': 'OppenheimerPresenta'}, {'indices': [79, 91], 'text': 'Oppenheimer'}]"
1656403445681893376,1,0,1,0,0,@OppenheimerFilm @RealJLorraine this looks really good,[]
1655472594370568193,1,0,0,0,0,@OppenheimerFilm This. Is. Cinema 🔥,[]
1655540655324577793,3,0,2,0,0,@OppenheimerFilm Absolutely stunning!,[]
1655472700477849600,27,0,1,1,2,@OppenheimerFilm Can't wait 🔥 https://t.co/TzGVzsZCZs,[]
1655745410453979136,11,0,2,1,0,@OppenheimerFilm FINALLY a movie worth seeing in the last 10 years. 🙄,[]
1655476579122954240,9,0,0,0,0,@OppenheimerFilm another peak cinema incoming https://t.co/XsB4hxOI3A,[]
1655470575941296130,0,0,0,0,0,@OppenheimerFilm https://t.co/BzvWZUL68A,[]
1655475675300495361,4,0,0,0,0,@OppenheimerFilm Nolan be like🔥🔥 https://t.co/gWL4rMxTkg,[]
1655475384174137345,164,0,7,4,0,@OppenheimerFilm Finally. I can’t wait to see it.,[]
1655491424027045890,2,0,2,0,0,"@OppenheimerFilm @ChrisG_TSU Is the countdown at the end Hiroshima? Do you think we are going to see it?

Also when the trailer began I thought I was watching The Batman.",[]
1655469679505473538,0,0,0,0,0,@OppenheimerFilm LETS FUCKIN GOOOOOOOOO,[]
1679015539736469505,1,0,0,0,0,@OppenheimerFilm So excited! Movies are back!,[]
1655469300982120448,1,0,0,0,0,@OppenheimerFilm HYPE,[]
1655472902836461569,9,0,1,0,0,@OppenheimerFilm https://t.co/vQSYftkIaV,[]
1655737000954134533,2,0,1,0,0,@OppenheimerFilm Can’t wait,[]
1655475950950416389,12,0,0,0,0,@OppenheimerFilm Enough this One 🌟 https://t.co/v2dW5AiAsh,[]
1655480275835469824,0,0,1,0,0,@OppenheimerFilm ♥,[]
1655739924740722688,1,0,0,0,0,@OppenheimerFilm Whoa! I'm there!!,[]
1655804195541508100,5,0,1,0,0,"@OppenheimerFilm You did it again, Christopher Nolan. 
You did it again. https://t.co/iqIegaKKkW",[]
1655489497675735040,3,0,0,0,0,@OppenheimerFilm Just give Cillian his Oscar already,[]
1655788009277587456,7,0,2,0,0,@OppenheimerFilm heard nolan detonated a real nuke to make the film realistic,[]
1656741643205111810,1,0,0,0,0,@OppenheimerFilm Wow! 🔥 #Oppenheimer,"[{'indices': [24, 36], 'text': 'Oppenheimer'}]"
1655551898437419008,56,0,9,0,0,@OppenheimerFilm Did people call it WWII while they were fighting the war?,[]
1655565595079852032,1,0,0,0,0,@OppenheimerFilm 🔥🔥🔥,[]
1655471419562823681,30,0,0,1,5,@OppenheimerFilm THIS IS CINEMA https://t.co/470OjiHzUi,[]
1655470826769235968,0,0,0,0,0,@OppenheimerFilm This looks unbelievable.,[]
1655477011454754822,86,0,1,8,5,@OppenheimerFilm https://t.co/JuB8MAI9KQ,[]
1655473058855960577,1,0,0,0,0,@OppenheimerFilm @MaverickBharat_,[]
1656338842801311745,0,0,0,0,0,"@OppenheimerFilm So stoked

I was gonna be crew
But I am blessed to see this",[]
1655515816048095233,0,0,1,0,0,@OppenheimerFilm Looking forward to co-watching it with my buds on @VabbleApp,[]
1655479092706177027,0,0,2,0,0,"@OppenheimerFilm voy a verla solo por que sale Cillian?
voy a verla solo porque sale Cillian.",[]
1655479410579980288,40,0,0,4,0,@OppenheimerFilm FINALLY a glimpse of Rami Malek! 😍🥰❤️ https://t.co/dvWkAOqxuv,[]
1656039114083319809,1,0,0,0,0,@OppenheimerFilm $PEPE https://t.co/zYskniSVp5,[]
1655474846648926208,1,0,0,0,0,@OppenheimerFilm Nolan mass https://t.co/391QYY348X,[]
1655470028211343360,0,0,0,0,0,@OppenheimerFilm يووووووووه انتظره على احر من الجمر,[]
1655492988964081665,1,0,0,0,0,@OppenheimerFilm https://t.co/A0u9o4GQ0P,[]
1655536977062641666,4,2,37,0,1,@OppenheimerFilm so english pinky blinders is pretending to be robert Oppenheimer. little bit of a stretch. already read Oppenheimer’s bio that this film was based on and would just be picking apart the inaccuracies.,[]
1655541107021996032,7,0,1,0,0,@OppenheimerFilm Looks absolutely fuckin incredible,[]
1656616341644648448,0,0,0,0,0,@OppenheimerFilm CAN NOT WAIT !,[]
1655643796691120129,0,0,2,0,0,@OppenheimerFilm CANT WAIT TO SEE THIS. Why didn’t we work on it??,[]
1655470557666713601,0,0,0,0,0,@OppenheimerFilm YOOOOO,[]
1655484879369388033,1,0,1,0,0,@OppenheimerFilm @areebarants,[]
1655477108557365248,1,0,0,1,0,@OppenheimerFilm https://t.co/eeSpVGHxVo,[]
1655470656459292672,29,0,1,1,1,@OppenheimerFilm https://t.co/R3mkXsuI3e,[]
1679444835823140864,0,0,0,0,0,"@OppenheimerFilm Scientists are immersed in research and obtain new technologies. However, scientists are unable to judge right from wrong, and they are used for political purposes. That is the way history has always been.
@OppenheimerFilm",[]
1656528896668622849,0,0,0,0,0,@OppenheimerFilm Cillian Murphy gotta be my favorite actor of all time.,[]
1655637438759411713,1,0,0,0,0,@OppenheimerFilm Impressive  :),[]
1655475215332265984,275,0,10,2,5,@OppenheimerFilm 2 tickets please https://t.co/l57iyCh842,[]
1655486521514811392,2,0,0,0,0,@OppenheimerFilm Waiting for this movie since ages .,[]
1655531087223767040,1,0,0,0,0,@OppenheimerFilm https://t.co/DQEuNXCZls,[]
1655549179005943808,2,0,0,0,0,@OppenheimerFilm @nebyelkao,[]
1655502812346818560,1,0,0,0,0,@OppenheimerFilm “The world will remember this day”. And right he was! #Oppenheimer,"[{'indices': [71, 83], 'text': 'Oppenheimer'}]"
1655501635882307585,1,0,0,0,0,@OppenheimerFilm oscar soon👍🏽,[]
1655490682449174529,24,0,0,1,0,@OppenheimerFilm Andddd the oscar goes to Cillian Murphy........ https://t.co/H32R2mEN1g,[]
1655546521104838656,6,0,2,0,0,"@OppenheimerFilm Looks like a cool film, I’ll check it out on release",[]
1655736950156869632,0,0,0,0,0,@OppenheimerFilm @TheBillyMartin  you know what to do 👊🏻,[]
1655473450494902272,1,0,2,0,0,@OppenheimerFilm @MarkoRoyn,[]
1655573260958826498,4,0,1,0,0,@OppenheimerFilm Goosebumps.,[]
1655480571974553601,54,0,6,10,1,@OppenheimerFilm https://t.co/H19vuJHYvY,[]
1655487761380507648,1,0,0,0,0,@OppenheimerFilm So good!,[]
1655469135839764482,8,0,2,0,1,@OppenheimerFilm OH MY GOD https://t.co/BrXiAqurlc,[]
1655494491338588167,770,0,3,33,23,"@OppenheimerFilm Movie is based on biography of Oppenheimer that was released in 2005 after 20 years of work and then it won Pulitzer in 2006, and today 8th May 2023 is Pulitzer day. No wonder trailer is released today.",[]
1655544714236514307,0,0,0,0,0,@OppenheimerFilm Nolan at his finest. This trailer gives us a little too much of the movie for me.,[]
1655474385099309057,2,0,0,0,0,@OppenheimerFilm A Film by Christopher Nolan 🛐🛐🛐,[]
1657048209926094848,28,0,3,0,0,@OppenheimerFilm This movie looks incredible,[]
1655538974209761280,596,1,20,16,5,"@OppenheimerFilm I'm anticipating this film to have one of, if not the most realistic and insane portrayals of an atomic detonation ever in film. I have a feeling many people will walk out of the movie even more aware of the danger of these weapons.",[]
1655469878512349186,1159,0,5,33,10,@OppenheimerFilm https://t.co/ejsmgSP4hc,[]
1655719700234399744,6,0,0,1,0,@OppenheimerFilm @HsakaTrades,[]