﻿Link: https://twitter.com/TopGunMovie/status/1508791086981922818,,,,,,,
rest_id,like_count,quote_count,reply_count,retweet_count,bookmark_count,content,hashtags
1508861504426283008,15,0,1,1,1,@mellodoo @TopGunMovie The Top Gun: Maverick expansion for Microsoft Flight Simulator is set to launch alongside the release of Top Gun: Maverick in theatres!,[]
1509163253338984452,6,0,1,0,0,"@TopGunMovie @AV8intheblue @LFredenhall @counterchekist @starree @DeMelaatse @WebCoderz @JarBomb @john_sipher NGL this looks boss, h/t @DavidLarter :)",[]
1508796932583571460,0,0,0,0,0,@TopGunMovie ❤️❤️❤️❤️❤️YES,[]
1508791994432339968,2,0,0,0,0,@TopGunMovie This was the one at CinemaCon. It's pretty neat :),[]
1508805775434698760,3,0,0,0,0,@TopGunMovie Can y’all pls just confirm or deny  abt the Gaga song? I’m so tired.. we’ve been waiting for ages..,[]
1508800635784810504,7,0,0,0,0,"@TopGunMovie understand that without Gaga's song promoting, this will be a flop for all the delays :(",[]
1508840633833775108,0,0,0,0,0,"@TopGunMovie ""Because I was inverted...""🙃",[]
1508868961408008194,0,0,0,0,0,"@TopGunMovie we have had a trailer for a while now don't really need another, we need a release date this year will it be released on May 27th who knows",[]
1508800260038180877,1,0,0,1,0,@TopGunMovie is there the theme song by @ladygaga？,[]
1508795426367053833,12,0,0,1,0,@TopGunMovie Gaga?,[]
1508797529609097227,62,0,0,0,0,@TopGunMovie Come on now. Atleast let us know if we are grtting the gaga song😩,[]
1508796130481614849,0,0,0,0,0,@TopGunMovie Best movie ever? @kirkmin,[]
1508798908226547718,16,0,0,1,0,@TopGunMovie WE WANT GAGA,[]
1509015628165881859,16,0,5,1,0,"@TopGunMovie Unless the plot is Tom Cruise fighting Russians to save Ukraine, I've kind of lost interest. Make a movie about the Ghost of KYIV. That's what happens when you release a movie 2 years late.",[]
1508984303555948552,0,0,0,0,0,"@TopGunMovie NO ONE CARE ABOUT LADY GAGA SINGING IN THE MOVIE.
GEEZ, STOP CRYING BECAUSE YOU DIDN'T HEAR IT THE TRAILER, AND JUST APPRECIATE THE DANGER ZONE",[]
1508855822847143937,1,0,1,0,0,@TopGunMovie @RockyTopSkiBum @SoupOrSizemore,[]
1508820656363778053,0,0,0,0,0,@TopGunMovie 🏴‍☠️,[]
1508883255919054860,0,0,0,0,0,@TopGunMovie Oh my god I can’t wait!!!!,[]
1509206950130569217,0,0,1,0,0,@TopGunMovie @ianlapham,[]
1508801017277779975,22,0,2,0,0,@TopGunMovie Finally 😭😭😭 https://t.co/NEoDGxm5Jz,[]
1508814174381613072,10,0,2,0,1,@TopGunMovie @MajorAimless The “My dad believed in you…” statement hit the feels a bit.,[]
1509015987936534532,0,0,0,0,0,@TopGunMovie Children. 🛑 https://t.co/8WDL5fT1LP,[]
1508813489158201354,2,0,0,1,0,@TopGunMovie @vishnu_dir go get official remake rights .. get #AjithKumar  for it  @thisisysr  @SureshChandraa,"[{'indices': [62, 73], 'text': 'AjithKumar'}]"
1508805682404995072,2,0,0,0,0,@TopGunMovie I need the Gaga ' song,[]
1508812365537681424,5,0,0,0,0,@TopGunMovie I think the piano is Gaga song,[]
1508798777674641416,1,0,1,0,0,@TopGunMovie @Jimproducer,[]
1508847938386239494,1,2,6,0,0,@TopGunMovie I came here for the gaga's song. Give it to us if she is not singing the song we won't see the movie,[]
1508793042215792645,0,0,0,0,0,@TopGunMovie https://t.co/v4XsdmxuNO,[]
1508800335309123597,0,0,0,0,0,@TopGunMovie @discolando @NASPCOLA 👀,[]
1508805883895205897,1,0,0,0,0,@TopGunMovie 🔥🔥🔥🔥🔥🔥🔥🔥🔥🔥🔥🔥🔥🔥🔥🔥🔥🔥🔥🔥🦾,[]
1508795162566217729,1,0,1,0,0,@TopGunMovie @Mrwaterbiscuit  i feel the need.....,[]
1508800455391989766,0,0,1,0,0,@TopGunMovie @LuisEdu95223459 @LuisEdu95223459 no habrá mejor momento para usar tu gorra de Top Gun que viendo la peli,[]
1508796292947980289,47,0,0,1,0,@TopGunMovie Gaga?,[]
1508830003580096515,1,0,2,0,0,@TopGunMovie @TaytheMechanic,[]
1508793599307173904,0,0,0,0,0,@TopGunMovie https://t.co/bZI56FJism,[]
1508797245566726148,14,0,0,0,0,@TopGunMovie Admiral Iceman! https://t.co/3jJfIjgQin,[]
1509036419293007874,0,0,0,0,0,@TopGunMovie 🔥🔥🔥🔥🔥great balls of fire,[]
1509023096476471301,0,0,0,0,0,@TopGunMovie Looking forward to it. Love the glimpse of the hypersonic stealth aircraft.,[]
1508805788340477957,4,0,0,0,0,@TopGunMovie Put Gaga song in next promo,[]
1508834328138194957,2,0,0,0,0,@TopGunMovie https://t.co/3FcKZ4VIiM,[]
1508797194630959104,14,0,1,3,0,@TopGunMovie 👏,[]
1508804042536931335,1,0,0,0,0,@TopGunMovie @CaitlinReynol17,[]
1508821845100793856,2,0,0,0,0,@TopGunMovie @SamBenjaminNow 🤯🤯🤯,[]
1508816550580604931,93,0,8,5,1,"@TopGunMovie For those who wanna rewatch the original film, it’s currently on @netflix. #TopGun https://t.co/O3w2vfUCqd","[{'indices': [88, 95], 'text': 'TopGun'}]"
1508822195543236611,2,0,0,0,0,@TopGunMovie Yeah,[]
1509274992449576960,7,0,3,0,0,"@TopGunMovie I've watched this 15 times already...

GOOSEbumps every time.",[]
1508811222522732555,0,0,0,0,0,"@TopGunMovie fyi;
@guidoolimpio",[]
1508795242304184321,31,0,0,1,0,@TopGunMovie we dont care we just want the song,[]
1508797371722965007,0,0,0,0,0,@TopGunMovie TO THE DANGER ZONE,[]
1508798088726683651,1,0,0,0,0,@TopGunMovie @chartsladygaga …,[]
1508816178986328068,1,0,1,0,0,@TopGunMovie I can't wait to see this on the big screen (my Apple Watch),[]
1508799385974587417,1,0,0,0,0,"@TopGunMovie Top Gun: Maverick ""The was was all worth it...👍👏👏❤ https://t.co/V26LGX03z4",[]
1508802785193730048,5,0,1,0,0,@TopGunMovie Yaaaassssssssss! FINALLY!🙌🙌🙌 https://t.co/qdFLK0KGjf,[]
1508803042711379976,3,0,0,0,0,@TopGunMovie Everybody's talking bout Gaga's song,[]
1508814446986149905,3,0,0,0,0,@TopGunMovie 59 días y contando!!!,[]
1508797109713129472,0,0,0,0,0,@TopGunMovie https://t.co/lYLgJks1oL,[]
1508793448601911298,0,0,0,0,0,@TopGunMovie The wait is over ✈️ https://t.co/NPom20a6Es,[]
1508824159094202369,35,0,4,0,1,@TopGunMovie anyone else literally have chills watching this trailer?,[]
1508971864516968450,1,0,1,0,0,@TopGunMovie @tcSoUP22,[]
1508846241228423169,2,0,1,0,0,@TopGunMovie So we will get the Top Gun Expansion Pack @MSFSofficial ? 👀,[]
1508837975848730624,2,0,1,0,2,@TopGunMovie Is there really a gaga song for this movie plsss i need confirmation QUICKKK https://t.co/B5n9b0qhzf,[]
1508803001569493004,9,0,0,1,0,@TopGunMovie Gaga's song when?,[]
1508802728465772550,1,0,0,0,0,@TopGunMovie Vem amigooooo acho q no próximo trailer já sai a música da mami @RogerLabel,[]
1508800081276944385,43,0,0,1,1,@TopGunMovie gaga song soon pls?? https://t.co/pJPRJhJhdr,[]
1508803967903539210,9,0,0,0,0,@TopGunMovie the gaga song when?,[]
1509066325607718913,2,0,0,0,0,"@TopGunMovie This gives me a hard on.
https://t.co/Gy0kbaP0dj",[]
1508798709664002053,3,0,0,0,0,@TopGunMovie Give us the song already!!,[]
1508799634470313985,0,0,0,0,0,@TopGunMovie https://t.co/irWlBlQ6I0,[]
1508806041898782737,4,0,0,1,0,"@TopGunMovie No @ladygaga, no like! 😘",[]
1508797153623298060,0,0,0,0,0,@TopGunMovie https://t.co/YB0JfchGGy,[]
1508798199519227919,5,0,0,1,0,@TopGunMovie Lady Gaga's song when??,[]
1508803344239845381,57,0,1,5,1,@KatiePhang @roybelly We'll see you all there. #TopGun https://t.co/FzX0zoOGWY,"[{'indices': [47, 54], 'text': 'TopGun'}]"
1508801424209190920,2,0,0,0,0,@TopGunMovie Watching this trailer- I almost forgot I was sitting in a grocery store parking lot. 🤣,[]
1508799658302361608,15,0,5,0,0,@TopGunMovie Glad Gaga’s song isn’t in this,[]
1508810634359709696,1,0,0,0,0,@TopGunMovie Oh. Em. Gee. 🤯,[]
1508794176200130570,76,0,6,0,0,@TopGunMovie 🤯🤯🤯🤯🤯🤯🤯,[]
1508791856909455363,0,0,0,0,0,@TopGunMovie @ParamountPics https://t.co/gSnomYUQdJ,[]
1508839160190279687,2,0,2,0,0,@TopGunMovie @37smadAmaS it’s happening!!,[]
1508817901423366154,3,0,1,0,0,@TopGunMovie @1savasansahin,[]
1508865212870381573,7,0,3,0,1,@TopGunMovie We’ve got the NEED the need to speed the nearest theater on May 27th! So stoked 😍,[]
1508798968267829250,3,0,0,1,0,@TopGunMovie gaga song??,[]
1508794368727035904,0,0,0,0,0,@TopGunMovie Me vuelvo loco!,[]
1508793622577168388,0,0,0,0,0,@TopGunMovie @KhaleBernik,[]
1508839589397803009,0,0,0,0,0,@TopGunMovie Maverick 😁,[]
1508802331021881351,39,0,0,1,0,@TopGunMovie WHERE IS THE GAGA SONG https://t.co/guhB1EFvNT,[]
1508805970247524364,16,0,0,0,0,@TopGunMovie ok but maybe tease the song Gaga wrote for the movie💀are yah sIow,[]
1508817417581248520,86,1,1,1,1,@TopGunMovie me increasing the volume to max waiting for Gaga to sing along the soundtrack: https://t.co/E65P8KM3bi,[]
1508818254583799808,1,0,1,0,0,@TopGunMovie What’s this trailer gonna tell me about this film that the other ones haven’t?,[]
1508796148336713733,19,0,0,1,0,@TopGunMovie Where’s the gaga song?,[]
1508848813712175108,35,0,4,0,0,@TopGunMovie Whomsoever watch this movie in age of 8-18 during 1986-2000.. for once had dreamed to be An Air Force Pilot... this movie had influenced a generation to fly high above the sky...,[]
1508795144786661380,0,0,0,0,0,"@TopGunMovie I've been waiting way too long for this, may 27th can't come quick enough.",[]
1508957003254620164,28,0,1,4,0,@TopGunMovie Adrenaline is my middle name.,[]
1508792310355660809,111,0,0,1,0,@TopGunMovie And the Gaga song? 👀,[]
1508794587149742081,44,0,0,2,0,@TopGunMovie Where's Lady Gaga,[]
1508822937733840899,5,0,0,0,0,@TopGunMovie We were all here for the lady gaga song,[]
1508798030966927367,21,0,0,1,0,@TopGunMovie It's getting annoying. Where's Gaga's song?,[]
1509015798802751488,0,0,0,0,0,@TopGunMovie A super bug v a cat still sad @dickcheney hated America enough to kill the F-14D tomcat/bombcat,[]
1509004514350743553,14,0,6,0,0,@TopGunMovie Nope. I've fallen for this like 4 times already. I won't believe this movie actually exists and is coming out when I'm in the theater watching the credits roll. Until then you can take these fake trailers and shove it.,[]
1508796003046014984,24,0,0,1,0,"@TopGunMovie where’s the gaga song from the movie? pls, give to us a tip about this",[]
1508812285065768967,10,1,6,0,1,@TopGunMovie @TopGunMovie Is the theme song by Lady Gaga coming or not? Know that some of us are watching the movie for that song. Could you please tell us something???,[]
1508843276249579535,72,1,11,1,1,@TopGunMovie ⚠️Spoiler: The girl in the film is the best pilot and in the end the main villains will be defeated by her,[]
1508809276319584263,5,0,0,0,0,"@TopGunMovie I'll believe it when I actually see it on a marquee.

In the meantime, you've burned us on this so fucking many times I'm having a hard time mustering up a ton of enthusiasm.",[]
1508898147556368385,0,0,1,0,0,@TopGunMovie @koojababy Actually looks pretty cool! Is Miles supposed to be Goose's kid?,[]
1508866701672202240,1,0,0,0,0,@TopGunMovie Eh gonna wait for streaming at this point waited 2 years can wait the extra 45 days.,[]
1508803569994145797,81,0,2,9,2,@RexChapman Get ready. #TopGun https://t.co/2ZMfOrftU9,"[{'indices': [23, 30], 'text': 'TopGun'}]"
1508877546209046528,0,0,0,0,0,@TopGunMovie ❤❤❤,[]
1509181873595076617,0,0,0,0,0,@TopGunMovie https://t.co/dJp5xJ1p6K,[]
1508796045760901128,36,0,0,1,0,@TopGunMovie WE want lady Gaga FFS,[]
1508797766834733063,2,0,0,0,0,@TopGunMovie Gaga ..?,[]
1508946093987569671,0,0,0,0,0,"@TopGunMovie Man, can't wait to see this. I remember watching the original multiple times when growing up",[]
1508827054820667397,18,0,0,0,0,"@TopGunMovie Whatever😒

Where is the gaga song😃",[]
1508836551958188035,1,0,0,0,0,"@TopGunMovie Top Gun is my favorite movie! Been waiting what seems like forever for this movie to come out! I am so excited! I feel the need, the need for speed!",[]
1508796693126561807,3,0,0,0,0,@TopGunMovie https://t.co/E3fBOvufKN,[]
1508936625627181059,6,0,0,0,0,@TopGunMovie F✈️I✈️N✈️A✈️L✈️L✈️Y✈️!✈️,[]
1508827663284252673,0,0,0,0,0,@TopGunMovie where's the rah rah bitch,[]
1508806245415014401,3,0,0,0,0,@TopGunMovie LADY GAGA SOUNDTRACK PIANO TEASE WHERE??? https://t.co/hc4PcUBj5z,[]
1508947727576567808,0,0,0,0,0,@TopGunMovie @AMCTheatres 😉,[]
1508946966251773952,0,0,0,0,0,@TopGunMovie 🎵 Highway tooooo https://t.co/UUmtKfqh2N,[]
1508831235040239620,0,0,2,0,0,@TopGunMovie @SendMeThisVideo,[]
1508793870364160001,11,0,0,0,0,@TopGunMovie I can’t wait to finally return to the Danger Zone as #TopGunMaverick will definitely Take My Breath Away in IMAX in May! https://t.co/F7oaMXshKu,"[{'indices': [66, 81], 'text': 'TopGunMaverick'}]"
1508867926979452941,17,0,1,1,0,"@TopGunMovie No one talk to us on May 27th, we're booked and busy! 😍",[]
1508807653778202642,2,0,1,0,0,@TopGunMovie Μας γκαστρώσατε!,[]
1508802654717235207,3,0,0,1,0,@TopGunMovie We want Gaga’s song,[]
1508798901951905803,37,0,1,1,0,@TopGunMovie We want the GAGA song!!!!,[]
1508803245514309639,4,0,0,0,0,@TopGunMovie we want gaga's song https://t.co/vRlJRlNuDR,[]
1508816083809181714,1,0,1,0,0,@TopGunMovie @aplantonista,[]
1508794102015438853,52,1,20,1,1,@TopGunMovie Umm F-14 vs SU-57??? https://t.co/eh9rjC9bqH,[]
1508794245788094468,0,0,0,0,0,@TopGunMovie Peak cinema incoming,[]
1508795980489101319,5,0,0,0,0,@TopGunMovie @RexChapman https://t.co/J2c8r5tqn8,[]
1508892764146221066,1,0,0,0,0,@TopGunMovie This is absolutely begging to be seen in @IMAX,[]
1508796806532116480,16,0,2,1,1,@TopGunMovie @roybelly Hey @roybelly: I say we do a field trip to the movies.,[]
1508793579778441216,0,0,0,0,0,@TopGunMovie Tom Cruise,[]
1508876782967087106,1,0,1,0,0,@TopGunMovie @DFS_Almanac @DevoKnevo tell me ur gonna watch it guys!..,[]
1508795905742417933,27,0,2,1,0,@TopGunMovie we all want to hear gaga's song,[]
1508798096305799169,21,0,0,1,0,@TopGunMovie we need gaga’s song.,[]
1508795914143649800,0,0,0,0,0,@TopGunMovie https://t.co/Z49s5iIiNY,[]
1508798437994729475,2,0,0,0,0,@TopGunMovie Hold My Hand please 😁,[]
1508809642725498886,3,0,0,0,0,@TopGunMovie Movie going to be awesome no one gives a crap if Gaga has a song in it.,[]
1508800570613813256,4,0,0,0,0,@TopGunMovie Wow 😮😮🤩🤩 #TopGunMaverick #TomCruise https://t.co/BuIEiuZzdn,"[{'indices': [22, 37], 'text': 'TopGunMaverick'}, {'indices': [38, 48], 'text': 'TomCruise'}]"
1508915965307723777,0,0,0,0,0,@TopGunMovie Time to cash in now that the lock down is over,[]
1508794466554957832,0,0,0,0,0,@TopGunMovie finally .. good god,[]
1508802438366650380,62,0,0,0,0,"@TopGunMovie Apparently, there’s a Gaga song https://t.co/fNR93a5YQT",[]
1508825596083970052,10,0,1,0,0,"@TopGunMovie Finally! Thank you!

Could it have been inspiration from the Greek Airforce, one of the best Airforce in the world.

HAF 🔘🇬🇷🦅🇺🇸🇪🇺 https://t.co/r2ZKqZDCE9",[]
1509051698131603460,1,0,1,0,0,@TopGunMovie @uberstoic72 🍿🍫🥤,[]
1508807592247709710,2,0,0,0,0,@TopGunMovie https://t.co/u5fsJzcfDL,[]
1509367813244428294,0,0,0,0,0,@TopGunMovie Not falling for this again,[]
1508795303905968128,2,0,2,0,0,@TopGunMovie @KevinMcCarthyTV I want to see this more than just about any movie coming I can think of,[]
1508795346050330627,0,0,0,0,0,@TopGunMovie damn.,[]
1508816012430479374,12,0,1,0,0,@TopGunMovie I thought we'd get the song in the trailer the way we lost https://t.co/3Q04323MJx,[]
1508797220887347200,7,0,0,1,0,@TopGunMovie https://t.co/3srPVD0Ynt,[]
1508879538322919432,1,0,1,0,0,@TopGunMovie @Haciproductions koş maverick geliyor.,[]
1508794448142114823,49,0,0,1,0,@TopGunMovie Ugh we want Gaga theme song,[]
1508793573508014081,0,0,0,0,0,@TopGunMovie 🔥🔥🔥,[]
1509023192463069186,0,0,0,0,0,@TopGunMovie @sfalcon5139 @DimitriFalcon FINALLLY! #TopGun  You were in a 4G inverted dive with a Mig 28?,"[{'indices': [51, 58], 'text': 'TopGun'}]"
1508800601223843841,14,0,0,1,0,@TopGunMovie I don’t hear Gaga,[]
1508795943692480518,138,0,0,3,0,@TopGunMovie Lady Gaga's song when??,[]
1509004950977847299,0,0,0,0,0,@TopGunMovie With or without the #Taiwan flag?,"[{'indices': [33, 40], 'text': 'Taiwan'}]"
1508952107210231811,0,0,0,0,0,@TopGunMovie Looks insane!,[]
1508818108177338382,16,0,4,2,0,@TopGunMovie Hoping there is a way to watch outside of theaters. This is moms favorite movie of all time but she is no longer able to leave home due to rapid health decline. 🤞🏻 we can watch together. She was so excited when they made the movie announcement before Covid.,[]
1508932982010175492,0,0,0,0,0,@TopGunMovie 🇹🇼 🇯🇵,[]
1508796468341182469,0,0,0,0,0,@TopGunMovie https://t.co/mCZeLabzz6,[]
1509010606371659776,0,0,0,0,0,@TopGunMovie Def gonna be in the theater for this one,[]
1508935866156261379,0,0,0,0,0,@TopGunMovie i HAVE BEEN WAITING FOR THIS MY WHOLE LIFE,[]
1508796522749640720,0,0,0,0,0,"@TopGunMovie Oh, damn. I can't wait!",[]
1508802655354867719,1,0,1,0,0,@TopGunMovie Veio aí @lucassantanaor,[]
1508849588882472965,14,0,3,1,0,@TopGunMovie This is wonderful! I’d personally speculated that Ice Man would be CNO or SECNAV because Maverick would have to have a senior high powered ally in order to still be on active duty as a Captain after 30 years of service. Ice is his ally.,[]
1508795674254618624,79,0,1,1,0,@TopGunMovie Where is Gaga's song?????,[]
1508825548805615618,1,0,1,0,0,@TopGunMovie @II412NelloII @Burgaliciousdef,[]
1508798043625332741,360,3,32,8,4,@TopGunMovie LETS FUCKING GOOOOOO https://t.co/rFMsiETHP9,[]
1508804207410913281,3,0,0,0,0,@TopGunMovie Did I just spot me a Su-57?,[]
1508796133262434313,37,0,0,1,0,@TopGunMovie WHERE IS GAGAS SONG,[]
1508796376561463300,12,0,0,0,0,@TopGunMovie where's the song,[]
1508793278321278985,0,0,0,0,0,@TopGunMovie So pumped for this!!!!!,[]
1508793336869519361,113,0,0,0,0,@TopGunMovie is there or isn’t there a gaga song can y’all confirm or deny once and for all?? i’m tired….,[]
1508797291104280583,57,0,1,1,0,@TopGunMovie We want Gaga’s song,[]
1508794879895293963,0,0,0,0,0,@TopGunMovie I hear at the end of the movie they give the jets to Ukraine,[]
1508793589668749320,1,0,0,0,0,@TopGunMovie https://t.co/SMEXNSUvub,[]
1508803354805346311,7,0,0,0,0,@TopGunMovie And Gaga's song?,[]
1508805425369600003,1,0,1,0,0,@TopGunMovie @Andreadn34 🥰,[]
1508808584540430348,1,0,0,0,0,@TopGunMovie @Beverle76995527 mum/daughter date to watch this please 🙏 😬😍😍😍,[]
1508795192848969733,42,0,0,1,0,@TopGunMovie Where is Lady Gaga’s Song?,[]
1508795307081060356,0,0,1,0,0,@TopGunMovie @DReager1Blog,[]
1508882574772342786,8,0,7,0,0,@TopGunMovie never seen the original but i want to now,[]
1508823462248595456,4,0,0,0,0,@TopGunMovie I'm hoping that Cheap Trick's Mighty Wings is gonna play at one point in this movie. It's in the first film after all. A man can dream.,[]
1508822012113870855,2,0,0,0,0,@TopGunMovie I feel the need for speed !!,[]
1508937295033888768,49,0,0,3,0,@TopGunMovie running to grab our aviator glasses,[]
1508792145028825093,41,0,0,1,0,@TopGunMovie where's the soundtrack???,[]
1508904145356353536,0,0,1,0,0,@TopGunMovie My obligation to tag @BikeMan whenever Top Gun is involved,[]
1508797071138369537,7,0,0,0,0,@TopGunMovie Ok but where’s the Gaga song??????,[]
1508799511107616787,0,0,0,0,0,"@TopGunMovie @ParamountPics Actor who is waiting, movie is waiting",[]
1508837956244709383,7,0,0,0,0,@TopGunMovie Call little monsters clowns directly it’s better !! Is Gaga’s song coming yes or no 😒,[]
1508795569086607362,0,0,1,0,0,@TopGunMovie @mikejones83,[]
1508794919770591247,0,0,0,0,0,@TopGunMovie I’m so happy I will finally see it! 💖✈️,[]
1508794160605802498,80,0,0,1,0,@TopGunMovie We want a sneak peak of the TOP GUN SONG NOWWWWW,[]
1508944284657106947,0,0,0,0,0,@TopGunMovie OMG!,[]
1508804455722016770,5,0,0,0,0,@TopGunMovie Drop the Gaga song or we don't care,[]
1508798075153883143,4,0,1,0,0,"@TopGunMovie Top Gun: Maverick ""See you soon""...❤ https://t.co/K7e6EUdcX4",[]
1509183324841033736,0,0,0,0,0,@TopGunMovie I am not sure about the “My dad believed in you plot” - I see it speaks to some in the earlier comment and I respect that… for me it’s just a bit much.   Looks fun overall though!,[]
1508794429825499140,2,0,1,0,0,@TopGunMovie @RexChapman @HossSauced @thepapaSMARK I know you two have been waiting for this,[]